fecha,P_mm,ETP_mm,T_min_C,T_max_C,Q_m3s,Q_mm
2001-01-01,0.48,8.479,20.23,27.23,12.26,0.3085
2001-01-02,0.0,9.562,18.72,27.49,9.929,0.2498
2001-01-03,0.0,8.96,18.92,26.83,7.844,0.1974
2001-01-04,0.238,10.465,15.68,26.58,7.019,0.1766
2001-01-05,0.0,8.136,17.86,24.95,6.456,0.1624
2001-01-06,0.0,8.321,18.29,25.5,6.174,0.1553
2001-01-07,0.128,7.141,18.99,24.54,6.104,0.1536
2001-01-08,0.451,8.484,20.09,27.04,5.893,0.1483
2001-01-09,0.0,10.147,17.47,27.26,5.823,0.1465
2001-01-10,0.064,8.344,17.85,25.14,5.752,0.1447
2001-01-11,0.0,7.978,17.96,24.72,5.4,0.1359
2001-01-12,0.0,8.068,17.75,24.66,5.26,0.1323
2001-01-13,0.0,8.906,18.26,26.09,5.119,0.1288
2001-01-14,0.0,9.773,17.79,26.85,5.048,0.127
2001-01-15,0.0,8.946,17.96,25.88,5.189,0.1306
2001-01-16,0.035,8.201,18.22,25.08,4.908,0.1235
2001-01-17,0.0,8.069,18.55,25.14,4.415,0.1111
2001-01-18,2.492,8.003,18.73,25.18,4.415,0.1111
2001-01-19,0.0,9.344,18.08,26.37,4.415,0.1111
2001-01-20,0.296,8.143,20.0,26.31,4.134,0.104
2001-01-21,0.813,9.106,19.2,26.81,4.134,0.104
2001-01-22,3.532,8.609,18.8,25.88,4.204,0.1058
2001-01-23,0.0,8.17,18.35,24.96,4.204,0.1058
2001-01-24,0.0,9.639,18.48,26.87,3.993,0.1005
2001-01-25,0.166,10.297,18.96,28.02,3.922,0.0987
2001-01-26,0.766,9.488,18.8,26.84,3.852,0.0969
2001-01-27,0.0,8.919,18.11,25.62,4.063,0.1022
2001-01-28,1.186,8.962,18.39,25.86,4.063,0.1022
2001-01-29,0.0,9.694,18.06,26.48,3.852,0.0969
2001-01-30,0.0,10.314,16.67,26.25,3.571,0.0898
2001-01-31,0.0,10.054,16.75,25.93,3.43,0.0863
2001-02-01,0.0,9.478,17.33,25.59,3.289,0.0828
2001-02-02,0.0,10.32,17.57,26.79,3.289,0.0828
2001-02-03,0.0,9.66,16.97,25.5,3.289,0.0828
2001-02-04,0.022,10.464,18.06,27.23,3.289,0.0828
2001-02-05,3.505,10.257,18.33,27.14,3.289,0.0828
2001-02-06,1.556,10.09,19.57,27.78,3.289,0.0828
2001-02-07,0.736,9.273,20.44,27.46,3.289,0.0828
2001-02-08,0.451,8.936,19.64,26.42,3.148,0.0792
2001-02-09,0.288,9.465,20.21,27.45,3.148,0.0792
2001-02-10,0.0,8.97,18.77,25.74,3.007,0.0757
2001-02-11,0.0,8.156,19.58,25.4,3.007,0.0757
2001-02-12,0.0,9.386,19.76,26.92,3.007,0.0757
2001-02-13,0.0,9.76,20.06,27.54,3.007,0.0757
2001-02-14,0.0,8.532,19.29,25.52,3.007,0.0757
2001-02-15,0.0,9.152,18.89,25.9,3.007,0.0757
2001-02-16,0.0,9.205,19.06,26.06,2.867,0.0721
2001-02-17,1.139,10.519,18.53,27.17,2.937,0.0739
2001-02-18,0.974,8.542,18.96,25.16,2.867,0.0721
2001-02-19,0.0,9.279,17.79,25.08,2.867,0.0721
2001-02-20,0.0,10.216,17.32,25.82,2.867,0.0721
2001-02-21,0.0,10.358,17.01,25.73,2.726,0.0686
2001-02-22,0.227,10.18,16.6,25.18,2.726,0.0686
2001-02-23,0.143,10.642,16.51,25.64,2.726,0.0686
2001-02-24,0.022,9.172,18.28,25.2,2.656,0.0668
2001-02-25,0.045,9.94,17.42,25.4,2.585,0.065
2001-02-26,0.086,9.553,18.29,25.56,2.585,0.065
2001-02-27,0.0,11.665,15.86,26.29,2.585,0.065
2001-02-28,0.0,10.23,17.34,25.61,2.585,0.065
2001-03-01,0.0,11.121,16.97,26.33,2.585,0.065
2001-03-02,0.0,11.105,18.27,27.22,2.585,0.065
2001-03-03,0.0,11.611,18.35,27.85,2.585,0.065
2001-03-04,1.589,11.031,19.68,28.1,2.585,0.065
2001-03-05,6.891,8.678,20.66,26.28,2.585,0.065
2001-03-06,2.104,7.418,20.45,24.85,2.867,0.0721
2001-03-07,3.16,7.209,20.34,24.53,2.937,0.0739
2001-03-08,0.408,7.963,20.46,25.36,3.148,0.0792
2001-03-09,3.068,9.036,19.92,26.0,3.148,0.0792
2001-03-10,1.09,9.986,20.54,27.47,3.148,0.0792
2001-03-11,1.047,12.535,19.55,29.49,2.867,0.0721
2001-03-12,0.457,11.018,17.89,26.58,3.078,0.0774
2001-03-13,0.0,11.12,17.62,26.45,3.289,0.0828
2001-03-14,0.0,10.625,19.1,26.95,3.43,0.0863
2001-03-15,0.0,10.884,18.27,26.6,3.078,0.0774
2001-03-16,0.0,10.612,18.74,26.64,2.867,0.0721
2001-03-17,0.0,10.022,19.26,26.36,2.867,0.0721
2001-03-18,0.0,10.723,19.42,27.23,2.867,0.0721
2001-03-19,0.0,9.324,19.64,25.91,2.867,0.0721
2001-03-20,0.227,8.847,20.09,25.75,2.867,0.0721
2001-03-21,0.978,7.283,20.82,24.82,3.5,0.0881
2001-03-22,9.851,5.837,20.85,23.6,5.048,0.127
2001-03-23,1.929,5.257,20.35,22.67,5.823,0.1465
2001-03-24,3.322,8.405,20.42,25.54,5.893,0.1483
2001-03-25,6.168,9.654,20.84,27.12,5.048,0.127
2001-03-26,2.432,8.978,20.74,26.3,4.556,0.1146
2001-03-27,2.92,10.187,20.62,27.42,4.274,0.1075
2001-03-28,0.0,10.336,20.1,27.16,4.274,0.1075
2001-03-29,0.0,9.703,20.59,26.87,4.134,0.104
2001-03-30,0.0,11.447,20.19,28.38,4.063,0.1022
2001-03-31,0.0,10.908,20.51,28.03,3.922,0.0987
2001-04-01,0.0,12.036,20.07,28.88,3.641,0.0916
2001-04-02,0.217,12.875,19.09,29.07,3.359,0.0845
2001-04-03,0.0,12.777,18.03,28.2,3.148,0.0792
2001-04-04,0.0,10.77,18.25,26.17,3.008,0.0757
2001-04-05,0.031,9.293,18.86,25.05,2.867,0.0721
2001-04-06,1.392,9.603,20.09,26.33,2.867,0.0721
2001-04-07,0.807,9.963,20.92,27.35,2.867,0.0721
2001-04-08,4.306,10.726,20.2,27.53,2.867,0.0721
2001-04-09,0.564,10.903,19.81,27.41,2.726,0.0686
2001-04-10,3.82,8.981,20.52,26.04,2.726,0.0686
2001-04-11,1.619,7.4,20.24,24.29,2.726,0.0686
2001-04-12,4.179,7.913,20.72,25.16,2.726,0.0686
2001-04-13,5.252,9.471,20.67,26.61,2.585,0.065
2001-04-14,0.098,8.673,20.8,25.94,2.585,0.065
2001-04-15,0.0,10.294,20.0,26.9,2.585,0.065
2001-04-16,2.019,10.11,20.59,27.2,2.585,0.065
2001-04-17,3.303,6.16,20.89,23.76,2.726,0.0686
2001-04-18,3.325,10.144,20.86,27.43,2.726,0.0686
2001-04-19,3.416,8.806,20.8,26.06,2.867,0.0721
2001-04-20,3.402,6.993,20.95,24.52,2.867,0.0721
2001-04-21,3.397,10.596,19.74,27.01,2.867,0.0721
2001-04-22,1.436,8.645,19.66,24.97,3.148,0.0792
2001-04-23,0.192,10.085,18.8,25.78,3.148,0.0792
2001-04-24,0.0,10.505,19.22,26.53,3.148,0.0792
2001-04-25,0.0,9.197,20.42,26.14,3.007,0.0757
2001-04-26,1.634,7.076,21.36,24.98,3.007,0.0757
2001-04-27,3.151,8.771,21.37,26.54,2.867,0.0721
2001-04-28,2.427,8.302,21.77,26.38,2.726,0.0686
2001-04-29,5.211,6.896,22.3,25.6,2.656,0.0668
2001-04-30,4.857,8.345,21.88,26.52,2.585,0.065
2001-05-01,11.953,9.122,20.92,26.5,2.867,0.0721
2001-05-02,7.145,9.354,21.18,26.92,2.867,0.0721
2001-05-03,12.109,7.956,21.28,25.7,5.048,0.127
2001-05-04,14.486,8.597,21.47,26.45,4.204,0.1058
2001-05-05,5.478,9.009,21.09,26.52,4.696,0.1182
2001-05-06,5.603,9.835,20.38,26.79,13.36,0.3361
2001-05-07,9.574,7.661,21.12,25.28,43.52,1.095
2001-05-08,38.813,7.745,21.33,25.55,71.6,1.8014
2001-05-09,3.215,5.778,21.07,23.67,109.7,2.76
2001-05-10,19.414,9.315,21.0,26.81,159.3,4.008
2001-05-11,3.726,10.256,20.21,27.08,97.17,2.4448
2001-05-12,4.936,10.056,20.83,27.38,51.2,1.2882
2001-05-13,3.998,7.957,21.74,26.12,31.24,0.786
2001-05-14,15.249,6.611,21.92,25.09,28.26,0.711
2001-05-15,12.972,8.582,21.49,26.47,36.16,0.9098
2001-05-16,6.604,7.374,21.57,25.44,33.67,0.8471
2001-05-17,10.561,10.979,21.04,28.53,45.11,1.135
2001-05-18,7.356,10.189,22.27,28.68,90.07,2.2661
2001-05-19,4.35,8.426,21.82,26.62,83.73,2.1066
2001-05-20,11.772,9.151,21.46,27.05,82.47,2.0749
2001-05-21,9.052,9.794,20.84,27.2,93.6,2.355
2001-05-22,13.731,9.088,21.09,26.67,91.5,2.3021
2001-05-23,5.582,9.789,20.49,26.92,107.2,2.6971
2001-05-24,1.77,10.822,20.77,28.18,72.94,1.8352
2001-05-25,1.691,8.858,21.49,26.79,51.76,1.3023
2001-05-26,5.784,8.57,20.85,26.01,41.28,1.0386
2001-05-27,0.694,8.765,20.86,26.21,54.25,1.3649
2001-05-28,0.573,10.717,20.45,27.86,44.83,1.1279
2001-05-29,3.05,10.242,21.51,28.19,34.23,0.8612
2001-05-30,0.236,10.299,20.36,27.36,27.89,0.7017
2001-05-31,4.853,9.773,20.86,27.24,21.36,0.5374
2001-06-01,9.193,6.69,20.21,23.74,22.86,0.5752
2001-06-02,4.391,6.723,20.44,24.02,26.21,0.6594
2001-06-03,0.087,9.525,18.94,25.48,37.58,0.9455
2001-06-04,0.545,9.547,20.45,26.7,31.62,0.7956
2001-06-05,2.546,10.11,20.65,27.45,27.7,0.6969
2001-06-06,1.819,10.504,19.76,27.15,25.65,0.6453
2001-06-07,0.593,9.563,20.79,26.98,19.32,0.4861
2001-06-08,0.0,11.057,19.65,27.68,15.82,0.398
2001-06-09,0.0,11.172,20.58,28.5,13.73,0.3454
2001-06-10,0.0,11.54,20.39,28.75,12.02,0.3024
2001-06-11,1.983,10.014,21.12,27.74,10.3,0.2591
2001-06-12,0.123,9.456,20.71,26.81,9.07,0.2282
2001-06-13,0.0,9.69,19.92,26.46,7.966,0.2004
2001-06-14,0.035,9.461,20.03,26.32,7.16,0.1801
2001-06-15,1.006,10.466,20.74,27.9,6.737,0.1695
2001-06-16,2.274,10.198,20.35,27.32,6.174,0.1553
2001-06-17,1.939,10.459,20.32,27.59,5.823,0.1465
2001-06-18,2.938,10.626,20.94,28.21,6.245,0.1571
2001-06-19,0.0,11.135,20.27,28.27,5.682,0.143
2001-06-20,0.0,10.953,20.53,28.26,5.33,0.1341
2001-06-21,0.093,9.929,20.38,27.06,4.837,0.1217
2001-06-22,4.47,10.091,20.86,27.62,4.485,0.1128
2001-06-23,0.187,8.194,20.39,25.3,4.556,0.1146
2001-06-24,0.0,10.73,20.86,28.3,4.345,0.1093
2001-06-25,0.0,11.445,20.56,28.81,4.204,0.1058
2001-06-26,0.0,12.062,21.08,29.85,3.922,0.0987
2001-06-27,0.0,10.75,20.82,28.25,3.852,0.0969
2001-06-28,4.812,10.245,21.07,27.94,3.711,0.0934
2001-06-29,7.171,10.15,21.08,27.85,3.43,0.0863
2001-06-30,13.654,8.008,21.26,25.88,3.5,0.0881
2001-07-01,2.909,9.488,21.15,27.23,3.43,0.0863
2001-07-02,0.0,11.934,20.18,29.04,3.43,0.0863
2001-07-03,0.811,10.064,21.02,27.68,3.43,0.0863
2001-07-04,0.0,10.917,21.37,28.83,3.359,0.0845
2001-07-05,0.344,11.53,20.95,29.17,3.078,0.0774
2001-07-06,5.679,10.945,20.95,28.57,2.937,0.0739
2001-07-07,14.842,10.708,21.44,28.67,3.43,0.0863
2001-07-08,5.632,9.915,21.04,27.57,3.5,0.0881
2001-07-09,12.142,8.799,20.44,25.96,28.72,0.7226
2001-07-10,13.855,8.972,21.72,27.16,36.57,0.9201
2001-07-11,10.731,9.489,20.92,27.03,21.51,0.5412
2001-07-12,1.585,11.155,21.11,28.87,11.4,0.2868
2001-07-13,0.0,13.02,21.17,30.88,7.844,0.1974
2001-07-14,0.742,9.441,21.44,27.37,5.963,0.15
2001-07-15,8.88,8.304,21.23,26.1,12.75,0.3208
2001-07-16,0.88,10.878,21.75,29.07,11.65,0.2931
2001-07-17,7.06,9.919,21.28,27.7,10.3,0.2591
2001-07-18,1.227,10.775,20.98,28.34,8.58,0.2159
2001-07-19,0.0,11.153,21.12,28.85,5.893,0.1483
2001-07-20,3.099,10.974,21.58,29.02,8.58,0.2159
2001-07-21,3.423,13.122,20.44,30.43,6.104,0.1536
2001-07-22,0.317,12.315,21.39,30.26,5.471,0.1376
2001-07-23,12.262,12.095,20.78,29.58,5.4,0.1359
2001-07-24,2.025,12.547,21.78,30.76,4.908,0.1235
2001-07-25,4.268,12.384,21.21,30.19,5.471,0.1376
2001-07-26,1.224,9.202,20.95,26.71,4.485,0.1128
2001-07-27,5.383,11.916,21.1,29.6,4.204,0.1058
2001-07-28,12.5,11.11,21.06,28.72,4.767,0.1199
2001-07-29,0.0,12.602,21.03,30.24,4.556,0.1146
2001-07-30,2.206,11.512,21.6,29.53,4.274,0.1075
2001-07-31,12.851,10.967,20.62,28.24,6.681,0.1681
2001-08-01,0.87,12.916,20.9,30.49,8.702,0.2189
2001-08-02,0.0,10.998,21.2,28.69,7.475,0.1881
2001-08-03,3.033,11.3,21.83,29.48,7.789,0.196
2001-08-04,7.301,10.19,21.07,27.78,6.315,0.1589
2001-08-05,1.612,10.157,20.82,27.56,5.893,0.1483
2001-08-06,0.952,11.979,21.72,30.06,5.048,0.127
2001-08-07,0.0,10.772,21.83,28.93,4.345,0.1093
2001-08-08,1.553,10.578,21.16,28.21,4.063,0.1022
2001-08-09,2.936,11.211,21.1,28.81,4.274,0.1075
2001-08-10,0.088,12.143,21.17,29.83,14.1,0.3548
2001-08-11,3.145,11.266,21.2,28.95,7.053,0.1775
2001-08-12,0.976,11.444,21.46,29.3,5.4,0.1359
2001-08-13,0.405,10.625,21.52,28.52,4.626,0.1164
2001-08-14,0.0,13.346,21.13,31.04,4.063,0.1022
2001-08-15,0.533,13.534,21.04,31.19,3.852,0.0969
2001-08-16,0.066,12.929,22.19,31.36,3.782,0.0952
2001-08-17,1.254,10.602,22.39,29.15,3.571,0.0898
2001-08-18,0.682,11.201,21.92,29.44,3.43,0.0863
2001-08-19,10.016,12.526,22.46,31.16,4.908,0.1235
2001-08-20,15.472,12.917,21.86,31.12,9.439,0.2375
2001-08-21,0.0,13.448,22.55,32.17,17.9,0.4504
2001-08-22,5.999,11.948,22.08,30.29,7.194,0.181
2001-08-23,7.908,11.628,21.34,29.41,13.86,0.3487
2001-08-24,7.801,11.513,20.82,28.89,31.65,0.7963
2001-08-25,13.091,10.272,21.22,27.94,18.59,0.4677
2001-08-26,13.938,11.889,21.17,29.61,21.38,0.5379
2001-08-27,8.697,11.721,21.33,29.51,24.53,0.6172
2001-08-28,5.744,10.92,21.4,28.76,24.93,0.6272
2001-08-29,2.662,12.146,20.99,29.72,19.38,0.4876
2001-08-30,5.26,11.737,21.21,29.46,26.21,0.6594
2001-08-31,5.074,12.411,21.71,30.52,15.45,0.3887
2001-09-01,3.514,12.622,21.37,30.5,12.02,0.3024
2001-09-02,10.695,11.791,20.72,29.17,14.71,0.3701
2001-09-03,2.251,11.519,21.0,29.12,12.26,0.3085
2001-09-04,10.015,11.362,21.04,28.98,14.59,0.3671
2001-09-05,7.312,10.796,21.36,28.65,12.51,0.3147
2001-09-06,5.71,8.891,21.63,26.95,9.684,0.2436
2001-09-07,4.932,11.933,20.79,29.44,18.66,0.4695
2001-09-08,0.264,11.371,20.83,28.88,11.03,0.2775
2001-09-09,0.519,10.222,20.92,27.74,7.966,0.2004
2001-09-10,0.0,11.677,20.85,29.22,6.737,0.1695
2001-09-11,4.875,10.202,20.94,27.74,6.104,0.1536
2001-09-12,2.759,10.297,21.14,28.0,5.752,0.1447
2001-09-13,4.779,11.0,20.61,28.4,5.752,0.1447
2001-09-14,13.066,7.261,20.62,24.65,7.335,0.1845
2001-09-15,1.601,10.664,20.21,27.74,11.28,0.2838
2001-09-16,3.671,13.01,20.26,30.32,8.948,0.2251
2001-09-17,0.0,12.534,20.55,30.04,7.405,0.1863
2001-09-18,0.856,7.974,20.72,25.46,6.104,0.1536
2001-09-19,11.182,10.611,20.8,28.21,8.98,0.2259
2001-09-20,5.918,11.747,19.99,28.82,9.929,0.2498
2001-09-21,2.78,12.64,20.34,30.08,8.089,0.2035
2001-09-22,21.197,9.198,20.63,26.65,11.28,0.2838
2001-09-23,10.265,8.378,20.27,25.55,15.94,0.401
2001-09-24,9.74,9.374,20.12,26.45,59.37,1.4937
2001-09-25,0.0,11.784,20.32,29.22,30.68,0.7719
2001-09-26,1.28,12.653,20.74,30.49,18.27,0.4597
2001-09-27,9.167,9.07,21.5,27.28,14.59,0.3671
2001-09-28,8.811,7.693,20.96,25.5,16.8,0.4227
2001-09-29,2.22,10.457,20.28,27.83,16.92,0.4257
2001-09-30,5.558,7.508,21.57,25.86,13.98,0.3517
2001-10-01,2.88,11.269,21.0,29.31,11.52,0.2898
2001-10-02,4.026,11.759,21.36,30.11,9.439,0.2375
2001-10-03,10.184,9.09,21.61,27.48,9.684,0.2436
2001-10-04,1.299,10.917,21.25,29.19,9.07,0.2282
2001-10-05,0.051,9.678,20.81,27.54,8.334,0.2097
2001-10-06,4.085,10.264,20.56,28.03,7.282,0.1832
2001-10-07,13.878,7.916,21.04,25.95,6.949,0.1748
2001-10-08,0.0,10.308,20.74,28.24,7.844,0.1974
2001-10-09,3.215,9.95,21.23,28.23,7.16,0.1801
2001-10-10,19.273,9.384,20.34,26.99,10.91,0.2745
2001-10-11,19.091,7.165,21.34,25.5,13.12,0.3301
2001-10-12,5.666,10.845,21.04,29.2,13.86,0.3487
2001-10-13,6.844,10.734,21.17,29.19,16.43,0.4134
2001-10-14,11.122,8.474,21.36,26.9,21.56,0.5424
2001-10-15,7.672,9.882,20.04,27.44,23.41,0.589
2001-10-16,19.077,8.39,19.68,25.54,20.25,0.5095
2001-10-17,22.023,8.392,19.02,25.04,22.86,0.5752
2001-10-18,2.666,9.146,19.21,26.06,39.46,0.9928
2001-10-19,6.59,9.478,19.55,26.72,101.1,2.5437
2001-10-20,0.876,7.869,21.13,26.22,87.7,2.2065
2001-10-21,8.834,9.847,21.01,28.33,107.3,2.6996
2001-10-22,1.82,9.63,20.1,27.38,75.96,1.9111
2001-10-23,2.617,8.426,20.5,26.38,52.64,1.3244
2001-10-24,8.421,6.61,20.48,24.48,52.02,1.3088
2001-10-25,14.2,8.822,20.3,26.74,72.09,1.8138
2001-10-26,3.703,8.149,21.67,27.09,60.55,1.5234
2001-10-27,8.43,7.584,20.74,25.76,52.57,1.3227
2001-10-28,37.256,6.873,20.73,25.04,65.85,1.6568
2001-10-29,6.247,8.695,20.35,26.73,100.3,2.5235
2001-10-30,11.208,6.555,20.53,24.58,83.82,2.1089
2001-10-31,31.335,5.908,20.43,23.87,86.99,2.1887
2001-11-01,8.381,6.285,19.77,23.68,110.3,2.7751
2001-11-02,0.202,6.575,19.51,23.81,138.2,3.4771
2001-11-03,4.913,6.159,19.07,22.99,160.8,4.0457
2001-11-04,0.0,7.889,20.08,25.81,211.3,5.3163
2001-11-05,0.0,7.584,20.27,25.58,128.0,3.2205
2001-11-06,0.0,7.543,20.34,25.62,101.3,2.5487
2001-11-07,0.0,8.906,19.96,26.92,68.83,1.7317
2001-11-08,6.29,8.919,20.6,27.44,54.02,1.3591
2001-11-09,2.245,8.559,20.37,26.88,46.39,1.1672
2001-11-10,2.198,7.856,20.14,25.92,39.09,0.9835
2001-11-11,9.645,7.643,20.8,26.23,32.92,0.8283
2001-11-12,4.584,7.383,21.1,26.21,43.97,1.1063
2001-11-13,24.554,5.398,20.77,23.88,39.68,0.9983
2001-11-14,29.505,6.872,20.56,25.23,77.52,1.9504
2001-11-15,1.003,7.527,20.17,25.65,67.22,1.6912
2001-11-16,6.202,8.771,19.8,26.88,54.32,1.3667
2001-11-17,1.192,8.757,20.17,27.16,42.57,1.0711
2001-11-18,11.552,6.887,20.84,25.53,46.74,1.176
2001-11-19,34.753,6.8,21.05,25.62,39.02,0.9817
2001-11-20,9.114,5.468,20.59,23.84,35.53,0.8939
2001-11-21,11.399,6.086,20.63,24.56,77.62,1.9529
2001-11-22,10.822,7.455,20.29,25.84,112.0,2.8179
2001-11-23,0.08,8.443,20.67,27.3,89.31,2.247
2001-11-24,0.0,8.536,20.56,27.37,65.02,1.6359
2001-11-25,8.852,7.811,20.22,26.2,50.97,1.2824
2001-11-26,13.157,5.376,21.05,24.2,40.35,1.0152
2001-11-27,0.317,6.389,20.45,24.82,34.41,0.8657
2001-11-28,0.0,6.905,19.83,24.91,42.33,1.065
2001-11-29,0.0,7.463,19.05,24.94,34.41,0.8657
2001-11-30,0.0,7.602,18.98,25.09,27.89,0.7017
2001-12-01,0.0,7.001,19.16,24.51,25.09,0.6313
2001-12-02,0.0,7.332,19.77,25.43,22.86,0.5752
2001-12-03,0.0,7.87,19.76,26.07,19.25,0.4843
2001-12-04,0.0,8.441,19.56,26.64,17.9,0.4504
2001-12-05,0.0,7.722,19.99,26.07,16.68,0.4197
2001-12-06,0.424,8.368,20.51,27.3,16.06,0.4041
2001-12-07,0.0,7.569,20.83,26.58,14.84,0.3734
2001-12-08,0.0,7.496,20.75,26.47,13.86,0.3487
2001-12-09,3.877,6.904,21.38,26.27,13.49,0.3394
2001-12-10,8.7,6.98,21.39,26.36,13.36,0.3361
2001-12-11,0.119,7.082,21.43,26.52,12.87,0.3238
2001-12-12,0.262,7.62,21.18,26.97,11.89,0.2991
2001-12-13,0.0,7.365,20.94,26.48,10.42,0.2622
2001-12-14,3.254,8.003,20.38,26.83,9.807,0.2467
2001-12-15,3.459,8.684,19.8,27.24,9.316,0.2344
2001-12-16,0.0,7.823,20.39,26.65,9.316,0.2344
2001-12-17,0.792,6.523,21.48,25.95,11.4,0.2868
2001-12-18,2.278,7.384,21.79,27.26,9.561,0.2406
2001-12-19,10.592,6.369,21.95,26.18,9.07,0.2282
2001-12-20,14.118,7.388,21.31,26.82,8.58,0.2159
2001-12-21,6.814,6.255,21.29,25.5,12.51,0.3147
2001-12-22,9.567,7.862,21.65,27.69,8.948,0.2251
2001-12-23,4.162,7.216,21.11,26.46,8.702,0.2189
2001-12-24,0.176,7.55,21.0,26.76,8.702,0.2189
2001-12-25,0.876,6.747,20.91,25.72,8.457,0.2128
2001-12-26,7.874,6.433,20.78,25.24,13.24,0.3331
2001-12-27,6.896,7.3,20.92,26.38,22.12,0.5565
2001-12-28,0.0,6.911,20.92,25.94,17.17,0.432
2001-12-29,0.0,8.36,20.68,27.45,12.38,0.3115
2001-12-30,0.0,6.887,21.51,26.35,10.3,0.2591
2001-12-31,0.0,8.072,20.68,27.09,9.561,0.2406
2002-01-01,0.0,9.054,19.82,27.68,8.58,0.2159
2002-01-02,0.0,9.014,18.92,26.94,8.089,0.2035
2002-01-03,0.0,8.229,19.7,26.5,7.475,0.1881
2002-01-04,0.0,8.941,19.68,27.38,6.878,0.173
2002-01-05,1.037,7.314,19.64,25.3,6.597,0.166
2002-01-06,0.107,7.173,20.28,25.6,6.034,0.1518
2002-01-07,0.0,8.589,19.92,27.03,5.752,0.1447
2002-01-08,0.0,9.569,18.78,27.44,5.471,0.1376
2002-01-09,0.0,10.158,17.79,27.48,5.33,0.1341
2002-01-10,0.0,9.785,16.56,26.12,5.048,0.127
2002-01-11,0.0,10.311,16.58,26.83,4.978,0.1252
2002-01-12,0.0,7.894,19.02,25.39,4.837,0.1217
2002-01-13,0.0,8.489,19.13,26.2,4.837,0.1217
2002-01-14,1.419,8.718,20.83,27.77,4.415,0.1111
2002-01-15,0.301,8.739,20.63,27.61,4.415,0.1111
2002-01-16,0.0,7.376,20.35,25.76,4.345,0.1093
2002-01-17,0.0,9.069,17.83,25.9,4.204,0.1058
2002-01-18,0.0,8.927,18.75,26.38,4.134,0.104
2002-01-19,0.0,9.113,18.91,26.7,3.993,0.1005
2002-01-20,0.0,7.459,19.8,25.33,3.782,0.0952
2002-01-21,0.0,9.043,19.3,26.82,3.711,0.0934
2002-01-22,0.0,8.161,19.71,26.03,3.641,0.0916
2002-01-23,3.234,8.306,20.72,26.99,3.571,0.0898
2002-01-24,0.0,8.406,20.01,26.53,3.43,0.0863
2002-01-25,0.0,10.409,18.35,27.75,3.359,0.0845
2002-01-26,0.0,9.279,19.89,27.43,3.289,0.0828
2002-01-27,0.0,9.705,19.04,27.3,3.148,0.0792
2002-01-28,0.0,8.344,20.49,26.74,3.007,0.0757
2002-01-29,0.0,6.953,20.5,25.18,3.007,0.0757
2002-01-30,0.0,8.221,20.35,26.42,2.867,0.0721
2002-01-31,3.347,8.019,20.59,26.36,2.867,0.0721
2002-02-01,0.0,7.759,20.47,25.92,2.867,0.0721
2002-02-02,0.495,8.221,21.11,26.96,2.867,0.0721
2002-02-03,1.651,6.967,20.78,25.27,2.867,0.0721
2002-02-04,7.72,9.072,19.34,26.47,2.726,0.0686
2002-02-05,0.0,8.778,19.21,25.98,2.796,0.0703
2002-02-06,0.0,10.861,17.53,27.28,2.867,0.0721
2002-02-07,0.0,9.647,18.56,26.5,2.867,0.0721
2002-02-08,0.493,9.53,20.05,27.42,2.726,0.0686
2002-02-09,0.0,8.402,19.64,25.76,2.796,0.0703
2002-02-10,0.0,9.012,19.76,26.53,2.726,0.0686
2002-02-11,0.0,10.319,19.14,27.59,2.726,0.0686
2002-02-12,0.0,11.565,17.81,28.13,2.585,0.065
2002-02-13,0.062,10.13,19.45,27.55,2.585,0.065
2002-02-14,0.0,11.085,19.09,28.36,2.444,0.0615
2002-02-15,0.0,11.593,19.33,29.12,2.444,0.0615
2002-02-16,0.0,11.541,19.71,29.26,2.444,0.0615
2002-02-17,0.0,11.161,20.72,29.51,2.444,0.0615
2002-02-18,0.258,9.484,21.02,27.82,2.444,0.0615
2002-02-19,0.018,9.467,20.41,27.29,2.444,0.0615
2002-02-20,0.0,10.904,20.24,28.76,2.444,0.0615
2002-02-21,0.0,11.088,18.24,27.52,2.444,0.0615
2002-02-22,0.0,12.575,18.36,29.3,2.444,0.0615
2002-02-23,0.0,11.494,20.02,29.17,2.444,0.0615
2002-02-24,0.0,11.812,20.42,29.77,2.374,0.0597
2002-02-25,0.06,12.433,19.8,30.01,2.304,0.058
2002-02-26,0.0,12.964,19.1,30.1,2.304,0.058
2002-02-27,0.0,10.623,20.56,28.42,2.304,0.058
2002-02-28,0.0,13.185,17.16,28.99,2.304,0.058
2002-03-01,0.0,12.555,18.32,29.0,2.304,0.058
2002-03-02,0.0,12.011,19.86,29.41,2.304,0.058
2002-03-03,0.0,12.112,19.93,29.52,2.304,0.058
2002-03-04,0.0,12.997,18.9,29.77,2.304,0.058
2002-03-05,0.0,10.055,19.86,27.1,2.304,0.058
2002-03-06,0.0,11.537,18.0,27.42,2.304,0.058
2002-03-07,0.0,12.815,18.17,28.96,2.233,0.0562
2002-03-08,0.0,12.304,19.16,29.04,2.163,0.0544
2002-03-09,0.0,13.095,19.28,29.98,2.163,0.0544
2002-03-10,0.0,12.449,20.3,29.96,2.163,0.0544
2002-03-11,0.0,10.246,20.99,28.06,2.163,0.0544
2002-03-12,3.843,11.231,20.57,28.73,2.163,0.0544
2002-03-13,0.353,11.835,20.96,29.65,2.163,0.0544
2002-03-14,1.052,11.066,20.59,28.54,2.163,0.0544
2002-03-15,0.435,10.048,20.83,27.64,2.163,0.0544
2002-03-16,0.968,9.116,21.62,27.31,2.163,0.0544
2002-03-17,0.143,11.144,21.49,29.24,2.022,0.0509
2002-03-18,0.573,9.727,21.58,27.84,2.022,0.0509
2002-03-19,1.039,10.89,21.2,28.71,2.022,0.0509
2002-03-20,2.73,8.841,21.66,27.0,2.022,0.0509
2002-03-21,0.048,7.283,20.99,24.96,2.022,0.0509
2002-03-22,2.092,8.147,21.52,26.21,2.022,0.0509
2002-03-23,4.437,11.061,21.44,29.02,2.022,0.0509
2002-03-24,2.975,11.264,21.24,29.06,2.022,0.0509
2002-03-25,1.645,12.444,20.57,29.77,2.515,0.0633
2002-03-26,0.056,10.683,21.4,28.53,3.852,0.0969
2002-03-27,0.0,9.545,21.41,27.39,2.233,0.0562
2002-03-28,0.0,8.936,21.25,26.65,2.163,0.0544
2002-03-29,0.0,9.764,21.3,27.52,2.163,0.0544
2002-03-30,0.0,10.249,20.94,27.72,2.163,0.0544
2002-03-31,0.0,11.682,20.89,29.14,2.163,0.0544
2002-04-01,0.039,9.432,21.54,27.34,2.163,0.0544
2002-04-02,0.13,8.914,21.54,26.84,2.163,0.0544
2002-04-03,3.46,8.747,21.2,26.4,2.163,0.0544
2002-04-04,1.005,10.169,21.74,28.2,2.163,0.0544
2002-04-05,1.716,8.985,20.94,26.4,2.022,0.0509
2002-04-06,4.75,4.932,21.61,23.51,2.022,0.0509
2002-04-07,1.54,7.527,21.18,25.25,2.022,0.0509
2002-04-08,1.237,10.114,20.96,27.49,2.022,0.0509
2002-04-09,1.215,11.027,20.44,28.03,2.022,0.0509
2002-04-10,0.12,10.106,19.92,26.7,2.022,0.0509
2002-04-11,0.0,9.619,19.87,26.14,2.022,0.0509
2002-04-12,0.0,11.556,18.23,26.92,2.022,0.0509
2002-04-13,0.0,9.401,19.5,25.61,2.022,0.0509
2002-04-14,0.472,10.15,19.96,26.76,2.163,0.0544
2002-04-15,0.0,10.11,20.28,26.92,2.163,0.0544
2002-04-16,0.045,12.783,19.51,29.16,2.163,0.0544
2002-04-17,0.537,10.411,20.93,27.74,2.022,0.0509
2002-04-18,16.492,10.144,21.41,27.87,2.022,0.0509
2002-04-19,11.791,8.23,21.26,25.89,4.345,0.1093
2002-04-20,3.125,8.827,21.17,26.38,7.208,0.1814
2002-04-21,2.574,9.183,21.01,26.62,8.035,0.2022
2002-04-22,3.77,10.5,22.21,28.86,17.17,0.432
2002-04-23,5.812,8.578,21.89,26.74,8.825,0.222
2002-04-24,3.421,9.62,22.01,27.81,7.966,0.2004
2002-04-25,5.128,9.715,21.18,27.23,11.28,0.2838
2002-04-26,8.473,10.122,20.88,27.43,12.63,0.3178
2002-04-27,0.0,11.466,20.14,28.22,8.334,0.2097
2002-04-28,0.049,11.427,20.39,28.36,6.667,0.1677
2002-04-29,0.0,10.462,20.28,27.29,5.33,0.1341
2002-04-30,1.533,9.854,20.98,27.22,4.767,0.1199
2002-05-01,0.073,12.182,19.8,28.77,4.063,0.1022
2002-05-02,0.189,10.869,21.73,28.82,3.5,0.0881
2002-05-03,0.41,9.189,21.83,27.27,3.359,0.0845
2002-05-04,2.3,9.357,20.89,26.67,3.289,0.0828
2002-05-05,0.451,8.299,21.35,26.06,3.078,0.0774
2002-05-06,1.556,8.032,21.81,26.19,2.726,0.0686
2002-05-07,4.677,7.699,21.52,25.63,2.444,0.0615
2002-05-08,1.567,8.643,21.1,26.18,2.304,0.058
2002-05-09,1.112,8.95,21.9,27.15,2.304,0.058
2002-05-10,3.109,9.167,21.96,27.41,9.66,0.243
2002-05-11,7.451,9.889,21.31,27.59,13.36,0.3361
2002-05-12,,,,,,
2002-05-13,,,,,,
2002-05-14,,,,,,
2002-05-15,,,,,,
2002-05-16,,,,,,
2002-05-17,,,,,,
2002-05-18,,,,,,
2002-05-19,,,,,,
2002-05-20,,,,,,
2002-05-21,,,,,,
2002-05-22,,,,,,
2002-05-23,,,,,,
2002-05-24,,,,,,
2002-05-25,,,,,,
2002-05-26,,,,,,
2002-05-27,,,,,,
2002-05-28,,,,,,
2002-05-29,,,,,,
2002-05-30,,,,,,
2002-05-31,,,,,,
2002-06-01,6.373,10.149,21.42,28.05,90.9,2.287
2002-06-02,15.048,10.839,20.96,28.43,88.77,2.2334
2002-06-03,4.411,10.241,20.62,27.55,58.57,1.4736
2002-06-04,6.166,8.389,21.41,26.35,45.11,1.135
2002-06-05,15.965,8.041,19.94,24.77,59.88,1.5066
2002-06-06,11.867,8.927,19.97,25.69,81.14,2.0415
2002-06-07,18.34,9.019,20.6,26.3,172.7,4.3451
2002-06-08,2.415,10.174,21.31,28.02,111.6,2.8078
2002-06-09,17.621,8.684,21.6,26.77,74.62,1.8774
2002-06-10,6.17,9.908,21.1,27.58,66.92,1.6837
2002-06-11,7.496,9.147,21.78,27.44,61.88,1.5569
2002-06-12,10.169,10.215,20.8,27.71,160.1,4.0281
2002-06-13,0.298,10.329,20.52,27.57,86.64,2.1798
2002-06-14,0.058,10.141,21.12,27.86,52.76,1.3274
2002-06-15,4.249,10.202,20.1,27.14,51.89,1.3055
2002-06-16,3.958,8.185,21.28,26.04,41.01,1.0318
2002-06-17,0.111,10.639,20.82,28.16,34.78,0.8751
2002-06-18,2.797,8.713,20.86,26.24,31.62,0.7956
2002-06-19,0.05,9.87,21.19,27.63,26.02,0.6547
2002-06-20,0.053,10.024,21.08,27.7,23.79,0.5986
2002-06-21,0.865,9.662,20.92,27.21,20.43,0.514
2002-06-22,1.771,10.519,21.28,28.4,19.5,0.4906
2002-06-23,0.358,10.294,21.65,28.42,19.63,0.4939
2002-06-24,2.584,9.737,21.15,27.49,18.27,0.4597
2002-06-25,0.584,11.228,20.28,28.36,25.65,0.6453
2002-06-26,0.469,8.488,21.04,26.14,21.74,0.547
2002-06-27,1.605,10.426,20.53,27.7,16.43,0.4134
2002-06-28,0.043,12.184,19.5,28.85,13.86,0.3487
2002-06-29,1.097,9.57,20.56,26.84,12.38,0.3115
2002-06-30,1.437,8.962,20.67,26.3,11.4,0.2868
2002-07-01,0.0,10.724,21.09,28.43,10.67,0.2685
2002-07-02,0.0,11.424,20.79,28.97,9.684,0.2436
2002-07-03,0.0,12.675,20.74,30.24,8.212,0.2066
2002-07-04,0.071,11.542,21.41,29.54,7.353,0.185
2002-07-05,4.099,11.25,21.32,29.14,6.597,0.166
2002-07-06,6.558,9.891,20.81,27.34,6.315,0.1589
2002-07-07,0.297,10.667,21.0,28.29,6.597,0.166
2002-07-08,1.521,11.181,21.59,29.27,6.456,0.1624
2002-07-09,1.586,11.839,21.76,30.08,6.174,0.1553
2002-07-10,0.937,10.271,22.15,28.76,6.034,0.1518
2002-07-11,3.025,10.673,21.53,28.71,5.893,0.1483
2002-07-12,4.042,10.275,21.9,28.58,7.14,0.1796
2002-07-13,0.987,11.664,21.39,29.61,6.808,0.1713
2002-07-14,2.111,10.792,22.22,29.34,6.104,0.1536
2002-07-15,0.738,10.686,21.62,28.8,5.893,0.1483
2002-07-16,0.838,10.733,21.25,28.51,5.611,0.1412
2002-07-17,0.102,11.388,20.9,28.93,5.471,0.1376
2002-07-18,6.363,8.258,21.91,26.58,5.119,0.1288
2002-07-19,2.379,11.028,21.09,28.7,4.485,0.1128
2002-07-20,0.012,11.513,20.61,28.84,5.119,0.1288
2002-07-21,0.706,12.691,20.32,29.88,4.485,0.1128
2002-07-22,0.0,10.677,19.86,27.38,4.204,0.1058
2002-07-23,0.0,11.141,20.12,28.08,3.922,0.0987
2002-07-24,0.0,11.747,21.46,29.7,3.641,0.0916
2002-07-25,0.75,10.292,20.94,27.79,3.571,0.0898
2002-07-26,2.683,11.495,20.95,29.06,3.43,0.0863
2002-07-27,0.046,11.727,21.59,29.77,3.289,0.0828
2002-07-28,1.091,11.047,21.0,28.6,3.219,0.081
2002-07-29,1.72,11.749,22.15,30.2,3.148,0.0792
2002-07-30,0.0,13.193,21.91,31.51,3.148,0.0792
2002-07-31,0.0,11.987,21.52,29.96,3.148,0.0792
2002-08-01,0.498,11.458,21.34,29.27,3.148,0.0792
2002-08-02,8.469,12.567,21.51,30.54,3.148,0.0792
2002-08-03,4.998,12.587,20.75,30.0,3.148,0.0792
2002-08-04,10.679,11.804,21.18,29.52,4.485,0.1128
2002-08-05,10.413,11.579,20.7,28.93,4.978,0.1252
2002-08-06,1.104,11.639,20.81,29.03,9.929,0.2498
2002-08-07,1.478,11.262,21.75,29.38,5.682,0.143
2002-08-08,9.746,11.41,21.76,29.51,5.33,0.1341
2002-08-09,9.707,10.618,21.38,28.44,5.541,0.1394
2002-08-10,1.333,11.731,21.56,29.7,4.626,0.1164
2002-08-11,2.099,11.076,21.53,28.99,4.274,0.1075
2002-08-12,4.022,11.758,21.96,30.02,3.993,0.1005
2002-08-13,0.253,12.246,22.03,30.54,3.993,0.1005
2002-08-14,0.0,12.09,21.54,30.01,3.852,0.0969
2002-08-15,0.009,13.151,22.03,31.5,3.57,0.0898
2002-08-16,1.492,12.932,21.62,30.96,3.289,0.0828
2002-08-17,0.48,11.944,21.48,29.83,9.807,0.2467
2002-08-18,1.543,12.522,21.09,30.14,9.193,0.2313
2002-08-19,5.654,10.333,21.52,28.22,8.212,0.2066
2002-08-20,4.378,10.768,21.64,28.76,5.611,0.1412
2002-08-21,11.427,13.218,21.6,31.26,5.893,0.1483
2002-08-22,0.123,13.497,21.78,31.68,6.174,0.1553
2002-08-23,3.201,11.51,21.7,29.56,5.893,0.1483
2002-08-24,8.744,11.826,21.93,30.08,9.523,0.2396
2002-08-25,4.778,11.427,22.22,29.89,19.67,0.4949
2002-08-26,17.055,11.29,22.03,29.59,10.79,0.2715
2002-08-27,19.895,9.872,21.18,27.56,19.25,0.4843
2002-08-28,14.776,10.832,20.62,28.07,18.4,0.4629
2002-08-29,15.89,8.862,20.89,26.3,62.12,1.5629
2002-08-30,10.896,9.015,20.43,26.1,32.99,0.83
2002-08-31,2.282,11.17,21.46,29.08,15.33,0.3857
2002-09-01,5.383,11.81,20.63,29.14,12.87,0.3238
2002-09-02,10.599,11.372,20.95,28.92,11.65,0.2931
2002-09-03,12.212,11.558,19.92,28.37,36.01,0.906
2002-09-04,10.292,11.585,20.74,29.02,22.86,0.5752
2002-09-05,7.268,11.595,20.74,29.06,17.78,0.4473
2002-09-06,7.478,12.139,21.2,29.95,13.98,0.3517
2002-09-07,7.991,11.788,21.04,29.47,13.49,0.3394
2002-09-08,3.928,11.126,22.08,29.56,16.43,0.4134
2002-09-09,3.58,11.044,21.39,28.97,13.12,0.3301
2002-09-10,12.174,9.864,20.7,27.25,11.65,0.2931
2002-09-11,3.072,8.475,20.54,25.73,10.67,0.2685
2002-09-12,1.893,9.814,20.84,27.35,16.68,0.4197
2002-09-13,7.175,10.368,20.52,27.68,14.84,0.3734
2002-09-14,4.146,10.588,21.28,28.46,17.05,0.429
2002-09-15,4.144,8.958,20.98,26.59,13.12,0.3301
2002-09-16,2.735,11.176,20.2,28.31,11.77,0.2961
2002-09-17,8.131,9.941,20.77,27.44,12.02,0.3024
2002-09-18,4.7,9.705,20.91,27.35,9.439,0.2375
2002-09-19,5.709,10.23,19.82,27.08,25.65,0.6453
2002-09-20,6.392,11.286,20.42,28.66,16.43,0.4134
2002-09-21,4.987,11.494,20.99,29.33,16.8,0.4227
2002-09-22,4.656,10.691,21.33,28.74,14.47,0.3641
2002-09-23,7.896,10.642,20.56,28.13,13.98,0.3517
2002-09-24,0.293,10.802,20.68,28.44,16.8,0.4227
2002-09-25,14.116,9.2,21.16,27.12,12.51,0.3147
2002-09-26,8.431,7.696,20.12,24.81,15.08,0.3794
2002-09-27,6.098,10.595,19.54,27.39,25.46,0.6406
2002-09-28,4.756,9.998,19.28,26.58,66.2,1.6656
2002-09-29,7.278,10.392,19.68,27.33,46.86,1.179
2002-09-30,9.869,10.537,19.77,27.56,54.28,1.3657
2002-10-01,8.131,10.998,20.59,28.72,59.48,1.4965
2002-10-02,4.243,11.353,20.64,29.19,39.9,1.0039
2002-10-03,6.156,9.987,20.25,27.42,33.67,0.8471
2002-10-04,0.0,11.326,21.42,29.77,24.72,0.622
2002-10-05,0.0,11.81,21.07,30.05,17.54,0.4413
2002-10-06,6.621,10.846,21.04,28.98,15.21,0.3827
2002-10-07,4.686,10.112,20.9,28.13,12.75,0.3208
2002-10-08,20.974,8.146,20.4,25.71,16.8,0.4227
2002-10-09,11.056,9.644,21.08,27.8,18.27,0.4597
2002-10-10,7.308,10.396,21.09,28.65,38.38,0.9656
2002-10-11,3.161,7.982,21.1,26.12,26.02,0.6547
2002-10-12,1.295,8.447,21.83,27.21,22.86,0.5752
2002-10-13,7.237,9.654,20.88,27.76,19.01,0.4783
2002-10-14,0.022,11.606,21.15,30.22,18.27,0.4597
2002-10-15,11.256,9.081,21.21,27.45,17.41,0.438
2002-10-16,11.91,8.54,20.86,26.63,19.13,0.4813
2002-10-17,6.007,9.904,19.84,27.38,22.3,0.5611
2002-10-18,0.175,11.067,20.08,28.92,18.89,0.4753
2002-10-19,0.0,10.956,18.83,27.91,14.47,0.3641
2002-10-20,2.371,11.76,19.52,29.39,12.26,0.3085
2002-10-21,1.361,9.525,21.04,27.98,11.4,0.2868
2002-10-22,11.704,9.051,20.59,27.13,10.91,0.2745
2002-10-23,16.979,7.967,20.97,26.26,9.929,0.2498
2002-10-24,9.347,8.429,20.18,26.2,37.22,0.9364
2002-10-25,8.103,7.171,20.15,24.82,26.02,0.6547
2002-10-26,6.629,9.62,19.42,27.01,28.07,0.7062
2002-10-27,28.7,6.369,20.4,24.22,36.28,0.9128
2002-10-28,12.76,9.756,18.94,26.88,57.08,1.4361
2002-10-29,13.41,6.861,19.78,24.23,98.58,2.4803
2002-10-30,15.012,8.345,19.88,25.99,109.6,2.7575
2002-10-31,0.0,10.695,18.16,27.56,86.78,2.1834
2002-11-01,0.0,11.325,18.14,28.34,63.15,1.5888
2002-11-02,19.634,9.302,19.78,27.12,56.36,1.418
2002-11-03,11.459,8.946,20.03,26.93,50.29,1.2653
2002-11-04,0.0,10.335,18.75,27.66,37.75,0.9498
2002-11-05,0.0,9.654,19.59,27.46,29.94,0.7533
2002-11-06,1.209,9.33,20.38,27.72,23.6,0.5938
2002-11-07,16.617,9.167,20.49,27.65,22.11,0.5563
2002-11-08,2.082,8.589,20.18,26.76,19.13,0.4813
2002-11-09,0.0,9.721,19.56,27.65,17.9,0.4504
2002-11-10,0.0,8.176,19.34,25.64,15.33,0.3857
2002-11-11,0.0,9.864,20.41,28.52,13.98,0.3517
2002-11-12,0.0,9.759,20.47,28.46,12.51,0.3147
2002-11-13,1.254,8.097,20.48,26.53,10.91,0.2745
2002-11-14,0.937,8.194,20.4,26.62,10.42,0.2622
2002-11-15,0.073,9.85,20.3,28.56,9.929,0.2498
2002-11-16,0.0,9.936,20.62,28.93,9.561,0.2406
2002-11-17,17.277,10.43,20.74,29.65,9.316,0.2344
2002-11-18,8.358,9.868,19.58,28.12,9.439,0.2375
2002-11-19,0.0,9.777,19.74,28.15,10.05,0.2529
2002-11-20,0.204,9.551,19.86,27.99,8.825,0.222
2002-11-21,0.276,9.928,21.16,29.47,8.58,0.2159
2002-11-22,3.108,9.703,20.93,29.05,8.212,0.2066
2002-11-23,5.8,9.847,20.72,29.09,8.212,0.2066
2002-11-24,0.0,10.416,20.57,29.71,11.03,0.2775
2002-11-25,0.0,10.556,20.23,29.66,8.212,0.2066
2002-11-26,0.0,9.338,21.29,28.92,7.089,0.1784
2002-11-27,0.0,9.529,21.34,29.23,6.385,0.1606
2002-11-28,0.236,8.12,21.79,27.87,5.963,0.15
2002-11-29,0.08,9.109,21.45,28.81,5.4,0.1359
2002-11-30,7.949,9.342,21.12,28.89,5.048,0.127
2002-12-01,0.026,9.138,21.61,29.01,4.837,0.1217
2002-12-02,0.0,7.945,21.92,27.83,4.556,0.1146
2002-12-03,0.0,8.587,21.05,27.96,4.134,0.104
2002-12-04,0.291,9.272,20.05,28.1,3.993,0.1005
2002-12-05,0.0,9.731,19.72,28.43,3.993,0.1005
2002-12-06,0.0,9.669,20.89,29.21,3.922,0.0987
2002-12-07,0.0,8.191,21.1,27.54,3.852,0.0969
2002-12-08,0.0,8.663,20.54,27.71,3.852,0.0969
2002-12-09,0.0,10.204,19.27,28.77,3.852,0.0969
2002-12-10,0.0,10.818,18.47,29.05,3.782,0.0952
2002-12-11,0.0,9.07,20.55,28.25,3.5,0.0881
2002-12-12,0.0,9.829,19.2,28.25,3.359,0.0845
2002-12-13,0.0,9.734,19.49,28.37,3.641,0.0916
2002-12-14,0.0,8.987,20.63,28.22,3.57,0.0898
2002-12-15,0.0,8.237,20.18,26.95,3.359,0.0845
2002-12-16,16.879,6.27,20.4,24.79,3.078,0.0774
2002-12-17,0.0,6.526,20.05,24.77,4.204,0.1058
2002-12-18,3.246,8.034,19.99,26.56,7.631,0.192
2002-12-19,17.798,6.858,21.36,26.26,13.0,0.3271
2002-12-20,3.469,8.973,20.11,27.86,12.38,0.3115
2002-12-21,0.258,10.257,18.71,28.53,8.089,0.2035
2002-12-22,0.0,8.677,19.36,26.91,6.174,0.1553
2002-12-23,0.0,8.596,20.5,27.66,5.752,0.1447
2002-12-24,0.0,9.121,20.39,28.23,5.26,0.1323
2002-12-25,0.0,9.72,20.77,29.28,4.696,0.1182
2002-12-26,0.0,8.986,20.69,28.27,4.415,0.1111
2002-12-27,0.0,8.498,20.33,27.37,4.204,0.1058
2002-12-28,0.0,8.512,20.08,27.23,3.782,0.0952
2002-12-29,0.0,7.927,19.85,26.28,3.5,0.0881
2002-12-30,0.0,9.318,18.08,26.76,3.289,0.0828
2002-12-31,0.0,10.465,17.73,28.06,3.289,0.0828
2003-01-01,0.0,9.623,19.96,28.48,2.8,0.0704
2003-01-02,0.0,9.537,19.83,28.27,2.8,0.0704
2003-01-03,0.0,9.572,19.6,28.15,2.8,0.0704
2003-01-04,0.211,10.05,20.41,29.33,2.8,0.0704
2003-01-05,0.0,10.405,20.53,29.83,2.8,0.0704
2003-01-06,0.0,9.552,20.7,28.86,2.6,0.0654
2003-01-07,0.0,9.959,20.91,29.5,2.6,0.0654
2003-01-08,3.658,9.031,20.81,28.26,2.6,0.0654
2003-01-09,0.0,10.117,21.09,29.8,2.5,0.0629
2003-01-10,0.0,10.047,21.22,29.8,2.5,0.0629
2003-01-11,0.0,10.733,19.7,29.54,2.4,0.0604
2003-01-12,0.0,9.299,20.86,28.58,2.4,0.0604
2003-01-13,0.0,10.519,20.33,29.67,2.4,0.0604
2003-01-14,0.0,10.769,19.4,29.29,2.3,0.0579
2003-01-15,0.0,9.696,19.58,28.02,2.3,0.0579
2003-01-16,0.0,10.1,18.17,27.49,2.2,0.0554
2003-01-17,0.0,11.431,17.61,28.85,2.2,0.0554
2003-01-18,1.964,8.961,20.27,27.55,2.2,0.0554
2003-01-19,0.0,9.404,19.89,27.76,2.1,0.0528
2003-01-20,0.034,8.128,19.75,26.08,2.1,0.0528
2003-01-21,0.0,9.917,18.73,27.52,2.0,0.0503
2003-01-22,0.0,11.146,17.89,28.5,2.0,0.0503
2003-01-23,0.0,9.621,19.67,27.76,2.0,0.0503
2003-01-24,1.432,6.444,19.74,24.03,2.0,0.0503
2003-01-25,0.161,9.609,18.7,26.96,2.1,0.0528
2003-01-26,1.97,9.589,19.86,27.76,2.1,0.0528
2003-01-27,0.622,9.062,19.61,26.91,2.0,0.0503
2003-01-28,0.0,9.691,18.46,26.78,1.9,0.0478
2003-01-29,0.0,10.719,18.95,28.43,1.9,0.0478
2003-01-30,0.03,9.781,19.49,27.62,1.9,0.0478
2003-01-31,0.0,11.276,19.42,29.35,1.9,0.0478
2003-02-01,0.0,8.962,20.21,27.09,1.9,0.0478
2003-02-02,0.0,11.075,18.52,28.38,1.9,0.0478
2003-02-03,0.0,12.531,18.33,30.06,1.9,0.0478
2003-02-04,0.0,11.416,19.55,29.48,1.9,0.0478
2003-02-05,0.0,10.902,21.04,29.88,1.9,0.0478
2003-02-06,0.0,11.185,20.3,29.62,1.9,0.0478
2003-02-07,0.0,11.015,20.7,29.68,1.9,0.0478
2003-02-08,0.0,8.789,21.19,27.48,1.9,0.0478
2003-02-09,0.0,9.211,20.84,27.61,1.9,0.0478
2003-02-10,0.0,9.047,20.83,27.4,1.9,0.0478
2003-02-11,0.113,11.03,20.69,29.52,1.9,0.0478
2003-02-12,0.0,10.677,19.86,28.49,1.9,0.0478
2003-02-13,0.0,10.448,20.23,28.44,1.9,0.0478
2003-02-14,0.0,10.657,19.88,28.41,1.9,0.0478
2003-02-15,0.0,13.073,18.58,30.33,1.9,0.0478
2003-02-16,0.0,12.607,18.29,29.54,1.9,0.0478
2003-02-17,0.0,11.559,20.1,29.5,1.8,0.0453
2003-02-18,0.299,11.127,20.59,29.32,1.8,0.0453
2003-02-19,12.842,10.672,20.88,28.98,1.8,0.0453
2003-02-20,0.0,10.976,20.29,28.87,1.8,0.0453
2003-02-21,0.0,10.76,19.7,28.15,1.8,0.0453
2003-02-22,0.013,12.109,20.59,30.3,1.8,0.0453
2003-02-23,0.098,10.191,21.59,28.84,1.8,0.0453
2003-02-24,0.0,10.401,21.12,28.71,1.8,0.0453
2003-02-25,0.0,9.884,19.94,27.21,1.8,0.0453
2003-02-26,0.088,10.142,20.25,27.71,1.8,0.0453
2003-02-27,0.21,10.819,20.06,28.29,1.8,0.0453
2003-02-28,0.0,12.212,19.29,29.28,1.8,0.0453
2003-03-01,0.0,14.017,18.35,30.7,1.8,0.0453
2003-03-02,0.0,11.431,20.18,28.99,1.8,0.0453
2003-03-03,0.0,12.762,20.14,30.4,1.8,0.0453
2003-03-04,0.0,13.539,20.59,31.54,1.8,0.0453
2003-03-05,0.0,14.269,20.71,32.41,1.8,0.0453
2003-03-06,0.0,13.278,20.46,31.09,1.7,0.0428
2003-03-07,0.0,12.7,20.6,30.53,1.7,0.0428
2003-03-08,0.0,14.08,19.58,31.32,1.7,0.0428
2003-03-09,0.0,13.54,19.2,30.42,1.7,0.0428
2003-03-10,0.0,13.94,19.64,31.14,1.6,0.0403
2003-03-11,0.0,13.159,19.74,30.29,1.6,0.0403
2003-03-12,0.0,10.88,20.76,28.53,1.6,0.0403
2003-03-13,0.633,10.528,20.28,27.76,1.6,0.0403
2003-03-14,3.982,10.786,20.88,28.46,1.6,0.0403
2003-03-15,0.002,11.238,21.36,29.27,6.2,0.156
2003-03-16,5.636,7.057,21.22,25.01,4.5,0.1132
2003-03-17,2.794,10.477,20.68,27.93,3.6,0.0906
2003-03-18,3.549,10.033,20.74,27.47,3.3,0.083
2003-03-19,0.28,10.021,20.56,27.3,3.1,0.078
2003-03-20,0.0,11.576,20.82,29.12,3.0,0.0755
2003-03-21,0.0,12.286,19.76,29.09,2.7,0.0679
2003-03-22,0.0,13.046,19.47,29.7,2.4,0.0604
2003-03-23,0.0,11.475,18.86,27.53,2.0,0.0503
2003-03-24,0.0,12.092,19.3,28.52,1.9,0.0478
2003-03-25,0.0,10.064,20.26,27.04,1.7,0.0428
2003-03-26,0.0,9.743,20.22,26.68,1.7,0.0428
2003-03-27,0.0,10.49,20.88,27.96,2.0,0.0503
2003-03-28,0.0,10.144,21.4,27.97,1.8,0.0453
2003-03-29,1.058,11.953,20.41,29.05,1.8,0.0453
2003-03-30,1.272,11.206,21.07,28.77,1.8,0.0453
2003-03-31,6.361,8.778,21.69,26.82,2.1,0.0528
2003-04-01,0.0,12.183,18.71,28.06,2.0,0.0503
2003-04-02,0.0,13.171,19.34,29.55,1.8,0.0453
2003-04-03,0.0,10.873,20.83,28.21,1.7,0.0428
2003-04-04,0.417,12.142,21.66,30.12,1.6,0.0403
2003-04-05,3.709,9.345,22.92,28.33,1.6,0.0403
2003-04-06,2.436,10.274,22.18,28.63,1.6,0.0403
2003-04-07,3.264,10.699,22.2,29.06,1.6,0.0403
2003-04-08,6.604,9.629,22.01,27.85,1.6,0.0403
2003-04-09,6.094,10.801,21.42,28.53,1.6,0.0403
2003-04-10,4.388,10.064,21.1,27.55,1.9,0.0478
2003-04-11,,,,,,
2003-04-12,,,,,,
2003-04-13,,,,,,
2003-04-14,1.294,9.088,21.42,26.84,1.9,0.0478
2003-04-15,12.78,9.917,21.28,27.56,1.8,0.0453
2003-04-16,15.411,9.497,21.01,26.91,6.7,0.1686
2003-04-17,4.019,11.557,20.53,28.63,21.7,0.546
2003-04-18,4.528,9.342,20.2,26.1,29.6,0.7447
2003-04-19,11.826,10.708,20.76,27.96,71.7,1.804
2003-04-20,16.392,10.08,21.95,28.27,52.9,1.331
2003-04-21,15.874,8.051,21.92,26.32,47.0,1.1825
2003-04-22,5.589,7.351,21.89,25.61,40.7,1.024
2003-04-23,10.154,8.35,21.5,26.22,41.7,1.0492
2003-04-24,7.185,9.074,22.15,27.42,76.8,1.9323
2003-04-25,6.123,8.66,21.94,26.86,75.3,1.8945
2003-04-26,3.666,9.065,21.53,26.9,58.7,1.4769
2003-04-27,10.011,8.267,21.55,26.2,68.8,1.731
2003-04-28,6.271,11.868,21.64,29.78,62.8,1.58
2003-04-29,4.639,11.827,22.5,30.41,48.9,1.2303
2003-04-30,9.389,10.633,21.97,28.8,38.4,0.9661
2003-05-01,2.861,12.069,21.66,30.01,45.9,1.1548
2003-05-02,1.038,11.722,21.47,29.51,44.9,1.1297
2003-05-03,2.842,10.444,21.83,28.5,19.2,0.4831
2003-05-04,5.825,10.008,21.37,27.76,20.2,0.5082
2003-05-05,4.39,8.281,21.63,26.28,14.7,0.3698
2003-05-06,0.922,9.985,21.35,27.7,11.6,0.2919
2003-05-07,0.925,8.517,21.44,26.32,9.8,0.2466
2003-05-08,2.786,9.93,20.97,27.37,8.6,0.2164
2003-05-09,5.377,9.219,20.97,26.66,6.4,0.161
2003-05-10,2.927,8.998,20.7,26.24,5.9,0.1484
2003-05-11,1.799,10.076,21.18,27.68,5.5,0.1384
2003-05-12,7.695,8.686,21.33,26.44,5.1,0.1283
2003-05-13,3.637,9.767,21.42,27.57,4.7,0.1183
2003-05-14,1.938,10.075,21.36,27.82,4.7,0.1183
2003-05-15,1.879,11.485,21.28,29.21,4.3,0.1082
2003-05-16,3.903,11.004,21.82,29.15,3.9,0.0981
2003-05-17,1.12,11.696,21.82,29.83,3.7,0.0931
2003-05-18,4.684,10.368,21.51,28.24,3.4,0.0855
2003-05-19,33.857,7.447,21.53,25.48,8.3,0.2088
2003-05-20,12.296,8.558,22.12,27.0,11.3,0.2843
2003-05-21,8.259,9.027,21.83,27.21,18.2,0.4579
2003-05-22,7.58,9.868,22.2,28.33,15.5,0.39
2003-05-23,10.366,10.315,21.59,28.3,15.8,0.3975
2003-05-24,10.219,9.441,22.3,28.01,24.7,0.6214
2003-05-25,5.868,8.824,21.48,26.79,42.9,1.0794
2003-05-26,2.514,11.068,21.66,29.12,30.5,0.7674
2003-05-27,0.42,11.526,21.28,29.32,22.1,0.556
2003-05-28,0.0,11.377,21.59,29.4,11.8,0.2969
2003-05-29,3.026,10.534,21.97,28.86,9.3,0.234
2003-05-30,22.295,8.66,21.85,26.9,14.5,0.3648
2003-05-31,2.218,9.719,21.47,27.66,19.8,0.4982
2003-06-01,5.756,10.156,21.44,28.1,20.5,0.5158
2003-06-02,5.987,7.516,21.14,25.3,21.9,0.551
2003-06-03,4.98,7.245,21.11,25.07,39.6,0.9963
2003-06-04,2.742,9.073,20.99,26.64,49.6,1.2479
2003-06-05,1.846,9.254,21.4,27.17,47.8,1.2026
2003-06-06,7.347,8.88,20.68,26.21,31.6,0.795
2003-06-07,7.784,8.487,21.5,26.52,65.4,1.6455
2003-06-08,0.194,10.225,22.99,29.39,46.6,1.1724
2003-06-09,1.334,10.803,21.51,28.81,28.4,0.7145
2003-06-10,10.351,9.516,21.93,27.88,19.9,0.5007
2003-06-11,6.999,9.282,21.29,27.11,33.1,0.8328
2003-06-12,7.607,8.584,21.04,26.23,23.0,0.5787
2003-06-13,15.271,9.763,20.4,26.92,58.8,1.4794
2003-06-14,4.831,8.856,21.33,26.73,57.8,1.4542
2003-06-15,3.074,10.057,20.66,27.41,51.1,1.2857
2003-06-16,5.093,8.541,21.33,26.42,47.7,1.2001
2003-06-17,7.971,9.507,21.08,27.19,47.5,1.1951
2003-06-18,22.308,8.099,20.58,25.39,55.0,1.3838
2003-06-19,2.753,7.069,20.48,24.32,64.6,1.6253
2003-06-20,12.622,10.438,21.1,28.18,65.7,1.653
2003-06-21,3.059,10.82,20.94,28.43,46.6,1.1724
2003-06-22,9.258,8.309,21.31,26.21,35.9,0.9032
2003-06-23,5.117,10.043,20.86,27.56,27.0,0.6793
2003-06-24,1.407,10.632,21.32,28.53,22.7,0.5711
2003-06-25,4.278,9.633,20.73,27.04,22.1,0.556
2003-06-26,1.975,10.173,21.02,27.85,22.9,0.5762
2003-06-27,0.888,10.836,20.62,28.23,19.1,0.4806
2003-06-28,0.0,11.745,20.28,28.95,16.4,0.4126
2003-06-29,0.0,9.373,20.99,26.98,15.1,0.3799
2003-06-30,1.927,11.117,20.79,28.62,14.3,0.3598
2003-07-01,7.668,10.676,20.36,27.84,10.0,0.2516
2003-07-02,0.0,11.057,21.11,28.78,8.9,0.2239
2003-07-03,1.186,10.801,21.49,28.84,7.8,0.1962
2003-07-04,7.39,9.757,21.81,28.02,7.3,0.1837
2003-07-05,1.163,10.827,21.21,28.63,12.1,0.3044
2003-07-06,0.0,10.918,20.54,28.22,10.7,0.2692
2003-07-07,0.0,11.37,21.36,29.3,9.8,0.2466
2003-07-08,0.077,9.969,21.4,27.88,9.1,0.229
2003-07-09,7.037,11.003,21.08,28.72,10.0,0.2516
2003-07-10,12.735,10.945,21.29,28.81,11.9,0.2994
2003-07-11,14.896,9.461,21.82,27.7,11.5,0.2893
2003-07-12,5.662,9.746,21.39,27.66,11.5,0.2893
2003-07-13,6.182,8.574,21.5,26.59,26.7,0.6718
2003-07-14,1.222,10.891,21.75,29.07,21.8,0.5485
2003-07-15,0.0,10.817,21.38,28.72,24.3,0.6114
2003-07-16,0.327,10.459,21.22,28.25,21.9,0.551
2003-07-17,6.234,8.178,21.2,25.94,25.5,0.6416
2003-07-18,1.951,11.461,21.33,29.34,17.4,0.4378
2003-07-19,0.0,10.004,21.98,28.34,12.6,0.317
2003-07-20,0.0,11.539,21.87,29.82,11.9,0.2994
2003-07-21,0.0,10.709,22.27,29.27,11.5,0.2893
2003-07-22,0.981,10.135,22.19,28.63,10.3,0.2591
2003-07-23,0.267,12.163,21.64,30.28,7.2,0.1812
2003-07-24,0.0,10.664,21.53,28.63,5.5,0.1384
2003-07-25,1.303,10.47,21.44,28.39,5.5,0.1384
2003-07-26,2.21,9.407,21.74,27.55,5.5,0.1384
2003-07-27,3.182,9.8,21.92,28.06,5.5,0.1384
2003-07-28,3.33,10.731,21.5,28.67,5.4,0.1359
2003-07-29,0.0,10.547,22.16,28.98,5.2,0.1308
2003-07-30,0.469,10.692,22.2,29.18,4.9,0.1233
2003-07-31,5.752,10.428,21.94,28.68,4.3,0.1082
2003-08-01,0.173,10.156,21.16,27.8,4.2,0.1057
2003-08-02,3.821,9.691,21.26,27.44,4.1,0.1032
2003-08-03,9.825,8.828,20.17,25.72,8.0,0.2013
2003-08-04,4.372,9.7,20.92,27.17,13.4,0.3371
2003-08-05,1.348,10.896,21.25,28.61,9.3,0.234
2003-08-06,2.383,11.699,21.69,29.79,8.8,0.2214
2003-08-07,0.79,10.74,21.63,28.74,7.2,0.1812
2003-08-08,3.715,11.775,21.09,29.4,5.4,0.1359
2003-08-09,4.075,10.271,20.64,27.52,5.4,0.1359
2003-08-10,1.824,10.185,22.2,28.61,5.9,0.1484
2003-08-11,2.919,10.286,21.74,28.37,7.4,0.1862
2003-08-12,1.898,10.163,21.57,28.12,9.0,0.2264
2003-08-13,5.105,10.267,21.38,28.07,10.6,0.2667
2003-08-14,8.247,10.257,21.66,28.25,12.6,0.317
2003-08-15,3.72,10.188,21.4,28.01,8.6,0.2164
2003-08-16,6.675,10.124,21.12,27.74,19.1,0.4806
2003-08-17,0.129,11.052,20.88,28.5,16.3,0.4101
2003-08-18,2.712,11.414,21.17,29.06,16.9,0.4252
2003-08-19,6.773,11.789,21.4,29.63,18.2,0.4579
2003-08-20,4.463,9.564,21.77,27.65,18.8,0.473
2003-08-21,8.598,10.286,21.26,27.99,14.8,0.3724
2003-08-22,2.572,9.381,20.89,26.8,13.9,0.3497
2003-08-23,1.241,10.496,21.01,28.02,13.2,0.3321
2003-08-24,6.792,11.01,21.31,28.79,12.4,0.312
2003-08-25,5.21,11.26,21.37,29.06,11.7,0.2944
2003-08-26,7.705,11.925,21.24,29.67,11.0,0.2768
2003-08-27,5.483,10.374,21.54,28.32,15.5,0.39
2003-08-28,2.507,11.945,20.99,29.51,31.8,0.8001
2003-08-29,0.548,10.026,21.21,27.71,14.5,0.3648
2003-08-30,11.451,10.431,21.14,28.06,13.2,0.3321
2003-08-31,8.54,11.007,21.54,28.97,11.9,0.2994
2003-09-01,1.277,12.007,21.37,29.89,12.4,0.312
2003-09-02,4.882,12.398,21.2,30.18,21.0,0.5284
2003-09-03,8.111,11.759,21.43,29.67,11.5,0.2893
2003-09-04,2.686,11.873,20.32,29.02,24.9,0.6265
2003-09-05,18.021,9.645,20.18,26.59,21.0,0.5284
2003-09-06,4.634,11.256,20.73,28.68,14.7,0.3698
2003-09-07,0.277,13.049,20.33,30.28,13.9,0.3497
2003-09-08,5.68,10.995,20.47,28.21,13.4,0.3371
2003-09-09,7.665,10.745,21.45,28.73,15.8,0.3975
2003-09-10,14.509,9.726,20.2,26.7,19.2,0.4831
2003-09-11,7.849,8.224,20.68,25.6,35.8,0.9007
2003-09-12,5.029,9.598,21.41,27.54,33.4,0.8403
2003-09-13,5.234,10.188,21.91,28.57,35.8,0.9007
2003-09-14,4.898,11.445,21.59,29.62,36.3,0.9133
2003-09-15,5.226,10.951,20.92,28.61,30.3,0.7623
2003-09-16,5.988,10.153,21.0,27.83,27.1,0.6818
2003-09-17,6.766,10.553,21.25,28.46,31.6,0.795
2003-09-18,8.593,10.386,20.4,27.66,56.7,1.4266
2003-09-19,9.745,9.173,20.68,26.62,47.9,1.2052
2003-09-20,3.659,10.338,20.03,27.36,47.9,1.2052
2003-09-21,15.473,10.202,20.36,27.47,48.9,1.2303
2003-09-22,15.425,11.366,20.22,28.64,58.3,1.4668
2003-09-23,14.691,9.833,20.6,27.32,68.3,1.7184
2003-09-24,15.805,10.738,20.32,28.07,67.0,1.6857
2003-09-25,23.159,8.198,20.58,25.64,93.1,2.3424
2003-09-26,12.844,10.163,20.17,27.39,177.6,4.4684
2003-09-27,5.99,10.247,20.62,27.85,170.4,4.2872
2003-09-28,1.886,11.444,20.43,28.98,116.1,2.9211
2003-09-29,0.096,10.497,21.26,28.63,74.1,1.8643
2003-09-30,1.447,10.534,21.3,28.74,52.4,1.3184
2003-10-01,17.533,9.263,20.86,27.06,45.9,1.1548
2003-10-02,7.169,10.065,21.06,28.08,63.5,1.5976
2003-10-03,28.277,10.639,19.79,27.79,74.1,1.8643
2003-10-04,2.32,9.967,20.91,27.94,193.8,4.876
2003-10-05,16.016,9.571,21.51,27.98,150.3,3.7815
2003-10-06,23.019,8.236,21.05,26.23,86.9,2.1864
2003-10-07,6.788,8.893,20.81,26.77,74.1,1.8643
2003-10-08,15.993,9.315,20.53,27.01,85.5,2.1512
2003-10-09,8.461,8.813,19.88,25.98,101.0,2.5411
2003-10-10,11.58,10.007,19.53,27.07,118.0,2.9689
2003-10-11,5.806,9.078,19.89,26.32,128.7,3.2381
2003-10-12,5.789,8.113,21.36,26.5,115.0,2.8934
2003-10-13,5.756,8.86,21.5,27.44,108.4,2.7273
2003-10-14,14.039,10.308,19.8,27.74,81.8,2.0581
2003-10-15,8.731,7.846,19.61,24.88,69.7,1.7536
2003-10-16,7.652,8.301,19.68,25.43,62.1,1.5624
2003-10-17,3.802,11.165,19.47,28.54,58.6,1.4744
2003-10-18,4.809,9.307,20.33,27.09,53.9,1.3561
2003-10-19,6.042,7.761,21.59,26.45,51.4,1.2932
2003-10-20,20.023,6.173,20.89,24.31,48.7,1.2253
2003-10-21,7.017,7.97,20.62,25.92,45.3,1.1397
2003-10-22,3.953,7.21,20.53,25.08,60.4,1.5197
2003-10-23,6.265,9.36,20.54,27.46,125.6,3.1601
2003-10-24,9.767,9.242,22.03,28.51,170.6,4.2923
2003-10-25,16.862,9.874,20.98,28.45,158.6,3.9903
2003-10-26,1.591,8.818,21.22,27.48,144.9,3.6457
2003-10-27,6.073,8.465,20.26,26.35,128.3,3.228
2003-10-28,20.14,7.696,20.02,25.34,116.5,2.9311
2003-10-29,2.23,6.934,19.97,24.5,109.1,2.7449
2003-10-30,5.146,7.543,19.23,24.58,101.3,2.5487
2003-10-31,0.0,9.412,19.04,26.66,125.2,3.15
2003-11-01,3.159,8.144,19.84,25.79,126.4,3.1802
2003-11-02,8.179,7.016,19.58,24.32,138.8,3.4922
2003-11-03,3.565,8.88,19.22,26.2,149.2,3.7538
2003-11-04,6.623,8.591,20.07,26.56,124.5,3.1324
2003-11-05,7.132,10.047,20.24,28.44,101.3,2.5487
2003-11-06,2.002,10.054,20.56,28.72,82.7,2.0807
2003-11-07,18.045,7.014,19.78,24.57,76.2,1.9172
2003-11-08,17.368,8.143,20.35,26.36,66.9,1.6832
2003-11-09,25.102,8.438,19.7,26.24,58.6,1.4744
2003-11-10,4.62,9.342,19.8,27.44,60.7,1.5272
2003-11-11,21.336,7.257,19.99,25.12,123.7,3.1123
2003-11-12,19.219,8.368,19.35,25.94,322.0,8.1015
2003-11-13,,,,,,
2003-11-14,1.676,8.504,21.24,27.64,334.1,8.4059
2003-11-15,15.566,9.112,20.78,28.04,310.5,7.8121
2003-11-16,3.92,9.815,20.3,28.53,145.9,3.6708
2003-11-17,7.442,7.464,20.57,25.94,122.6,3.0846
2003-11-18,13.709,8.467,20.5,27.1,102.7,2.5839
2003-11-19,9.965,9.28,19.7,27.52,88.1,2.2166
2003-11-20,7.025,8.021,20.78,26.83,97.5,2.4531
2003-11-21,16.056,6.644,20.76,25.25,118.7,2.9865
2003-11-22,2.029,7.568,21.18,26.65,126.8,3.1903
2003-11-23,17.981,5.008,21.23,23.99,134.3,3.379
2003-11-24,4.127,7.981,19.9,26.17,137.1,3.4494
2003-11-25,3.516,7.22,20.98,26.15,121.9,3.067
2003-11-26,1.476,8.951,20.11,27.55,109.1,2.7449
2003-11-27,0.0,9.602,20.3,28.55,57.8,1.4542
2003-11-28,0.0,8.26,20.76,27.23,53.4,1.3435
2003-11-29,14.923,6.911,21.02,25.91,49.2,1.2379
2003-11-30,23.162,6.216,20.32,24.52,50.0,1.258
2003-12-01,0.0,7.625,20.24,26.12,66.9,1.6832
2003-12-02,2.69,5.461,20.44,23.84,80.2,2.0178
2003-12-03,10.903,5.743,20.39,24.1,98.2,2.4707
2003-12-04,5.669,8.088,19.87,26.46,99.9,2.5135
2003-12-05,2.873,5.792,20.59,24.33,109.8,2.7625
2003-12-06,0.829,6.639,20.42,25.15,84.6,2.1285
2003-12-07,0.137,8.323,19.91,26.83,78.0,1.9625
2003-12-08,0.929,7.007,21.3,26.32,69.4,1.7461
2003-12-09,0.546,9.266,20.56,28.51,62.2,1.5649
2003-12-10,4.184,8.559,21.03,27.98,50.6,1.2731
2003-12-11,2.681,7.403,21.78,27.18,44.9,1.1297
2003-12-12,1.557,7.838,21.1,27.15,38.4,0.9661
2003-12-13,0.0,8.935,20.26,27.9,34.2,0.8605
2003-12-14,0.0,8.885,19.83,27.51,31.2,0.785
2003-12-15,0.0,7.539,19.96,25.91,28.0,0.7045
2003-12-16,0.0,8.566,20.17,27.38,25.1,0.6315
2003-12-17,0.0,8.571,20.55,27.68,22.9,0.5762
2003-12-18,0.0,8.092,20.78,27.24,21.6,0.5435
2003-12-19,0.0,8.846,20.03,27.64,20.0,0.5032
2003-12-20,3.098,6.808,20.98,25.88,18.9,0.4755
2003-12-21,3.832,6.989,20.88,26.01,17.9,0.4504
2003-12-22,1.829,7.553,20.3,26.21,26.2,0.6592
2003-12-23,0.908,7.945,20.88,27.16,26.4,0.6642
2003-12-24,0.183,8.919,19.49,27.31,21.6,0.5435
2003-12-25,0.0,7.557,20.92,26.69,17.8,0.4478
2003-12-26,0.51,7.39,19.88,25.64,16.2,0.4076
2003-12-27,0.0,7.682,18.75,25.16,14.7,0.3698
2003-12-28,0.553,6.894,19.05,24.39,13.4,0.3371
2003-12-29,0.0,8.355,18.22,25.6,12.7,0.3195
2003-12-30,0.0,5.962,18.22,22.56,11.4,0.2868
2003-12-31,0.0,7.608,16.99,23.66,10.5,0.2642
2004-01-01,0.0,7.859,18.02,24.78,10.3,0.2591
2004-01-02,0.0,8.075,19.77,26.37,9.807,0.2467
2004-01-03,0.0,8.251,19.24,26.19,9.07,0.2282
2004-01-04,0.0,8.928,19.21,27.01,8.58,0.2159
2004-01-05,0.0,8.38,19.75,26.7,7.844,0.1974
2004-01-06,1.826,7.267,20.35,25.79,7.475,0.1881
2004-01-07,0.0,7.689,20.18,26.14,7.16,0.1801
2004-01-08,0.235,8.005,19.72,26.15,7.089,0.1784
2004-01-09,0.0,7.648,20.15,26.02,6.949,0.1748
2004-01-10,2.959,8.068,20.16,26.54,6.949,0.1748
2004-01-11,6.925,7.019,20.82,25.8,6.808,0.1713
2004-01-12,0.0,7.048,20.08,25.21,6.808,0.1713
2004-01-13,0.0,8.071,19.46,25.92,6.597,0.166
2004-01-14,0.0,9.059,18.16,26.18,6.315,0.1589
2004-01-15,0.0,9.152,18.44,26.47,6.245,0.1571
2004-01-16,0.0,8.747,19.2,26.5,6.245,0.1571
2004-01-17,0.647,7.462,20.41,25.87,6.104,0.1536
2004-01-18,0.0,5.777,20.02,23.64,6.104,0.1536
2004-01-19,0.0,9.583,18.61,27.08,6.104,0.1536
2004-01-20,0.0,8.908,18.66,26.24,5.963,0.15
2004-01-21,0.0,9.705,17.83,26.6,5.611,0.1412
2004-01-22,0.17,8.709,17.17,24.78,5.33,0.1341
2004-01-23,0.0,9.105,18.13,25.98,5.048,0.127
2004-01-24,0.0,10.109,17.45,26.75,4.908,0.1235
2004-01-25,0.0,10.795,16.55,26.99,4.837,0.1217
2004-01-26,0.0,10.085,18.58,27.47,4.837,0.1217
2004-01-27,0.0,9.463,19.25,27.16,4.837,0.1217
2004-01-28,0.867,9.814,19.02,27.39,4.696,0.1182
2004-01-29,0.05,10.202,17.82,26.97,4.696,0.1182
2004-01-30,0.0,10.785,17.8,27.68,4.556,0.1146
2004-01-31,0.0,10.534,19.69,28.65,4.485,0.1128
2004-02-01,0.0,10.752,19.61,28.82,4.274,0.1075
2004-02-02,0.0,9.988,20.06,28.19,4.204,0.1058
2004-02-03,4.399,9.332,20.26,27.53,4.134,0.104
2004-02-04,0.0,9.914,19.05,27.27,3.993,0.1005
2004-02-05,0.0,10.651,19.46,28.45,3.922,0.0987
2004-02-06,0.0,8.925,19.92,26.72,3.852,0.0969
2004-02-07,0.0,10.874,17.98,27.58,3.711,0.0934
2004-02-08,0.0,10.702,18.8,27.91,3.571,0.0898
2004-02-09,0.0,10.046,19.14,27.35,3.571,0.0898
2004-02-10,0.0,10.149,20.23,28.23,3.43,0.0863
2004-02-11,0.0,9.033,19.27,26.18,3.43,0.0863
2004-02-12,0.0,11.439,18.67,28.56,3.359,0.0845
2004-02-13,0.467,9.158,19.68,26.55,3.289,0.0828
2004-02-14,0.249,10.224,20.29,28.22,3.148,0.0792
2004-02-15,0.0,12.363,18.59,29.5,3.148,0.0792
2004-02-16,0.0,11.307,19.64,28.94,3.148,0.0792
2004-02-17,0.0,9.771,20.1,27.48,3.007,0.0757
2004-02-18,0.0,9.364,19.82,26.76,3.007,0.0757
2004-02-19,0.0,8.736,19.35,25.66,3.007,0.0757
2004-02-20,2.29,9.213,20.08,26.73,2.867,0.0721
2004-02-21,3.221,7.984,20.48,25.71,2.867,0.0721
2004-02-22,0.0,9.989,19.6,27.16,2.867,0.0721
2004-02-23,0.0,9.775,19.22,26.61,2.726,0.0686
2004-02-24,0.0,9.213,19.62,26.29,2.726,0.0686
2004-02-25,0.0,8.551,20.74,26.4,2.656,0.0668
2004-02-26,2.678,10.431,21.44,28.96,2.444,0.0615
2004-02-27,0.605,11.797,20.16,29.46,2.304,0.058
2004-02-28,0.0,8.449,20.98,26.39,2.304,0.058
2004-02-29,0.0,6.794,21.19,24.96,2.444,0.0615
2004-03-01,0.0,6.749,20.16,24.0,2.585,0.065
2004-03-02,0.0,9.223,19.11,25.7,2.585,0.065
2004-03-03,0.0,10.383,20.15,27.74,2.726,0.0686
2004-03-04,0.0,9.789,20.47,27.3,2.726,0.0686
2004-03-05,0.0,8.256,20.61,25.8,2.726,0.0686
2004-03-06,0.0,9.934,19.34,26.55,2.726,0.0686
2004-03-07,0.0,9.586,18.82,25.74,2.726,0.0686
2004-03-08,0.0,10.068,19.5,26.79,2.585,0.065
2004-03-09,0.0,10.052,19.68,26.88,2.585,0.065
2004-03-10,4.554,9.592,21.21,27.54,2.585,0.065
2004-03-11,3.172,10.942,21.5,29.15,2.585,0.065
2004-03-12,1.566,9.69,21.71,27.98,2.585,0.065
2004-03-13,0.0,10.775,20.6,28.25,2.585,0.065
2004-03-14,0.0,10.145,21.57,28.32,2.585,0.065
2004-03-15,0.0,10.435,21.55,28.56,2.444,0.0615
2004-03-16,0.0,10.606,20.81,28.15,2.444,0.0615
2004-03-17,0.0,10.978,21.51,29.05,2.444,0.0615
2004-03-18,0.0,10.6,21.35,28.51,2.444,0.0615
2004-03-19,0.0,11.593,20.0,28.54,2.304,0.058
2004-03-20,0.0,10.769,20.58,28.08,2.304,0.058
2004-03-21,0.0,10.905,20.22,27.95,2.304,0.058
2004-03-22,0.0,10.243,20.95,27.79,2.304,0.058
2004-03-23,0.0,8.981,20.92,26.48,2.163,0.0544
2004-03-24,0.0,9.356,20.58,26.56,2.163,0.0544
2004-03-25,0.279,9.128,21.29,26.89,2.163,0.0544
2004-03-26,2.271,9.635,20.76,26.96,2.163,0.0544
2004-03-27,0.194,11.326,19.45,27.71,2.163,0.0544
2004-03-28,0.137,11.164,19.58,27.64,2.304,0.058
2004-03-29,0.0,8.653,20.46,25.74,2.304,0.058
2004-03-30,0.0,9.644,20.14,26.43,2.304,0.058
2004-03-31,0.0,9.131,20.97,26.59,2.304,0.058
2004-04-01,2.843,7.846,20.97,25.36,2.304,0.058
2004-04-02,9.34,6.723,21.28,24.61,2.515,0.0633
2004-04-03,15.546,5.318,21.57,23.76,4.063,0.1022
2004-04-04,14.155,6.268,21.18,24.15,25.84,0.6501
2004-04-05,5.019,9.268,21.51,27.14,9.807,0.2467
2004-04-06,4.371,9.367,22.11,27.71,7.16,0.1801
2004-04-07,1.295,10.189,22.5,28.79,6.385,0.1606
2004-04-08,2.365,11.362,22.14,29.66,5.752,0.1447
2004-04-09,0.65,9.512,22.3,28.01,5.189,0.1306
2004-04-10,7.307,9.297,22.14,27.66,4.345,0.1093
2004-04-11,1.267,9.219,21.76,27.25,3.922,0.0987
2004-04-12,1.515,8.371,20.79,25.62,3.711,0.0934
2004-04-13,0.485,8.687,21.2,26.26,3.571,0.0898
2004-04-14,0.661,8.311,21.54,26.21,3.43,0.0863
2004-04-15,0.926,5.076,21.37,23.36,3.359,0.0845
2004-04-16,0.567,10.062,19.8,26.49,3.078,0.0774
2004-04-17,0.223,9.478,20.23,26.25,2.867,0.0721
2004-04-18,1.43,7.708,20.72,24.95,2.867,0.0721
2004-04-19,1.826,6.536,21.05,24.2,2.867,0.0721
2004-04-20,8.295,6.244,21.65,24.51,2.867,0.0721
2004-04-21,1.724,8.963,21.38,26.68,2.867,0.0721
2004-04-22,13.29,7.539,21.8,25.74,4.415,0.1111
2004-04-23,32.746,6.347,21.32,24.33,55.01,1.384
2004-04-24,0.842,7.732,21.17,25.38,31.62,0.7956
2004-04-25,1.571,9.457,21.0,26.85,26.96,0.6783
2004-04-26,1.172,9.016,21.42,26.78,15.33,0.3857
2004-04-27,6.658,8.476,22.04,26.79,12.87,0.3238
2004-04-28,14.322,10.357,22.02,28.58,34.97,0.8798
2004-04-29,0.125,10.93,21.91,29.01,20.93,0.5266
2004-04-30,6.734,9.396,21.93,27.56,15.94,0.401
2004-05-01,5.647,5.859,21.64,24.23,13.36,0.3361
2004-05-02,3.038,7.817,20.99,25.33,15.33,0.3857
2004-05-03,1.791,7.219,21.59,25.3,11.52,0.2898
2004-05-04,4.291,7.117,21.42,25.06,14.96,0.3764
2004-05-05,1.037,10.008,21.53,27.89,23.41,0.589
2004-05-06,2.105,8.057,22.55,26.83,18.03,0.4536
2004-05-07,0.656,9.369,22.24,27.8,15.08,0.3794
2004-05-08,4.186,9.956,22.41,28.49,13.12,0.3301
2004-05-09,1.333,8.585,22.29,27.14,11.28,0.2838
2004-05-10,2.892,9.011,22.58,27.75,9.439,0.2375
2004-05-11,0.439,9.33,21.83,27.45,8.212,0.2066
2004-05-12,4.92,8.984,21.65,27.0,6.878,0.173
2004-05-13,9.041,7.737,22.0,26.14,6.315,0.1589
2004-05-14,4.562,9.741,21.14,27.33,17.66,0.4443
2004-05-15,2.021,8.86,21.22,26.51,17.17,0.432
2004-05-16,8.006,6.948,21.78,25.26,15.82,0.398
2004-05-17,27.532,7.609,21.44,25.54,44.12,1.1101
2004-05-18,19.135,7.971,21.06,25.58,39.24,0.9873
2004-05-19,21.564,7.385,21.33,25.27,82.04,2.0641
2004-05-20,31.476,7.042,19.68,23.57,220.5,5.5477
2004-05-21,11.987,9.755,20.39,26.8,235.3,5.9201
2004-05-22,10.638,9.444,19.44,25.76,206.9,5.2056
2004-05-23,2.654,10.234,20.27,27.23,197.2,4.9615
2004-05-24,27.61,8.185,20.84,25.62,185.7,4.6722
2004-05-25,2.238,9.406,21.7,27.51,119.0,2.994
2004-05-26,5.603,9.605,22.11,28.07,79.52,2.0007
2004-05-27,0.0,9.595,22.14,28.05,65.39,1.6452
2004-05-28,1.079,8.879,21.15,26.55,52.18,1.3128
2004-05-29,12.569,9.428,21.7,27.54,85.15,2.1424
2004-05-30,12.385,10.381,20.9,27.86,81.68,2.0551
2004-05-31,5.664,9.516,21.84,27.74,61.38,1.5443
2004-06-01,5.967,7.874,21.19,25.65,51.92,1.3063
2004-06-02,4.44,9.091,20.61,26.32,43.94,1.1055
2004-06-03,0.442,9.528,20.63,26.81,39.9,1.0039
2004-06-04,2.684,9.547,21.53,27.55,34.41,0.8657
2004-06-05,4.157,10.552,20.64,27.89,28.82,0.7251
2004-06-06,5.643,8.135,20.38,25.22,24.72,0.622
2004-06-07,0.502,10.295,20.38,27.4,20.8,0.5233
2004-06-08,1.403,9.537,21.12,27.22,19.25,0.4843
2004-06-09,1.729,8.427,21.62,26.54,18.64,0.469
2004-06-10,1.351,9.914,21.04,27.55,18.15,0.4567
2004-06-11,3.104,9.887,21.21,27.7,16.43,0.4134
2004-06-12,2.773,10.69,21.86,29.0,15.45,0.3887
2004-06-13,7.088,9.063,21.86,27.38,14.96,0.3764
2004-06-14,4.084,10.347,21.68,28.51,14.59,0.3671
2004-06-15,5.248,9.837,21.09,27.56,14.22,0.3578
2004-06-16,2.522,10.111,20.71,27.51,13.98,0.3517
2004-06-17,0.575,9.273,21.16,27.02,13.12,0.3301
2004-06-18,0.627,10.721,21.33,28.62,11.77,0.2961
2004-06-19,1.976,9.956,21.86,28.25,11.4,0.2868
2004-06-20,6.836,8.731,22.2,27.34,11.03,0.2775
2004-06-21,5.365,10.085,20.59,27.4,17.05,0.429
2004-06-22,0.639,10.605,20.77,28.08,15.57,0.3917
2004-06-23,0.066,10.127,20.81,27.61,11.89,0.2991
2004-06-24,1.45,10.321,20.54,27.59,11.28,0.2838
2004-06-25,0.0,10.42,19.36,26.82,9.929,0.2498
2004-06-26,0.0,11.165,19.68,27.84,9.316,0.2344
2004-06-27,1.011,11.576,20.21,28.69,8.58,0.2159
2004-06-28,0.983,10.817,21.16,28.58,7.212,0.1815
2004-06-29,0.253,9.531,20.77,26.95,6.597,0.166
2004-06-30,0.0,10.304,20.04,27.18,6.315,0.1589
2004-07-01,0.142,9.694,21.12,27.41,6.104,0.1536
2004-07-02,12.136,10.957,20.67,28.34,6.104,0.1536
2004-07-03,0.0,12.692,19.86,29.62,5.823,0.1465
2004-07-04,8.927,10.216,21.0,27.85,20.43,0.514
2004-07-05,17.318,9.74,20.42,26.88,21.12,0.5314
2004-07-06,3.813,10.429,21.03,28.09,28.07,0.7062
2004-07-07,6.884,9.391,21.16,27.12,21.56,0.5424
2004-07-08,4.63,8.932,21.29,26.78,13.24,0.3331
2004-07-09,0.972,9.57,20.7,26.93,12.75,0.3208
2004-07-10,0.304,9.915,20.78,27.33,12.02,0.3024
2004-07-11,0.0,9.671,21.17,27.39,10.3,0.2591
2004-07-12,1.154,9.742,21.47,27.7,7.966,0.2004
2004-07-13,3.778,10.346,21.12,28.02,6.878,0.173
2004-07-14,0.0,11.949,20.54,29.25,6.456,0.1624
2004-07-15,5.981,10.731,20.89,28.24,5.963,0.15
2004-07-16,3.199,10.263,21.44,28.2,9.193,0.2313
2004-07-17,4.537,10.451,21.45,28.38,6.245,0.1571
2004-07-18,3.652,9.004,22.02,27.42,6.245,0.1571
2004-07-19,2.561,10.248,20.76,27.67,6.104,0.1536
2004-07-20,4.794,8.905,21.94,27.24,5.893,0.1483
2004-07-21,14.732,10.02,21.16,27.71,7.844,0.1974
2004-07-22,8.935,7.964,20.74,25.33,14.84,0.3734
2004-07-23,2.667,10.204,20.91,27.73,12.87,0.3238
2004-07-24,2.385,11.414,21.11,29.09,9.807,0.2467
2004-07-25,1.938,10.477,21.22,28.2,7.966,0.2004
2004-07-26,5.287,11.102,20.88,28.57,6.878,0.173
2004-07-27,1.941,11.333,21.55,29.33,6.526,0.1642
2004-07-28,3.252,9.325,22.05,27.7,20.21,0.5085
2004-07-29,4.031,9.904,21.18,27.61,7.844,0.1974
2004-07-30,3.61,11.017,22.13,29.44,14.47,0.3641
2004-07-31,4.002,11.422,21.91,29.66,11.89,0.2991
2004-08-01,3.67,11.884,21.03,29.49,8.948,0.2251
2004-08-02,0.474,10.769,20.98,28.26,7.089,0.1784
2004-08-03,2.493,10.193,21.02,27.73,5.752,0.1447
2004-08-04,0.356,12.025,21.65,30.07,9.807,0.2467
2004-08-05,7.572,8.549,20.69,25.83,7.966,0.2004
2004-08-06,7.547,9.455,20.14,26.26,6.526,0.1642
2004-08-07,2.099,10.813,20.83,28.21,6.174,0.1553
2004-08-08,0.315,10.284,21.93,28.52,6.385,0.1606
2004-08-09,1.523,12.154,20.99,29.71,6.104,0.1536
2004-08-10,2.045,9.678,21.14,27.3,5.752,0.1447
2004-08-11,9.003,11.275,20.61,28.52,23.46,0.5902
2004-08-12,1.386,11.3,21.24,28.99,11.28,0.2838
2004-08-13,4.043,11.742,21.3,29.51,13.86,0.3487
2004-08-14,0.132,12.455,21.43,30.32,9.807,0.2467
2004-08-15,5.651,12.601,21.32,30.42,7.23,0.1819
2004-08-16,5.802,11.037,21.51,28.94,6.597,0.166
2004-08-17,2.035,10.809,21.76,28.89,9.439,0.2375
2004-08-18,4.345,11.052,21.54,28.94,11.28,0.2838
2004-08-19,4.263,11.564,21.8,29.7,9.439,0.2375
2004-08-20,0.877,11.565,21.55,29.48,17.43,0.4385
2004-08-21,3.77,9.617,21.63,27.59,11.16,0.2808
2004-08-22,7.768,12.407,20.18,29.36,27.33,0.6876
2004-08-23,0.775,11.8,21.43,29.68,17.54,0.4413
2004-08-24,3.989,9.865,21.38,27.68,14.96,0.3764
2004-08-25,2.532,9.687,21.05,27.21,13.49,0.3394
2004-08-26,1.383,11.602,21.1,29.22,12.51,0.3147
2004-08-27,11.315,11.049,21.36,28.84,9.316,0.2344
2004-08-28,0.259,11.752,21.44,29.65,8.334,0.2097
2004-08-29,13.428,9.638,21.98,27.94,9.439,0.2375
2004-08-30,16.484,9.858,21.42,27.72,16.06,0.4041
2004-08-31,10.617,10.489,21.44,28.36,15.82,0.398
2004-09-01,7.384,11.212,21.08,28.87,17.49,0.44
2004-09-02,7.675,11.471,21.62,29.5,17.41,0.438
2004-09-03,2.744,12.417,21.48,30.4,18.34,0.4614
2004-09-04,7.415,10.053,22.15,28.48,17.41,0.438
2004-09-05,15.393,9.714,20.13,26.6,26.96,0.6783
2004-09-06,9.534,9.106,20.6,26.35,21.74,0.547
2004-09-07,8.296,9.466,20.78,26.88,17.54,0.4413
2004-09-08,1.2,10.973,20.45,28.15,15.33,0.3857
2004-09-09,3.18,7.588,19.92,24.35,12.63,0.3178
2004-09-10,6.213,10.408,20.27,27.47,17.54,0.4413
2004-09-11,10.761,9.093,19.75,25.73,67.84,1.7068
2004-09-12,1.945,11.762,20.03,28.79,94.47,2.3768
2004-09-13,1.665,10.618,21.74,28.85,61.14,1.5383
2004-09-14,11.525,9.739,21.84,28.06,51.81,1.3035
2004-09-15,16.31,9.033,20.5,26.29,36.65,0.9221
2004-09-16,6.413,10.704,20.6,28.12,30.12,0.7578
2004-09-17,13.024,9.677,19.66,26.32,44.95,1.1309
2004-09-18,6.789,11.185,20.36,28.47,62.65,1.5763
2004-09-19,15.484,9.581,20.9,27.24,71.41,1.7967
2004-09-20,23.762,8.837,20.24,26.0,63.55,1.5989
2004-09-21,3.167,8.904,20.01,25.88,52.36,1.3174
2004-09-22,16.751,8.657,21.01,26.43,65.92,1.6585
2004-09-23,5.349,10.432,20.64,27.98,53.38,1.343
2004-09-24,11.394,8.991,20.43,26.35,53.05,1.3347
2004-09-25,1.467,9.761,20.67,27.34,52.27,1.3151
2004-09-26,3.942,9.454,20.36,26.78,56.67,1.4258
2004-09-27,2.95,7.786,20.24,24.98,44.37,1.1163
2004-09-28,3.793,10.358,20.66,28.03,39.9,1.0039
2004-09-29,7.169,8.112,20.04,25.19,34.41,0.8657
2004-09-30,5.16,7.711,19.84,24.62,29.19,0.7344
2004-10-01,5.175,9.187,20.0,26.34,31.24,0.786
2004-10-02,0.0,10.201,20.11,27.51,29.75,0.7485
2004-10-03,0.344,10.824,20.2,28.29,22.3,0.5611
2004-10-04,14.142,7.675,21.01,25.65,20.06,0.5047
2004-10-05,17.47,8.155,20.49,25.73,22.3,0.5611
2004-10-06,6.03,8.378,20.54,26.04,28.45,0.7158
2004-10-07,6.436,7.613,19.66,24.52,26.96,0.6783
2004-10-08,2.086,8.118,20.09,25.42,41.23,1.0373
2004-10-09,15.495,9.089,19.73,26.2,38.36,0.9651
2004-10-10,10.529,10.009,20.68,27.94,61.87,1.5566
2004-10-11,23.945,8.79,21.11,27.0,53.15,1.3372
2004-10-12,13.935,9.082,20.21,26.64,52.76,1.3274
2004-10-13,2.314,9.817,19.94,27.24,60.08,1.5116
2004-10-14,3.354,9.591,21.05,27.87,47.04,1.1835
2004-10-15,0.0,10.409,21.01,28.79,37.84,0.952
2004-10-16,0.0,10.647,20.99,29.08,33.11,0.833
2004-10-17,2.147,9.017,20.67,27.03,26.02,0.6547
2004-10-18,9.136,7.273,20.49,25.06,24.53,0.6172
2004-10-19,3.077,8.635,20.07,26.21,23.23,0.5845
2004-10-20,7.884,8.855,20.66,26.95,24.35,0.6126
2004-10-21,13.213,7.671,19.8,24.98,25.46,0.6406
2004-10-22,9.779,8.073,19.31,25.08,22.86,0.5752
2004-10-23,0.889,9.002,19.17,26.04,26.4,0.6642
2004-10-24,14.439,8.658,18.68,25.27,80.04,2.0138
2004-10-25,4.809,9.246,18.8,26.09,137.4,3.457
2004-10-26,1.835,9.457,19.43,26.86,141.2,3.5526
2004-10-27,11.356,9.788,19.76,27.52,107.2,2.6971
2004-10-28,27.453,9.022,19.78,26.66,93.54,2.3534
2004-10-29,14.719,9.546,19.33,26.95,108.1,2.7198
2004-10-30,18.387,8.319,19.52,25.7,128.6,3.2355
2004-10-31,14.43,8.218,20.16,26.12,204.7,5.1502
2004-11-01,18.152,7.834,21.41,26.72,160.9,4.0482
2004-11-02,23.95,9.096,20.52,27.46,182.6,4.5942
2004-11-03,17.026,8.62,19.86,26.42,202.2,5.0873
2004-11-04,18.083,8.057,21.14,26.81,193.4,4.8659
2004-11-05,13.449,8.551,20.24,26.74,195.0,4.9062
2004-11-06,16.156,8.353,21.01,27.12,146.2,3.6784
2004-11-07,23.498,8.093,20.92,26.75,125.2,3.15
2004-11-08,22.713,7.045,20.71,25.42,114.5,2.8808
2004-11-09,24.344,5.033,19.64,22.45,191.6,4.8206
2004-11-10,6.315,5.969,19.55,23.33,245.9,6.1868
2004-11-11,0.0,6.523,19.29,23.77,223.0,5.6106
2004-11-12,0.0,9.171,17.91,25.87,209.1,5.2609
2004-11-13,0.073,9.203,18.25,26.19,146.2,3.6784
2004-11-14,0.043,7.961,19.48,25.65,128.0,3.2205
2004-11-15,1.108,7.335,19.8,25.17,106.3,2.6745
2004-11-16,3.352,6.802,20.03,24.78,90.93,2.2878
2004-11-17,11.033,5.781,20.03,23.64,101.3,2.5487
2004-11-18,8.518,5.502,20.18,23.48,93.96,2.364
2004-11-19,3.946,5.76,20.33,23.91,102.9,2.5889
2004-11-20,2.095,8.3,20.49,26.94,97.16,2.4445
2004-11-21,0.0,8.747,20.29,27.36,82.25,2.0694
2004-11-22,0.0,8.482,20.5,27.2,67.56,1.6998
2004-11-23,0.102,8.455,20.52,27.23,58.86,1.4809
2004-11-24,0.221,7.673,20.82,26.55,52.86,1.3299
2004-11-25,0.784,8.443,20.38,27.15,45.81,1.1526
2004-11-26,0.0,8.17,20.59,26.99,41.01,1.0318
2004-11-27,0.0,8.267,20.06,26.71,36.28,0.9128
2004-11-28,0.0,9.576,17.34,26.44,34.04,0.8564
2004-11-29,0.0,5.697,19.32,23.1,33.29,0.8376
2004-11-30,0.0,7.16,18.83,24.44,33.29,0.8376
2004-12-01,0.0,7.877,19.44,25.8,30.5,0.7674
2004-12-02,0.0,7.132,19.16,24.66,26.77,0.6735
2004-12-03,0.0,6.122,19.87,24.08,24.53,0.6172
2004-12-04,2.219,7.057,20.07,25.36,21.92,0.5515
2004-12-05,1.045,8.149,20.99,27.43,19.94,0.5017
2004-12-06,1.058,7.133,20.68,25.93,18.52,0.466
2004-12-07,0.0,6.834,20.68,25.61,17.54,0.4413
2004-12-08,0.399,7.519,20.08,25.95,16.68,0.4197
2004-12-09,0.864,8.906,19.86,27.53,15.94,0.401
2004-12-10,0.0,8.695,19.11,26.7,14.96,0.3764
2004-12-11,0.0,9.037,18.53,26.74,14.22,0.3578
2004-12-12,4.85,7.205,20.5,25.94,13.98,0.3517
2004-12-13,2.479,7.356,20.96,26.5,13.49,0.3394
2004-12-14,0.0,7.296,19.93,25.59,13.98,0.3517
2004-12-15,0.0,7.738,18.9,25.34,13.36,0.3361
2004-12-16,0.0,8.421,19.73,26.88,12.87,0.3238
2004-12-17,0.0,6.245,19.99,24.38,12.38,0.3115
2004-12-18,0.421,9.349,18.16,26.91,12.02,0.3024
2004-12-19,0.0,8.54,19.54,26.85,11.52,0.2898
2004-12-20,0.045,7.15,20.42,25.79,11.03,0.2775
2004-12-21,0.0,8.032,20.01,26.58,10.54,0.2652
2004-12-22,0.484,7.799,20.61,26.75,9.561,0.2406
2004-12-23,0.0,8.078,19.83,26.48,8.825,0.222
2004-12-24,0.0,8.813,19.02,26.82,8.089,0.2035
2004-12-25,0.0,7.438,19.29,25.23,7.721,0.1943
2004-12-26,0.0,8.963,17.71,26.04,7.721,0.1943
2004-12-27,0.0,8.121,18.68,25.65,7.721,0.1943
2004-12-28,0.219,8.006,18.09,25.01,7.475,0.1881
2004-12-29,0.049,8.161,16.83,24.27,7.475,0.1881
2004-12-30,0.0,7.762,18.41,24.93,7.23,0.1819
2004-12-31,0.0,8.06,19.01,25.78,7.089,0.1784
2005-01-01,0.0,9.137,19.25,27.34,6.949,0.1748
2005-01-02,0.0,8.288,19.13,26.13,6.737,0.1695
2005-01-03,0.0,6.031,20.03,24.14,6.597,0.166
2005-01-04,0.0,6.149,19.86,24.09,6.104,0.1536
2005-01-05,0.0,5.838,19.94,23.84,5.963,0.15
2005-01-06,0.0,6.618,19.49,24.34,5.611,0.1412
2005-01-07,0.0,8.177,18.99,25.82,5.33,0.1341
2005-01-08,3.067,6.71,20.52,25.25,5.119,0.1288
2005-01-09,3.875,7.102,20.22,25.44,5.119,0.1288
2005-01-10,5.92,6.272,20.45,24.66,5.119,0.1288
2005-01-11,3.591,7.717,20.62,26.46,5.4,0.1359
2005-01-12,0.095,7.882,20.87,26.88,5.4,0.1359
2005-01-13,0.0,7.824,21.08,26.91,5.4,0.1359
2005-01-14,3.411,7.822,21.11,26.9,5.26,0.1323
2005-01-15,1.264,7.091,20.35,25.43,5.26,0.1323
2005-01-16,0.0,6.522,20.17,24.6,5.119,0.1288
2005-01-17,0.081,7.757,19.05,25.13,7.033,0.1769
2005-01-18,0.0,8.147,18.32,25.05,6.385,0.1606
2005-01-19,0.0,9.776,17.24,26.34,5.611,0.1412
2005-01-20,0.0,8.538,18.69,25.76,5.26,0.1323
2005-01-21,0.0,8.364,19.6,26.22,4.978,0.1252
2005-01-22,0.0,8.098,20.39,26.48,4.908,0.1235
2005-01-23,0.0,7.406,20.53,25.77,4.837,0.1217
2005-01-24,1.307,6.49,21.05,25.19,4.837,0.1217
2005-01-25,1.973,6.838,20.13,24.78,4.696,0.1182
2005-01-26,0.548,8.41,19.84,26.35,4.696,0.1182
2005-01-27,0.074,8.342,20.36,26.67,4.556,0.1146
2005-01-28,0.0,9.687,20.7,28.46,4.415,0.1111
2005-01-29,0.0,7.744,19.93,25.56,4.274,0.1075
2005-01-30,0.0,9.06,18.5,26.0,4.274,0.1075
2005-01-31,0.0,8.235,19.76,25.92,4.274,0.1075
2005-02-01,0.0,8.487,18.78,25.47,4.134,0.104
2005-02-02,0.0,9.098,17.97,25.55,4.134,0.104
2005-02-03,0.0,8.474,19.48,25.91,3.993,0.1005
2005-02-04,0.0,7.768,19.51,25.1,3.993,0.1005
2005-02-05,0.886,7.765,20.28,25.7,3.852,0.0969
2005-02-06,0.0,8.172,20.38,26.22,3.852,0.0969
2005-02-07,0.116,7.562,21.34,26.27,3.711,0.0934
2005-02-08,3.866,6.906,21.17,25.44,3.711,0.0934
2005-02-09,0.018,5.821,19.82,23.18,3.571,0.0898
2005-02-10,0.0,5.498,19.48,22.6,3.43,0.0863
2005-02-11,3.577,4.344,20.64,22.61,3.289,0.0828
2005-02-12,2.084,5.829,20.25,23.52,3.289,0.0828
2005-02-13,0.078,6.815,20.36,24.56,3.289,0.0828
2005-02-14,0.0,8.241,19.61,25.45,3.148,0.0792
2005-02-15,0.0,9.26,19.45,26.45,3.148,0.0792
2005-02-16,2.617,7.489,20.16,25.01,3.148,0.0792
2005-02-17,0.0,9.079,20.48,26.99,3.007,0.0757
2005-02-18,0.0,8.164,19.66,25.3,3.007,0.0757
2005-02-19,0.0,7.973,18.78,24.41,3.007,0.0757
2005-02-20,0.0,8.654,18.95,25.26,3.007,0.0757
2005-02-21,1.212,7.118,19.54,24.06,2.867,0.0721
2005-02-22,0.0,9.184,18.82,25.72,2.867,0.0721
2005-02-23,0.0,11.369,17.7,27.4,2.867,0.0721
2005-02-24,0.0,8.979,18.87,25.44,2.726,0.0686
2005-02-25,0.0,9.63,19.45,26.57,2.726,0.0686
2005-02-26,0.0,10.593,21.24,28.96,2.726,0.0686
2005-02-27,0.0,9.256,22.12,28.21,2.726,0.0686
2005-02-28,0.0,10.214,21.12,28.42,2.726,0.0686
2005-03-01,0.247,7.052,21.64,25.56,2.585,0.065
2005-03-02,0.0,7.509,21.95,26.22,2.585,0.065
2005-03-03,0.0,5.288,22.03,24.36,2.585,0.065
2005-03-04,0.0,11.543,20.1,28.99,2.585,0.065
2005-03-05,9.876,8.748,21.18,26.78,2.585,0.065
2005-03-06,0.0,9.916,21.04,27.84,2.585,0.065
2005-03-07,0.0,9.807,20.4,27.22,2.444,0.0615
2005-03-08,0.0,11.118,19.94,28.28,2.444,0.0615
2005-03-09,0.0,10.147,21.26,28.21,2.444,0.0615
2005-03-10,0.0,8.951,21.12,26.83,2.444,0.0615
2005-03-11,0.469,9.661,21.19,27.61,3.57,0.0898
2005-03-12,0.0,9.022,21.77,27.37,2.656,0.0668
2005-03-13,0.0,10.662,20.64,28.17,2.585,0.065
2005-03-14,0.0,10.212,20.22,27.35,2.585,0.065
2005-03-15,0.0,12.913,17.96,28.7,2.726,0.0686
2005-03-16,0.0,12.213,19.43,28.92,2.585,0.065
2005-03-17,0.0,11.471,21.11,29.32,2.585,0.065
2005-03-18,0.0,10.974,21.52,29.09,2.585,0.065
2005-03-19,0.338,11.275,21.67,29.49,2.444,0.0615
2005-03-20,0.0,10.46,21.18,28.24,2.444,0.0615
2005-03-21,3.047,9.615,21.3,27.44,2.444,0.0615
2005-03-22,0.0,12.161,20.03,29.16,2.444,0.0615
2005-03-23,0.489,12.389,20.75,29.89,2.444,0.0615
2005-03-24,2.122,9.68,22.06,28.07,2.444,0.0615
2005-03-25,4.386,11.618,20.79,29.06,2.444,0.0615
2005-03-26,0.0,11.394,21.74,29.54,2.444,0.0615
2005-03-27,0.0,11.345,21.3,29.15,2.444,0.0615
2005-03-28,0.0,12.422,20.91,29.95,2.444,0.0615
2005-03-29,0.0,10.562,21.42,28.39,2.444,0.0615
2005-03-30,0.0,10.95,21.74,29.01,2.444,0.0615
2005-03-31,0.0,10.854,21.16,28.46,2.444,0.0615
2005-04-01,0.323,11.105,21.55,29.03,2.444,0.0615
2005-04-02,5.25,9.87,21.81,27.97,2.444,0.0615
2005-04-03,5.357,6.699,21.7,24.95,2.444,0.0615
2005-04-04,5.222,9.179,21.66,27.17,2.585,0.065
2005-04-05,1.686,8.004,22.12,26.44,2.444,0.0615
2005-04-06,5.254,7.622,21.77,25.8,2.304,0.058
2005-04-07,5.516,8.123,21.65,26.16,2.163,0.0544
2005-04-08,10.681,8.63,21.42,26.42,2.163,0.0544
2005-04-09,1.971,8.995,21.86,27.19,2.163,0.0544
2005-04-10,5.555,10.528,22.56,29.16,2.304,0.058
2005-04-11,8.329,7.874,21.89,26.12,2.304,0.058
2005-04-12,4.762,10.05,20.71,27.24,2.726,0.0686
2005-04-13,5.008,9.388,21.58,27.27,4.345,0.1093
2005-04-14,2.605,8.541,22.8,27.46,13.0,0.3271
2005-04-15,8.768,9.501,21.75,27.51,10.17,0.2559
2005-04-16,1.693,10.539,23.18,29.68,6.245,0.1571
2005-04-17,3.088,9.173,22.37,27.67,14.47,0.3641
2005-04-18,2.793,8.547,22.06,26.85,15.33,0.3857
2005-04-19,5.31,7.655,22.05,26.04,8.212,0.2066
2005-04-20,3.811,8.162,21.89,26.37,6.104,0.1536
2005-04-21,10.687,8.466,22.27,26.94,5.33,0.1341
2005-04-22,15.38,8.007,21.32,25.76,12.42,0.3125
2005-04-23,1.006,10.442,21.71,28.4,27.33,0.6876
2005-04-24,0.041,10.292,20.83,27.56,39.68,0.9983
2005-04-25,0.294,9.117,22.09,27.4,25.65,0.6453
2005-04-26,3.28,8.378,21.92,26.6,13.98,0.3517
2005-04-27,0.067,11.379,21.56,29.18,11.28,0.2838
2005-04-28,1.495,10.075,22.18,28.37,9.807,0.2467
2005-04-29,0.085,11.55,21.42,29.25,7.475,0.1881
2005-04-30,0.294,10.069,20.7,27.21,6.034,0.1518
2005-05-01,0.576,9.282,21.24,26.9,4.274,0.1075
2005-05-02,4.05,9.422,21.53,27.28,3.922,0.0987
2005-05-03,15.745,7.952,21.53,25.91,3.219,0.081
2005-05-04,1.219,8.996,21.82,27.1,5.752,0.1447
2005-05-05,3.545,8.816,21.89,27.01,5.471,0.1376
2005-05-06,1.092,8.66,21.77,26.76,6.279,0.158
2005-05-07,6.216,10.245,21.36,27.98,6.667,0.1677
2005-05-08,7.393,10.306,21.63,28.22,18.17,0.4572
2005-05-09,7.145,8.265,22.44,26.97,16.31,0.4104
2005-05-10,7.595,9.199,22.28,27.68,20.2,0.5082
2005-05-11,6.088,9.598,22.52,28.26,14.35,0.361
2005-05-12,3.621,9.746,22.93,28.74,11.28,0.2838
2005-05-13,4.929,9.859,22.74,28.71,20.19,0.508
2005-05-14,13.065,9.041,22.02,27.33,24.91,0.6267
2005-05-15,17.088,6.324,22.19,25.08,16.31,0.4104
2005-05-16,3.351,10.405,21.23,28.07,24.72,0.622
2005-05-17,34.665,5.632,21.64,24.06,57.12,1.4371
2005-05-18,8.927,10.482,20.25,27.41,75.15,1.8908
2005-05-19,20.932,8.504,20.92,25.96,76.09,1.9144
2005-05-20,8.542,9.175,20.66,26.42,155.6,3.9149
2005-05-21,6.12,8.822,21.38,26.66,151.9,3.8218
2005-05-22,10.001,10.363,21.32,28.14,140.5,3.535
2005-05-23,6.733,9.121,21.5,27.06,91.0,2.2895
2005-05-24,3.373,9.736,20.64,26.97,62.53,1.5732
2005-05-25,0.432,9.901,21.25,27.64,56.06,1.4105
2005-05-26,5.995,10.676,22.39,29.29,48.65,1.224
2005-05-27,0.0,10.032,22.24,28.56,30.12,0.7578
2005-05-28,14.978,11.2,22.07,29.57,24.16,0.6079
2005-05-29,0.0,12.093,21.69,30.22,20.19,0.508
2005-05-30,0.829,11.343,22.08,29.75,17.66,0.4443
2005-05-31,7.207,11.087,22.15,29.57,14.84,0.3734
2005-06-01,12.567,9.182,21.87,27.47,22.86,0.5752
2005-06-02,0.212,10.71,22.32,29.33,19.81,0.4984
2005-06-03,0.264,11.035,21.49,29.03,17.66,0.4443
2005-06-04,4.393,10.102,21.73,28.28,17.66,0.4443
2005-06-05,10.34,9.334,21.92,27.65,15.94,0.401
2005-06-06,14.63,6.686,21.59,24.93,19.08,0.48
2005-06-07,11.075,10.002,20.61,27.3,62.6,1.575
2005-06-08,10.094,8.957,21.35,26.84,72.33,1.8198
2005-06-09,12.325,9.828,21.45,27.81,77.24,1.9433
2005-06-10,13.312,9.678,21.47,27.67,138.8,3.4922
2005-06-11,12.439,9.819,20.86,27.35,145.2,3.6532
2005-06-12,10.323,8.883,21.22,26.66,147.5,3.7111
2005-06-13,0.0,10.175,21.72,28.36,90.9,2.287
2005-06-14,5.471,10.573,21.19,28.35,78.1,1.965
2005-06-15,11.368,10.517,21.12,28.25,71.01,1.7866
2005-06-16,9.663,11.019,21.65,29.19,74.33,1.8701
2005-06-17,2.299,10.703,22.12,29.23,77.06,1.9388
2005-06-18,6.099,11.343,21.5,29.47,71.01,1.7866
2005-06-19,5.171,11.462,22.48,30.25,57.11,1.4369
2005-06-20,7.368,9.747,21.84,28.05,46.14,1.1609
2005-06-21,3.467,9.678,21.44,27.64,39.9,1.0039
2005-06-22,8.943,10.216,22.48,29.01,44.6,1.1221
2005-06-23,10.294,9.121,20.93,26.68,65.92,1.6585
2005-06-24,7.083,10.408,20.96,28.04,62.53,1.5732
2005-06-25,13.247,10.429,20.33,27.58,59.26,1.491
2005-06-26,1.643,10.227,20.86,27.82,48.04,1.2087
2005-06-27,0.0,10.555,20.91,28.12,40.48,1.0185
2005-06-28,0.449,11.001,20.78,28.5,38.67,0.9729
2005-06-29,5.188,9.897,21.18,27.7,27.52,0.6924
2005-06-30,21.45,6.554,21.54,24.81,43.94,1.1055
2005-07-01,11.7,9.317,21.03,26.95,44.41,1.1173
2005-07-02,1.499,10.839,21.87,29.15,57.52,1.4472
2005-07-03,2.857,10.885,20.96,28.52,45.93,1.1556
2005-07-04,0.0,11.769,20.16,28.84,32.73,0.8235
2005-07-05,3.228,10.056,21.47,28.06,29.38,0.7392
2005-07-06,13.862,9.585,20.89,27.12,26.77,0.6735
2005-07-07,5.621,11.163,21.53,29.21,23.79,0.5986
2005-07-08,7.577,10.739,22.24,29.33,33.11,0.833
2005-07-09,7.54,11.297,21.19,29.11,29.19,0.7344
2005-07-10,14.565,10.695,21.29,28.54,38.8,0.9762
2005-07-11,8.777,9.905,21.58,27.97,48.88,1.2298
2005-07-12,5.278,10.109,20.63,27.44,60.58,1.5242
2005-07-13,8.857,9.361,20.66,26.71,64.97,1.6346
2005-07-14,8.15,9.848,21.08,27.5,55.1,1.3863
2005-07-15,1.505,9.965,20.78,27.4,36.24,0.9118
2005-07-16,5.708,10.764,20.32,27.86,179.2,4.5086
2005-07-17,3.844,9.77,21.77,27.95,113.8,2.8632
2005-07-18,0.0,10.779,21.74,28.95,70.47,1.773
2005-07-19,4.457,9.493,22.14,27.99,51.52,1.2962
2005-07-20,5.4,9.714,21.78,27.88,42.62,1.0723
2005-07-21,0.511,10.722,22.28,29.31,33.67,0.8471
2005-07-22,0.0,11.608,21.01,29.23,30.12,0.7578
2005-07-23,2.042,10.113,21.6,28.14,27.89,0.7017
2005-07-24,4.815,11.427,21.67,29.52,24.35,0.6126
2005-07-25,0.0,10.886,21.95,29.19,22.86,0.5752
2005-07-26,0.0,11.552,21.8,29.74,18.52,0.466
2005-07-27,0.098,12.283,21.88,30.56,16.92,0.4257
2005-07-28,2.78,12.725,22.26,31.28,15.57,0.3917
2005-07-29,0.0,11.519,21.29,29.3,14.47,0.3641
2005-07-30,2.798,10.404,22.01,28.75,14.22,0.3578
2005-07-31,1.748,11.964,21.94,30.26,13.36,0.3361
2005-08-01,1.98,10.47,21.72,28.56,13.49,0.3394
2005-08-02,16.414,9.054,21.82,27.24,14.59,0.3671
2005-08-03,0.094,11.131,21.45,29.03,17.29,0.435
2005-08-04,1.303,11.94,21.23,29.7,16.31,0.4104
2005-08-05,2.593,10.698,21.32,28.44,15.33,0.3857
2005-08-06,5.033,10.145,21.08,27.7,14.1,0.3548
2005-08-07,0.059,11.097,21.11,28.7,12.38,0.3115
2005-08-08,1.254,12.088,21.36,29.91,11.52,0.2898
2005-08-09,2.591,10.025,21.27,27.74,10.67,0.2685
2005-08-10,0.373,11.053,21.28,28.8,12.38,0.3115
2005-08-11,8.403,11.625,21.23,29.35,16.56,0.4166
2005-08-12,11.772,11.439,20.49,28.59,17.41,0.438
2005-08-13,9.367,9.172,21.93,27.43,16.06,0.4041
2005-08-14,7.994,9.551,20.91,27.0,14.71,0.3701
2005-08-15,10.712,9.927,20.41,26.95,13.86,0.3487
2005-08-16,4.158,7.711,21.51,25.71,12.38,0.3115
2005-08-17,5.393,7.044,21.3,24.91,17.9,0.4504
2005-08-18,1.053,10.283,20.64,27.5,15.82,0.398
2005-08-19,1.516,11.905,20.98,29.41,14.35,0.361
2005-08-20,0.016,11.379,21.72,29.45,12.51,0.3147
2005-08-21,5.014,10.888,21.19,28.56,10.91,0.2745
2005-08-22,3.695,10.35,21.56,28.3,10.05,0.2529
2005-08-23,7.526,10.57,21.0,28.08,9.07,0.2282
2005-08-24,3.484,11.137,21.5,29.03,17.29,0.435
2005-08-25,7.315,11.023,20.78,28.37,15.57,0.3917
2005-08-26,9.698,10.794,20.96,28.28,18.64,0.469
2005-08-27,5.84,10.23,20.05,27.02,43.99,1.1068
2005-08-28,5.097,10.463,19.92,27.16,33.85,0.8517
2005-08-29,2.566,10.455,21.24,28.2,26.02,0.6547
2005-08-30,4.696,10.864,20.67,28.16,20.06,0.5047
2005-08-31,4.875,11.11,21.67,29.17,18.52,0.466
2005-09-01,0.0,11.683,21.42,29.58,16.31,0.4104
2005-09-02,0.954,11.151,21.17,28.84,12.38,0.3115
2005-09-03,19.141,9.846,20.9,27.33,16.06,0.4041
2005-09-04,5.129,11.974,20.64,29.31,14.71,0.3701
2005-09-05,3.872,12.115,21.56,30.13,13.24,0.3331
2005-09-06,0.512,12.31,20.32,29.46,11.4,0.2868
2005-09-07,0.665,11.956,21.21,29.76,11.16,0.2808
2005-09-08,9.393,12.159,21.47,30.17,9.929,0.2498
2005-09-09,8.629,11.805,21.38,29.75,13.0,0.3271
2005-09-10,4.153,12.771,21.85,31.11,13.61,0.3424
2005-09-11,0.0,13.205,21.94,31.64,11.89,0.2991
2005-09-12,2.902,11.597,21.65,29.75,10.42,0.2622
2005-09-13,8.534,9.667,21.81,27.91,9.561,0.2406
2005-09-14,3.478,12.569,21.39,30.61,8.948,0.2251
2005-09-15,16.618,10.581,21.52,28.64,17.29,0.435
2005-09-16,4.382,10.901,21.88,29.3,15.82,0.398
2005-09-17,3.998,9.731,21.59,27.89,13.73,0.3454
2005-09-18,3.349,10.62,21.56,28.78,10.54,0.2652
2005-09-19,8.995,10.943,21.49,29.09,19.25,0.4843
2005-09-20,9.149,9.581,21.01,27.32,34.6,0.8705
2005-09-21,20.576,7.218,21.24,25.2,51.61,1.2985
2005-09-22,3.622,10.517,19.43,27.13,35.67,0.8974
2005-09-23,11.462,8.886,20.0,25.84,111.8,2.8129
2005-09-24,10.887,7.824,20.47,25.2,78.62,1.9781
2005-09-25,20.901,9.361,20.43,26.71,75.23,1.8928
2005-09-26,0.147,9.405,20.0,26.43,55.52,1.3969
2005-09-27,1.123,9.696,19.85,26.65,46.71,1.1752
2005-09-28,11.96,8.787,20.1,25.95,60.67,1.5264
2005-09-29,5.658,8.506,20.42,25.94,44.64,1.1231
2005-09-30,7.816,9.95,20.19,27.24,40.57,1.0207
2005-10-01,5.087,9.915,19.89,27.0,79.61,2.003
2005-10-02,27.493,9.549,19.31,26.18,90.73,2.2827
2005-10-03,5.036,9.647,19.91,26.78,64.16,1.6143
2005-10-04,3.835,8.747,19.77,25.75,62.12,1.5629
2005-10-05,9.075,9.737,20.65,27.51,62.36,1.569
2005-10-06,9.347,8.542,20.64,26.25,97.1,2.443
2005-10-07,3.609,9.028,20.07,26.32,72.01,1.8118
2005-10-08,8.22,9.2,18.67,25.43,69.07,1.7378
2005-10-09,13.973,5.928,19.47,22.69,103.5,2.604
2005-10-10,12.066,8.662,18.71,24.92,135.8,3.4167
2005-10-11,22.077,7.513,19.24,24.12,131.1,3.2984
2005-10-12,11.61,8.916,18.8,25.32,126.3,3.1777
2005-10-13,14.027,9.678,18.29,25.83,124.5,3.1324
2005-10-14,3.539,9.269,19.13,26.03,151.3,3.8067
2005-10-15,12.526,7.217,19.86,24.42,160.1,4.0281
2005-10-16,5.247,8.635,19.48,25.62,175.5,4.4155
2005-10-17,4.993,9.806,19.72,27.17,220.4,5.5452
2005-10-18,6.831,9.985,19.55,27.28,194.5,4.8936
2005-10-19,10.784,9.473,19.98,27.06,198.9,5.0043
2005-10-20,7.086,9.373,21.07,27.83,159.5,4.013
2005-10-21,6.142,9.711,19.95,27.38,87.59,2.2037
2005-10-22,6.126,8.158,19.63,25.39,91.19,2.2943
2005-10-23,8.811,8.378,19.41,25.46,101.0,2.5411
2005-10-24,8.3,6.167,19.38,23.11,91.19,2.2943
2005-10-25,7.629,9.352,19.61,26.81,83.96,2.1124
2005-10-26,4.307,8.376,19.37,25.52,76.66,1.9288
2005-10-27,3.257,9.087,19.75,26.68,68.04,1.7119
2005-10-28,13.771,7.135,20.19,24.85,104.6,2.6317
2005-10-29,19.209,7.057,19.95,24.61,203.6,5.1225
2005-10-30,12.563,8.377,20.02,26.13,178.8,4.4986
2005-10-31,0.0,9.406,20.55,27.75,169.1,4.2545
2005-11-01,6.957,9.207,20.86,27.8,155.8,3.9199
2005-11-02,9.159,8.733,20.24,26.8,132.7,3.3387
2005-11-03,8.0,8.962,21.02,27.7,110.2,2.7726
2005-11-04,8.947,8.982,20.43,27.28,103.9,2.6141
2005-11-05,1.513,8.855,19.91,26.76,72.95,1.8354
2005-11-06,0.0,9.424,19.56,27.21,64.97,1.6346
2005-11-07,1.74,8.684,21.09,27.52,54.32,1.3667
2005-11-08,1.496,7.911,20.8,26.47,47.83,1.2034
2005-11-09,10.806,8.058,20.32,26.27,43.71,1.0997
2005-11-10,13.035,7.516,20.66,25.96,41.89,1.0539
2005-11-11,41.874,5.995,20.61,24.29,43.03,1.0826
2005-11-12,6.017,7.663,19.97,25.57,40.57,1.0207
2005-11-13,20.72,7.479,19.81,25.27,82.29,2.0704
2005-11-14,28.953,6.242,20.59,24.57,221.2,5.5653
2005-11-15,,,,,,
2005-11-16,,,,,,
2005-11-17,,,,,,
2005-11-18,,,,,,
2005-11-19,,,,,,
2005-11-20,0.0,7.481,20.46,25.95,215.4,5.4194
2005-11-21,3.412,7.072,20.5,25.5,163.3,4.1086
2005-11-22,,,,,,
2005-11-23,,,,,,
2005-11-24,,,,,,
2005-11-25,,,,,,
2005-11-26,,,,,,
2005-11-27,0.0,9.481,18.57,27.16,231.4,5.822
2005-11-28,0.0,10.611,16.65,27.34,150.7,3.7916
2005-11-29,0.0,8.36,18.59,25.73,111.4,2.8028
2005-11-30,0.0,8.941,18.21,26.23,92.74,2.3333
2005-12-01,0.178,7.321,19.8,25.4,86.66,2.1803
2005-12-02,0.225,8.188,19.37,26.16,76.66,1.9288
2005-12-03,0.0,8.627,18.59,26.14,63.99,1.61
2005-12-04,0.0,8.362,20.34,27.14,59.26,1.491
2005-12-05,0.242,7.803,20.18,26.35,56.38,1.4185
2005-12-06,0.044,7.818,19.96,26.2,51.56,1.2972
2005-12-07,0.0,8.305,19.39,26.38,47.36,1.1916
2005-12-08,0.0,8.535,18.83,26.25,42.34,1.0653
2005-12-09,0.0,7.6,18.88,25.11,39.46,0.9928
2005-12-10,0.0,8.46,19.15,26.41,36.28,0.9128
2005-12-11,1.321,7.753,20.04,26.2,34.97,0.8798
2005-12-12,2.943,8.121,20.88,27.35,34.04,0.8564
2005-12-13,1.904,8.076,20.11,26.73,33.67,0.8471
2005-12-14,0.0,10.229,17.09,27.34,31.8,0.8001
2005-12-15,0.0,8.946,18.44,26.56,29.38,0.7392
2005-12-16,0.0,8.761,18.14,26.12,27.14,0.6828
2005-12-17,0.0,8.914,18.27,26.4,24.91,0.6267
2005-12-18,0.0,8.538,19.36,26.72,22.3,0.5611
2005-12-19,0.0,9.324,18.37,27.02,20.8,0.5233
2005-12-20,0.0,9.322,17.07,26.09,20.25,0.5095
2005-12-21,0.0,9.613,17.15,26.54,19.38,0.4876
2005-12-22,0.0,8.795,18.95,26.74,19.01,0.4783
2005-12-23,0.0,9.281,18.15,26.8,18.4,0.4629
2005-12-24,0.0,9.209,19.14,27.42,17.29,0.435
2005-12-25,0.521,8.779,19.78,27.33,16.68,0.4197
2005-12-26,2.81,8.519,20.11,27.25,16.31,0.4104
2005-12-27,1.335,8.477,18.67,26.09,15.82,0.398
2005-12-28,0.0,10.257,16.06,26.64,14.96,0.3764
2005-12-29,0.0,9.666,16.03,25.79,13.98,0.3517
2005-12-30,0.0,9.932,16.92,26.76,13.36,0.3361
2005-12-31,0.0,9.599,16.89,26.26,13.36,0.3361
2006-01-01,0.0,8.637,18.91,26.43,13.12,0.3301
2006-01-02,0.0,9.249,18.1,26.63,12.75,0.3208
2006-01-03,0.221,8.557,18.76,26.21,12.63,0.3178
2006-01-04,2.554,5.526,20.61,24.06,12.38,0.3115
2006-01-05,2.719,6.642,20.31,25.02,12.14,0.3054
2006-01-06,2.751,8.238,18.66,25.66,11.89,0.2991
2006-01-07,0.077,8.479,19.21,26.39,11.52,0.2898
2006-01-08,0.032,7.346,19.32,25.04,10.91,0.2745
2006-01-09,0.0,9.365,17.22,26.03,10.3,0.2591
2006-01-10,0.0,9.423,17.76,26.46,10.05,0.2529
2006-01-11,0.0,8.653,19.25,26.53,9.561,0.2406
2006-01-12,0.0,8.515,19.34,26.41,9.07,0.2282
2006-01-13,0.0,8.997,19.7,27.27,8.702,0.2189
2006-01-14,0.0,9.217,20.88,28.43,8.457,0.2128
2006-01-15,0.0,9.025,20.33,27.76,8.457,0.2128
2006-01-16,0.0,8.7,20.24,27.26,8.212,0.2066
2006-01-17,0.0,9.693,18.97,27.51,7.721,0.1943
2006-01-18,0.059,8.94,19.11,26.65,7.966,0.2004
2006-01-19,1.327,7.925,18.5,24.87,7.966,0.2004
2006-01-20,0.0,9.077,17.86,25.83,7.598,0.1912
2006-01-21,0.0,9.794,17.87,26.74,7.353,0.185
2006-01-22,0.0,9.861,19.23,27.79,7.089,0.1784
2006-01-23,1.485,8.157,20.64,26.76,6.878,0.173
2006-01-24,0.402,8.894,20.08,27.15,6.737,0.1695
2006-01-25,0.0,7.122,21.26,26.03,6.385,0.1606
2006-01-26,2.542,7.908,20.73,26.46,6.245,0.1571
2006-01-27,0.616,6.908,21.01,25.57,6.245,0.1571
2006-01-28,4.498,6.334,20.52,24.5,6.245,0.1571
2006-01-29,0.315,7.953,19.34,25.32,6.034,0.1518
2006-01-30,0.0,9.16,19.54,26.88,5.963,0.15
2006-01-31,0.0,10.431,18.41,27.59,5.823,0.1465
2006-02-01,2.275,9.264,18.23,25.98,5.682,0.143
2006-02-02,1.206,7.0,20.56,25.15,5.682,0.143
2006-02-03,0.177,8.407,20.79,26.85,5.541,0.1394
2006-02-04,11.134,8.002,21.0,26.59,5.4,0.1359
2006-02-05,2.044,9.014,19.75,26.68,12.51,0.3147
2006-02-06,0.0,10.893,17.38,27.21,7.212,0.1815
2006-02-07,0.0,10.367,18.34,27.2,6.456,0.1624
2006-02-08,0.0,9.511,19.83,27.24,5.893,0.1483
2006-02-09,0.0,10.559,18.68,27.6,5.611,0.1412
2006-02-10,0.0,10.653,17.8,27.06,5.33,0.1341
2006-02-11,0.0,9.945,18.55,26.72,5.048,0.127
2006-02-12,0.0,10.102,19.32,27.41,4.837,0.1217
2006-02-13,0.0,8.872,20.9,27.18,4.837,0.1217
2006-02-14,0.0,9.422,19.28,26.52,4.556,0.1146
2006-02-15,0.0,8.481,19.61,25.69,4.556,0.1146
2006-02-16,0.0,9.003,18.8,25.62,4.415,0.1111
2006-02-17,0.0,9.201,19.83,26.6,4.415,0.1111
2006-02-18,0.339,8.91,20.64,26.87,4.415,0.1111
2006-02-19,0.0,10.223,17.93,26.3,4.274,0.1075
2006-02-20,0.0,11.516,16.11,26.58,4.274,0.1075
2006-02-21,0.0,9.933,18.96,26.68,4.274,0.1075
2006-02-22,0.0,10.3,19.5,27.46,4.274,0.1075
2006-02-23,0.0,9.142,20.71,27.06,4.134,0.104
2006-02-24,0.0,10.504,18.76,27.08,3.852,0.0969
2006-02-25,0.0,10.069,19.16,26.85,3.711,0.0934
2006-02-26,0.0,10.274,20.05,27.73,3.571,0.0898
2006-02-27,1.028,8.777,20.44,26.36,3.43,0.0863
2006-02-28,0.311,8.452,20.09,25.7,3.43,0.0863
2006-03-01,0.0,10.386,20.1,27.81,3.43,0.0863
2006-03-02,0.101,11.127,20.65,28.99,3.43,0.0863
2006-03-03,2.737,9.923,20.82,27.79,3.43,0.0863
2006-03-04,0.129,8.098,21.7,26.58,3.43,0.0863
2006-03-05,0.347,8.713,21.62,27.08,3.289,0.0828
2006-03-06,1.132,8.07,20.88,25.84,3.289,0.0828
2006-03-07,1.874,8.188,20.35,25.49,3.289,0.0828
2006-03-08,1.746,8.128,19.56,24.79,3.289,0.0828
2006-03-09,0.422,7.827,19.95,24.79,3.289,0.0828
2006-03-10,0.007,8.618,20.32,25.86,3.289,0.0828
2006-03-11,0.0,10.665,19.98,27.71,3.148,0.0792
2006-03-12,0.03,10.726,19.47,27.37,3.148,0.0792
2006-03-13,0.0,12.499,18.22,28.43,3.148,0.0792
2006-03-14,0.0,10.774,19.11,27.1,3.148,0.0792
2006-03-15,0.0,11.172,19.77,28.02,3.148,0.0792
2006-03-16,0.0,10.451,20.61,27.88,3.148,0.0792
2006-03-17,0.788,10.14,20.48,27.41,3.148,0.0792
2006-03-18,1.118,11.223,19.39,27.71,3.148,0.0792
2006-03-19,0.08,11.378,19.79,28.17,3.148,0.0792
2006-03-20,0.0,10.059,20.99,27.68,3.148,0.0792
2006-03-21,0.254,10.688,20.78,28.13,3.148,0.0792
2006-03-22,2.969,8.385,21.35,26.3,3.148,0.0792
2006-03-23,3.903,7.834,21.28,25.71,3.148,0.0792
2006-03-24,3.643,9.095,20.86,26.58,3.289,0.0828
2006-03-25,4.037,6.994,21.07,24.73,4.556,0.1146
2006-03-26,2.516,7.092,21.1,24.85,9.296,0.2339
2006-03-27,0.8,7.638,21.21,25.42,22.4,0.5636
2006-03-28,3.617,8.819,20.86,26.23,11.16,0.2808
2006-03-29,0.573,10.21,21.01,27.71,8.948,0.2251
2006-03-30,2.217,10.517,19.68,27.01,13.49,0.3394
2006-03-31,1.047,8.665,20.64,25.86,7.019,0.1766
2006-04-01,1.401,8.752,20.39,25.73,5.963,0.15
2006-04-02,2.233,6.73,20.5,23.93,4.908,0.1235
2006-04-03,1.536,7.935,20.16,24.76,4.696,0.1182
2006-04-04,0.469,7.687,20.52,24.83,4.485,0.1128
2006-04-05,9.29,6.37,20.45,23.58,4.415,0.1111
2006-04-06,0.31,9.346,20.11,26.1,4.837,0.1217
2006-04-07,2.113,9.9,20.4,26.86,4.696,0.1182
2006-04-08,2.011,8.399,20.82,25.71,4.556,0.1146
2006-04-09,4.466,10.286,20.67,27.46,4.415,0.1111
2006-04-10,8.547,9.136,21.03,26.58,6.034,0.1518
2006-04-11,7.51,10.674,20.42,27.64,6.597,0.166
2006-04-12,3.74,9.351,20.69,26.5,6.034,0.1518
2006-04-13,15.294,8.088,20.65,25.29,12.26,0.3085
2006-04-14,8.206,8.538,19.75,24.96,31.5,0.7925
2006-04-15,9.481,9.014,19.83,25.5,96.1,2.4179
2006-04-16,0.593,7.477,21.49,25.4,50.29,1.2653
2006-04-17,0.0,9.189,21.06,26.63,35.89,0.903
2006-04-18,4.84,9.044,22.07,27.35,26.4,0.6642
2006-04-19,9.166,9.812,21.45,27.59,24.35,0.6126
2006-04-20,4.297,10.443,21.77,28.44,39.31,0.989
2006-04-21,3.695,11.284,21.76,29.28,31.06,0.7815
2006-04-22,0.055,10.463,21.83,28.49,18.46,0.4644
2006-04-23,1.74,9.137,21.72,27.13,13.49,0.3394
2006-04-24,9.438,9.788,21.4,27.52,11.16,0.2808
2006-04-25,1.095,9.358,21.77,27.39,10.79,0.2715
2006-04-26,19.081,4.204,22.05,23.42,10.54,0.2652
2006-04-27,13.271,8.81,20.82,26.12,26.77,0.6735
2006-04-28,7.242,6.89,21.44,24.87,35.53,0.8939
2006-04-29,3.087,9.842,21.17,27.38,34.78,0.8751
2006-04-30,0.823,9.229,21.2,26.81,26.96,0.6783
2006-05-01,7.467,7.61,21.36,25.44,31.99,0.8049
2006-05-02,3.137,8.033,21.31,25.78,62.85,1.5813
2006-05-03,7.886,7.16,21.95,25.56,59.17,1.4887
2006-05-04,9.776,10.185,20.56,27.28,38.41,0.9664
2006-05-05,10.512,8.686,21.18,26.31,27.7,0.6969
2006-05-06,10.481,6.869,21.38,24.82,42.59,1.0716
2006-05-07,22.372,7.859,21.29,25.61,165.5,4.1639
2006-05-08,18.176,7.955,21.5,25.9,147.8,3.7186
2006-05-09,6.307,8.21,20.74,25.49,136.5,3.4343
2006-05-10,9.675,9.719,21.14,27.31,97.51,2.4533
2006-05-11,4.664,8.973,20.41,25.95,110.8,2.7877
2006-05-12,7.979,9.688,20.09,26.45,217.2,5.4647
2006-05-13,12.556,10.214,20.62,27.42,198.4,4.9917
2006-05-14,10.916,10.112,21.26,27.78,215.7,5.427
2006-05-15,8.019,10.89,22.05,29.2,193.0,4.8558
2006-05-16,4.625,9.812,22.61,28.59,156.9,3.9476
2006-05-17,22.815,8.906,20.92,26.35,137.9,3.4695
2006-05-18,11.36,8.494,21.1,26.09,134.5,3.384
2006-05-19,4.87,11.056,21.39,28.9,130.1,3.2733
2006-05-20,2.002,11.199,20.96,28.68,95.43,2.401
2006-05-21,0.0,11.974,19.97,28.76,72.99,1.8364
2006-05-22,0.0,12.376,20.77,29.8,51.68,1.3003
2006-05-23,0.0,11.458,21.42,29.32,44.41,1.1173
2006-05-24,0.239,10.628,21.04,28.21,34.97,0.8798
2006-05-25,1.572,11.692,20.32,28.79,33.67,0.8471
2006-05-26,0.0,11.084,21.11,28.74,31.43,0.7908
2006-05-27,0.0,10.476,21.45,28.35,25.84,0.6501
2006-05-28,15.347,10.346,21.38,28.18,29.19,0.7344
2006-05-29,9.498,8.174,21.01,25.75,23.97,0.6031
2006-05-30,0.712,9.74,21.16,27.41,21.36,0.5374
2006-05-31,3.36,9.909,21.22,27.63,20.25,0.5095
2006-06-01,12.077,7.762,21.74,26.01,19.63,0.4939
2006-06-02,16.092,6.702,21.0,24.41,66.77,1.6799
2006-06-03,2.477,9.703,20.67,27.06,73.47,1.8485
2006-06-04,9.175,9.593,20.6,26.86,63.1,1.5876
2006-06-05,21.307,9.108,20.67,26.42,63.46,1.5966
2006-06-06,7.404,8.616,21.06,26.27,46.94,1.181
2006-06-07,12.977,8.332,21.22,26.12,38.06,0.9576
2006-06-08,6.162,9.191,21.09,26.87,35.34,0.8891
2006-06-09,2.823,10.655,20.91,28.21,31.8,0.8001
2006-06-10,10.581,8.27,21.32,26.21,31.06,0.7815
2006-06-11,2.053,10.061,20.92,27.62,33.29,0.8376
2006-06-12,0.0,11.406,19.47,27.93,29.57,0.744
2006-06-13,0.0,10.564,21.25,28.4,28.26,0.711
2006-06-14,3.753,8.106,21.47,26.14,26.58,0.6687
2006-06-15,10.603,8.726,20.86,26.22,23.23,0.5845
2006-06-16,2.84,11.389,20.35,28.58,18.03,0.4536
2006-06-17,0.622,10.098,20.46,27.32,17.66,0.4443
2006-06-18,3.751,9.384,20.36,26.53,34.6,0.8705
2006-06-19,0.05,9.252,21.86,27.56,28.63,0.7203
2006-06-20,0.19,10.475,20.69,27.88,22.61,0.5689
2006-06-21,0.651,9.036,21.77,27.29,15.94,0.401
2006-06-22,12.084,10.273,20.94,27.88,20.43,0.514
2006-06-23,3.401,10.383,21.22,28.22,16.19,0.4073
2006-06-24,18.159,8.312,21.12,26.06,37.21,0.9362
2006-06-25,5.23,9.874,21.36,27.81,39.02,0.9817
2006-06-26,3.503,10.445,21.11,28.17,55.19,1.3886
2006-06-27,0.163,11.004,21.16,28.8,35.38,0.8902
2006-06-28,0.516,9.529,21.92,27.87,26.02,0.6547
2006-06-29,0.135,11.0,21.41,28.98,20.8,0.5233
2006-06-30,0.0,10.582,21.85,28.87,18.03,0.4536
2006-07-01,1.004,12.104,22.79,31.17,15.7,0.395
2006-07-02,2.241,10.764,22.04,29.22,14.35,0.361
2006-07-03,2.743,10.761,21.94,29.14,13.98,0.3517
2006-07-04,2.866,10.795,21.64,28.94,13.0,0.3271
2006-07-05,9.039,9.335,21.17,27.05,15.94,0.401
2006-07-06,0.0,11.047,21.81,29.32,14.71,0.3701
2006-07-07,0.046,9.773,21.4,27.68,13.0,0.3271
2006-07-08,3.257,9.512,21.62,27.62,12.63,0.3178
2006-07-09,1.724,10.541,21.34,28.44,11.52,0.2898
2006-07-10,0.397,12.525,21.53,30.64,11.16,0.2808
2006-07-11,0.063,11.897,21.68,30.08,10.54,0.2652
2006-07-12,1.978,9.145,22.0,27.53,9.561,0.2406
2006-07-13,4.002,9.138,21.65,27.27,8.334,0.2097
2006-07-14,13.103,7.734,21.5,25.78,7.844,0.1974
2006-07-15,16.994,9.631,21.74,27.8,12.19,0.3067
2006-07-16,6.387,8.173,21.54,26.23,17.05,0.429
2006-07-17,2.654,8.71,21.88,27.03,14.96,0.3764
2006-07-18,2.222,9.832,21.23,27.61,13.73,0.3454
2006-07-19,1.659,10.232,20.7,27.59,22.86,0.5752
2006-07-20,5.126,10.349,21.49,28.34,28.82,0.7251
2006-07-21,2.46,11.598,20.88,29.11,28.26,0.711
2006-07-22,0.849,9.772,21.6,27.79,18.15,0.4567
2006-07-23,0.642,10.829,21.08,28.49,14.84,0.3734
2006-07-24,0.0,11.638,20.78,29.07,12.26,0.3085
2006-07-25,0.0,10.876,20.71,28.21,10.42,0.2622
2006-07-26,2.501,11.682,20.64,28.99,10.42,0.2622
2006-07-27,8.792,6.469,21.25,24.42,12.51,0.3147
2006-07-28,9.744,9.81,20.72,27.14,26.21,0.6594
2006-07-29,5.993,10.999,19.67,27.58,35.6,0.8957
2006-07-30,10.763,11.188,20.51,28.39,70.72,1.7793
2006-07-31,2.916,11.061,21.65,29.12,50.4,1.2681
2006-08-01,1.269,12.003,21.13,29.7,33.67,0.8471
2006-08-02,0.562,11.756,22.44,30.41,25.09,0.6313
2006-08-03,0.895,11.911,20.43,29.06,18.89,0.4753
2006-08-04,2.174,11.254,20.9,28.74,16.06,0.4041
2006-08-05,9.924,10.888,20.7,28.18,21.01,0.5286
2006-08-06,6.416,11.741,21.08,29.34,31.8,0.8001
2006-08-07,0.333,11.138,21.38,28.94,17.41,0.438
2006-08-08,0.067,12.839,20.82,30.29,13.98,0.3517
2006-08-09,0.756,9.289,20.95,26.74,12.02,0.3024
2006-08-10,0.835,11.583,21.19,29.28,11.52,0.2898
2006-08-11,6.287,11.28,21.89,29.48,11.4,0.2868
2006-08-12,3.318,12.021,20.8,29.43,11.89,0.2991
2006-08-13,0.143,11.637,22.46,30.25,12.14,0.3054
2006-08-14,0.807,12.283,21.84,30.47,11.52,0.2898
2006-08-15,2.632,11.38,21.62,29.38,10.42,0.2622
2006-08-16,9.824,11.95,22.02,30.23,10.05,0.2529
2006-08-17,16.323,10.108,21.73,28.18,11.03,0.2775
2006-08-18,7.663,6.855,20.94,24.48,17.73,0.4461
2006-08-19,9.312,9.288,20.86,26.67,26.4,0.6642
2006-08-20,13.524,10.873,21.14,28.5,49.89,1.2552
2006-08-21,2.108,10.444,20.94,27.9,44.19,1.1118
2006-08-22,0.0,11.628,20.85,29.06,33.48,0.8423
2006-08-23,5.73,11.535,21.29,29.27,23.41,0.589
2006-08-24,8.299,8.913,21.48,26.82,18.52,0.466
2006-08-25,4.11,9.056,20.98,26.54,19.63,0.4939
2006-08-26,5.664,9.307,20.1,26.08,23.42,0.5892
2006-08-27,8.439,10.331,19.89,26.99,18.27,0.4597
2006-08-28,0.643,11.029,20.96,28.56,26.96,0.6783
2006-08-29,3.777,10.894,20.97,28.42,17.05,0.429
2006-08-30,3.973,9.973,21.41,27.81,14.71,0.3701
2006-08-31,8.59,10.124,20.64,27.37,17.66,0.4443
2006-09-01,6.188,10.228,21.09,27.84,18.4,0.4629
2006-09-02,4.856,9.644,21.04,27.24,15.82,0.398
2006-09-03,2.308,11.888,20.5,29.15,14.96,0.3764
2006-09-04,0.941,10.253,20.2,27.18,12.63,0.3178
2006-09-05,6.534,9.939,20.26,26.93,11.77,0.2961
2006-09-06,2.058,9.546,20.0,26.32,11.16,0.2808
2006-09-07,10.795,7.772,20.51,24.99,15.21,0.3827
2006-09-08,6.499,11.373,19.49,27.88,15.82,0.398
2006-09-09,4.774,10.918,19.19,27.21,25.09,0.6313
2006-09-10,3.486,10.72,20.84,28.24,39.39,0.991
2006-09-11,3.597,11.493,20.37,28.71,20.06,0.5047
2006-09-12,3.805,12.161,20.67,29.64,16.43,0.4134
2006-09-13,6.839,10.096,20.26,27.19,14.47,0.3641
2006-09-14,5.029,9.389,20.96,27.0,12.51,0.3147
2006-09-15,5.854,10.091,21.36,28.08,11.28,0.2838
2006-09-16,11.328,11.165,20.56,28.56,16.75,0.4214
2006-09-17,0.593,8.887,21.04,26.58,16.56,0.4166
2006-09-18,6.026,7.418,21.36,25.46,15.57,0.3917
2006-09-19,4.541,9.083,20.64,26.49,34.01,0.8557
2006-09-20,2.845,11.079,20.06,28.17,35.5,0.8932
2006-09-21,0.184,11.924,20.3,29.29,44.36,1.1161
2006-09-22,0.991,11.697,20.95,29.52,32.36,0.8142
2006-09-23,0.705,12.036,20.21,29.36,25.28,0.636
2006-09-24,1.56,11.748,20.55,29.32,18.03,0.4536
2006-09-25,23.791,9.154,20.9,26.86,32.65,0.8215
2006-09-26,8.354,11.639,21.18,29.75,25.46,0.6406
2006-09-27,1.322,12.495,20.77,30.36,18.89,0.4753
2006-09-28,2.482,10.238,21.74,28.7,16.68,0.4197
2006-09-29,4.561,10.145,21.7,28.6,16.43,0.4134
2006-09-30,4.204,11.33,21.51,29.77,23.97,0.6031
2006-10-01,2.247,11.5,20.14,28.93,16.06,0.4041
2006-10-02,2.25,10.508,20.12,27.82,14.59,0.3671
2006-10-03,12.234,7.622,20.77,25.33,13.36,0.3361
2006-10-04,3.779,9.203,21.19,27.31,12.14,0.3054
2006-10-05,5.227,10.135,21.27,28.41,17.85,0.4491
2006-10-06,3.927,10.544,22.12,29.49,15.21,0.3827
2006-10-07,5.396,11.937,21.89,30.88,13.98,0.3517
2006-10-08,13.94,11.214,22.04,30.21,16.43,0.4134
2006-10-09,12.266,9.514,21.42,27.93,16.8,0.4227
2006-10-10,0.318,9.993,21.5,28.54,13.24,0.3331
2006-10-11,15.139,8.486,21.5,26.98,38.5,0.9687
2006-10-12,17.28,8.168,20.58,25.9,28.07,0.7062
2006-10-13,21.097,8.396,20.41,26.08,43.84,1.103
2006-10-14,3.926,8.991,21.01,27.16,38.06,0.9576
2006-10-15,3.328,8.777,20.15,26.28,30.68,0.7719
2006-10-16,15.739,7.788,20.37,25.44,23.6,0.5938
2006-10-17,0.996,7.011,19.71,24.11,78.33,1.9708
2006-10-18,0.243,8.002,19.27,24.85,68.04,1.7119
2006-10-19,5.617,8.367,19.43,25.39,84.79,2.1333
2006-10-20,3.394,8.271,18.63,24.65,82.28,2.0701
2006-10-21,0.0,8.597,18.65,25.06,92.82,2.3353
2006-10-22,0.0,9.421,19.99,27.09,77.71,1.9552
2006-10-23,12.912,8.475,21.1,26.92,64.37,1.6195
2006-10-24,7.639,9.381,20.44,27.46,51.18,1.2877
2006-10-25,0.83,9.692,21.52,28.66,43.28,1.0889
2006-10-26,0.0,9.243,21.46,28.11,35.16,0.8846
2006-10-27,6.33,9.25,21.19,27.96,29.75,0.7485
2006-10-28,5.816,9.321,21.22,28.08,30.87,0.7767
2006-10-29,7.161,7.8,20.25,25.63,26.02,0.6547
2006-10-30,10.875,8.774,20.56,27.0,33.48,0.8423
2006-10-31,2.651,7.992,20.71,26.27,31.43,0.7908
2006-11-01,0.0,10.592,20.43,29.07,27.52,0.6924
2006-11-02,0.0,10.078,19.95,28.18,21.92,0.5515
2006-11-03,0.0,10.16,20.77,28.88,18.64,0.469
2006-11-04,0.0,10.227,20.28,28.62,16.92,0.4257
2006-11-05,0.0,10.012,20.5,28.56,15.21,0.3827
2006-11-06,0.993,8.751,21.56,27.92,13.86,0.3487
2006-11-07,0.19,9.123,20.74,27.76,12.51,0.3147
2006-11-08,8.209,7.114,20.85,25.57,12.38,0.3115
2006-11-09,0.912,5.634,20.98,24.21,12.14,0.3054
2006-11-10,2.285,8.861,20.46,27.32,12.75,0.3208
2006-11-11,0.868,7.725,20.45,26.02,13.36,0.3361
2006-11-12,3.793,7.186,20.37,25.35,13.86,0.3487
2006-11-13,1.514,6.902,20.62,25.3,13.49,0.3394
2006-11-14,12.415,6.075,20.67,24.46,16.68,0.4197
2006-11-15,34.544,4.029,20.07,21.96,70.76,1.7803
2006-11-16,0.378,7.006,19.15,24.24,53.23,1.3393
2006-11-17,7.536,8.214,19.66,26.14,38.5,0.9687
2006-11-18,11.658,7.559,20.04,25.66,36.09,0.908
2006-11-19,12.475,8.331,19.62,26.3,36.94,0.9294
2006-11-20,9.315,8.33,20.08,26.66,36.28,0.9128
2006-11-21,8.496,7.093,19.88,25.04,35.16,0.8846
2006-11-22,10.03,8.735,19.73,26.95,33.29,0.8376
2006-11-23,3.781,7.99,20.71,26.8,33.85,0.8517
2006-11-24,3.561,6.864,20.08,25.02,43.23,1.0877
2006-11-25,14.259,6.905,20.16,25.12,33.67,0.8471
2006-11-26,9.707,7.247,20.72,25.98,52.27,1.3151
2006-11-27,6.037,6.509,20.9,25.32,47.58,1.1971
2006-11-28,1.372,5.758,20.94,24.55,43.94,1.1055
2006-11-29,3.758,7.121,20.35,25.56,37.97,0.9553
2006-11-30,0.0,9.274,20.16,28.11,27.89,0.7017
2006-12-01,0.039,7.675,20.76,26.57,21.55,0.5422
2006-12-02,0.0,8.39,19.96,26.84,18.4,0.4629
2006-12-03,0.038,6.26,20.4,24.66,15.57,0.3917
2006-12-04,0.0,6.66,19.95,24.74,14.96,0.3764
2006-12-05,0.0,9.71,17.02,26.47,12.51,0.3147
2006-12-06,0.0,8.125,20.17,26.74,13.61,0.3424
2006-12-07,0.244,8.025,20.8,27.1,12.87,0.3238
2006-12-08,2.83,8.435,20.81,27.66,12.87,0.3238
2006-12-09,0.219,8.087,20.37,26.87,11.4,0.2868
2006-12-10,0.0,8.308,20.24,27.05,10.67,0.2685
2006-12-11,0.0,7.44,20.16,25.92,10.67,0.2685
2006-12-12,0.345,8.555,20.78,27.82,10.54,0.2652
2006-12-13,18.914,6.498,20.61,25.17,13.12,0.3301
2006-12-14,0.0,9.476,17.6,26.68,11.16,0.2808
2006-12-15,0.0,10.329,16.14,26.85,10.05,0.2529
2006-12-16,0.0,9.143,18.14,26.61,9.439,0.2375
2006-12-17,0.0,8.376,19.13,26.33,8.702,0.2189
2006-12-18,0.0,8.815,19.21,26.96,8.457,0.2128
2006-12-19,0.0,8.36,19.83,26.85,7.282,0.1832
2006-12-20,0.505,7.277,20.95,26.4,6.808,0.1713
2006-12-21,0.505,8.303,20.32,27.17,6.878,0.173
2006-12-22,0.0,8.681,19.94,27.33,6.949,0.1748
2006-12-23,0.0,8.521,20.16,27.3,7.089,0.1784
2006-12-24,0.0,7.912,20.34,26.68,6.667,0.1677
2006-12-25,0.0,8.362,19.45,26.53,6.315,0.1589
2006-12-26,0.079,8.251,19.21,26.23,6.034,0.1518
2006-12-27,0.077,7.127,20.12,25.54,5.963,0.15
2006-12-28,1.089,8.385,19.35,26.5,5.963,0.15
2006-12-29,0.0,7.964,19.3,25.88,5.752,0.1447
2006-12-30,0.0,8.485,19.46,26.67,5.471,0.1376
2006-12-31,0.0,7.933,19.83,26.23,5.189,0.1306
2007-01-01,2.844,8.909,19.31,27.08,5.048,0.127
2007-01-02,0.0,8.971,20.07,27.71,5.33,0.1341
2007-01-03,0.0,8.167,19.39,26.18,5.189,0.1306
2007-01-04,0.0,8.402,19.88,26.82,5.048,0.127
2007-01-05,0.0,8.639,19.34,26.68,4.767,0.1199
2007-01-06,0.0,9.188,18.19,26.56,4.556,0.1146
2007-01-07,0.0,9.053,18.49,26.56,4.485,0.1128
2007-01-08,0.0,8.679,18.89,26.39,4.415,0.1111
2007-01-09,0.0,9.333,18.36,26.82,4.274,0.1075
2007-01-10,0.0,7.84,19.71,25.9,4.274,0.1075
2007-01-11,1.05,7.176,20.26,25.5,4.134,0.104
2007-01-12,3.017,6.555,20.01,24.58,4.204,0.1058
2007-01-13,0.0,6.951,20.02,25.03,4.063,0.1022
2007-01-14,0.0,8.03,19.97,26.26,3.852,0.0969
2007-01-15,0.0,7.892,19.36,25.58,3.711,0.0934
2007-01-16,0.0,8.007,19.8,26.06,3.711,0.0934
2007-01-17,0.0,6.843,20.13,24.93,3.711,0.0934
2007-01-18,0.0,6.948,20.08,24.99,3.571,0.0898
2007-01-19,0.0,10.092,16.23,26.04,3.571,0.0898
2007-01-20,0.0,11.161,17.23,28.12,3.571,0.0898
2007-01-21,0.0,9.903,18.49,27.33,3.571,0.0898
2007-01-22,0.0,9.397,18.94,26.99,3.571,0.0898
2007-01-23,0.0,10.921,17.94,28.2,3.571,0.0898
2007-01-24,0.0,10.583,19.23,28.66,3.571,0.0898
2007-01-25,2.421,9.651,20.15,28.13,3.43,0.0863
2007-01-26,0.271,7.356,20.29,25.45,3.43,0.0863
2007-01-27,0.0,8.024,20.45,26.34,3.289,0.0828
2007-01-28,0.0,10.122,19.38,28.0,3.289,0.0828
2007-01-29,0.0,10.914,19.02,28.7,3.289,0.0828
2007-01-30,0.0,7.548,20.3,25.59,3.219,0.081
2007-01-31,0.0,11.652,19.7,30.01,3.148,0.0792
2007-02-01,0.0,11.43,18.44,28.83,3.148,0.0792
2007-02-02,0.0,12.771,18.6,30.59,3.148,0.0792
2007-02-03,0.0,11.802,18.86,29.51,3.148,0.0792
2007-02-04,0.0,10.102,20.36,28.48,3.007,0.0757
2007-02-05,2.175,8.746,20.66,27.12,3.007,0.0757
2007-02-06,0.0,11.065,18.53,28.23,3.007,0.0757
2007-02-07,0.0,10.809,18.37,27.79,3.007,0.0757
2007-02-08,0.0,10.601,18.94,27.89,3.007,0.0757
2007-02-09,0.0,11.011,19.23,28.56,2.937,0.0739
2007-02-10,0.079,10.686,19.09,28.0,2.867,0.0721
2007-02-11,0.0,11.699,18.27,28.62,2.867,0.0721
2007-02-12,0.0,9.876,19.13,27.01,2.867,0.0721
2007-02-13,0.0,11.19,19.77,28.99,2.867,0.0721
2007-02-14,3.11,9.14,20.88,27.47,2.867,0.0721
2007-02-15,1.842,9.419,20.6,27.48,2.867,0.0721
2007-02-16,0.0,12.416,18.37,29.36,2.867,0.0721
2007-02-17,0.0,10.958,19.42,28.32,2.867,0.0721
2007-02-18,0.865,9.602,19.33,26.62,2.867,0.0721
2007-02-19,0.202,8.235,19.63,25.3,2.867,0.0721
2007-02-20,0.0,11.947,17.9,28.31,2.867,0.0721
2007-02-21,0.0,10.634,19.46,27.83,2.867,0.0721
2007-02-22,0.0,12.553,17.16,28.46,2.726,0.0686
2007-02-23,0.0,13.028,18.08,29.6,2.726,0.0686
2007-02-24,0.0,11.425,18.41,27.89,2.726,0.0686
2007-02-25,3.515,11.666,20.28,29.46,2.726,0.0686
2007-02-26,0.275,13.327,20.34,31.35,2.726,0.0686
2007-02-27,0.0,13.785,19.6,31.34,2.726,0.0686
2007-02-28,0.0,12.993,20.49,31.0,2.726,0.0686
2007-03-01,0.0,13.223,19.18,30.31,5.682,0.143
2007-03-02,0.0,12.194,19.43,29.27,5.682,0.143
2007-03-03,0.0,14.034,19.76,31.58,5.682,0.143
2007-03-04,0.0,11.209,20.03,28.53,5.541,0.1394
2007-03-05,0.0,12.296,18.74,28.8,5.541,0.1394
2007-03-06,0.0,9.904,19.71,26.8,5.4,0.1359
2007-03-07,0.0,10.87,20.14,28.15,5.4,0.1359
2007-03-08,0.296,9.889,20.8,27.61,5.4,0.1359
2007-03-09,3.354,8.776,21.33,26.86,5.259,0.1323
2007-03-10,2.657,11.71,20.36,29.17,5.259,0.1323
2007-03-11,0.403,12.524,20.79,30.33,5.259,0.1323
2007-03-12,1.839,13.516,19.42,30.44,5.259,0.1323
2007-03-13,0.0,12.591,18.91,29.02,5.259,0.1323
2007-03-14,0.0,11.822,19.71,28.71,5.259,0.1323
2007-03-15,0.0,12.115,20.58,29.63,5.259,0.1323
2007-03-16,0.63,10.518,20.6,27.93,5.259,0.1323
2007-03-17,6.487,7.961,21.86,26.38,5.259,0.1323
2007-03-18,4.008,9.051,21.23,26.88,5.259,0.1323
2007-03-19,0.917,11.021,20.13,28.04,5.259,0.1323
2007-03-20,0.089,11.318,19.98,28.22,5.259,0.1323
2007-03-21,0.0,11.104,20.17,28.11,5.259,0.1323
2007-03-22,2.516,9.749,20.21,26.7,5.259,0.1323
2007-03-23,6.167,8.587,20.91,26.1,5.259,0.1323
2007-03-24,1.007,8.659,20.83,26.09,5.259,0.1323
2007-03-25,0.115,7.269,20.7,24.68,5.259,0.1323
2007-03-26,5.86,8.922,20.22,25.86,5.259,0.1323
2007-03-27,5.488,10.314,19.78,26.94,5.259,0.1323
2007-03-28,1.682,10.922,20.42,28.02,20.33,0.5115
2007-03-29,13.163,7.604,21.65,25.74,40.96,1.0305
2007-03-30,3.147,8.137,21.83,26.38,55.15,1.3876
2007-03-31,5.868,10.722,19.77,27.27,56.68,1.4261
2007-04-01,2.552,8.628,21.13,26.26,34.71,0.8733
2007-04-02,2.063,9.368,21.1,26.94,18.11,0.4556
2007-04-03,2.693,7.516,21.05,25.11,11.86,0.2984
2007-04-04,0.735,9.755,20.4,26.77,10.43,0.2624
2007-04-05,4.67,8.363,21.83,26.57,8.334,0.2097
2007-04-06,10.146,9.082,21.5,26.97,7.893,0.1986
2007-04-07,3.736,9.022,22.26,27.48,17.32,0.4358
2007-04-08,6.373,7.043,22.65,26.05,47.27,1.1893
2007-04-09,2.277,10.165,21.18,27.73,66.24,1.6666
2007-04-10,2.109,11.3,21.45,29.09,71.81,1.8067
2007-04-11,0.298,11.212,20.88,28.55,62.4,1.57
2007-04-12,0.025,11.179,21.98,29.34,36.71,0.9236
2007-04-13,0.0,11.033,21.86,29.09,22.23,0.5593
2007-04-14,0.0,10.511,21.74,28.46,15.52,0.3905
2007-04-15,0.0,10.612,21.2,28.16,11.13,0.28
2007-04-16,0.181,11.21,21.8,29.23,8.682,0.2184
2007-04-17,5.422,9.568,22.11,27.85,6.808,0.1713
2007-04-18,0.0,8.775,22.67,27.56,5.611,0.1412
2007-04-19,17.74,9.469,22.41,28.0,4.978,0.1252
2007-04-20,21.092,6.146,21.51,24.32,6.989,0.1758
2007-04-21,4.417,8.794,21.34,26.49,31.55,0.7938
2007-04-22,7.966,8.34,20.86,25.65,43.17,1.0861
2007-04-23,2.401,9.943,21.66,27.86,36.55,0.9196
2007-04-24,3.245,9.655,21.27,27.26,39.95,1.0051
2007-04-25,5.101,7.67,21.96,25.97,35.28,0.8876
2007-04-26,5.242,8.717,21.66,26.69,22.72,0.5716
2007-04-27,7.413,10.202,20.08,26.88,76.12,1.9152
2007-04-28,0.071,11.033,19.55,27.33,136.0,3.4217
2007-04-29,1.621,9.898,20.71,27.06,90.28,2.2714
2007-04-30,6.143,8.404,22.03,26.7,59.55,1.4983
2007-05-01,5.129,8.505,21.08,26.0,39.09,0.9835
2007-05-02,3.433,9.466,20.94,26.84,49.92,1.256
2007-05-03,11.305,8.785,21.2,26.4,63.04,1.5861
2007-05-04,4.442,8.916,21.64,26.89,83.57,2.1026
2007-05-05,4.266,7.857,21.66,25.92,112.4,2.828
2007-05-06,1.924,7.784,21.78,25.94,154.0,3.8746
2007-05-07,9.157,7.264,21.92,25.61,145.8,3.6683
2007-05-08,5.013,9.642,20.97,27.06,138.0,3.4721
2007-05-09,6.607,9.561,21.86,27.69,131.0,3.2959
2007-05-10,7.335,8.781,21.91,27.02,160.8,4.0457
2007-05-11,3.246,10.227,22.05,28.51,195.7,4.9238
2007-05-12,4.239,11.783,22.84,30.68,209.7,5.276
2007-05-13,21.689,8.155,22.26,26.72,164.1,4.1287
2007-05-14,5.422,10.264,21.58,28.19,165.0,4.1514
2007-05-15,6.955,10.45,22.52,29.11,143.2,3.6029
2007-05-16,12.178,10.21,22.62,29.0,103.5,2.604
2007-05-17,12.856,9.569,21.91,27.77,98.2,2.4707
2007-05-18,15.5,9.118,21.9,27.34,110.1,2.7701
2007-05-19,19.985,6.714,21.18,24.61,133.9,3.3689
2007-05-20,6.151,9.264,21.62,27.28,140.9,3.545
2007-05-21,19.708,8.83,21.1,26.44,155.9,3.9224
2007-05-22,5.36,8.894,20.98,26.38,156.5,3.9375
2007-05-23,0.0,9.414,20.86,26.85,224.4,5.6459
2007-05-24,9.484,7.794,21.81,26.07,193.5,4.8684
2007-05-25,7.356,7.346,21.27,25.2,156.4,3.935
2007-05-26,11.773,8.287,20.77,25.65,141.4,3.5576
2007-05-27,10.928,10.275,20.81,27.69,158.9,3.9979
2007-05-28,7.737,9.144,21.06,26.74,207.7,5.2257
2007-05-29,10.802,5.796,20.98,23.62,215.6,5.4245
2007-05-30,4.3,8.695,20.81,26.13,246.9,6.212
2007-05-31,13.224,7.999,21.11,25.68,171.9,4.325
2007-06-01,6.943,8.941,20.82,26.38,242.1,6.0912
2007-06-02,,,,,,
2007-06-03,16.836,8.626,20.53,25.87,228.6,5.7515
2007-06-04,,,,,,
2007-06-05,,,,,,
2007-06-06,,,,,,
2007-06-07,0.0,10.444,20.72,27.82,183.6,4.6193
2007-06-08,5.649,9.777,21.29,27.61,145.3,3.6557
2007-06-09,9.256,6.223,21.29,24.3,115.9,2.916
2007-06-10,9.625,8.834,20.36,25.92,121.6,3.0594
2007-06-11,0.264,9.972,21.68,28.12,160.3,4.0331
2007-06-12,1.935,9.536,22.09,28.03,141.5,3.5601
2007-06-13,9.419,11.211,20.5,28.5,148.5,3.7362
2007-06-14,0.81,9.428,21.95,27.85,129.0,3.2456
2007-06-15,7.147,10.347,21.06,28.06,157.5,3.9627
2007-06-16,0.0,10.945,20.58,28.27,107.6,2.7072
2007-06-17,0.0,10.632,20.68,28.02,126.4,3.1802
2007-06-18,0.0,11.301,20.41,28.53,93.05,2.3411
2007-06-19,0.989,10.065,21.06,27.72,85.31,2.1464
2007-06-20,3.217,8.95,21.88,27.26,85.04,2.1396
2007-06-21,0.0,10.796,21.91,29.18,84.38,2.123
2007-06-22,0.0,10.982,20.67,28.39,72.18,1.816
2007-06-23,0.0,11.122,20.33,28.27,59.98,1.5091
2007-06-24,0.158,11.279,20.01,28.2,51.14,1.2867
2007-06-25,0.0,10.541,20.93,28.12,44.36,1.1161
2007-06-26,0.0,9.973,21.41,27.9,38.59,0.9709
2007-06-27,10.29,10.142,20.82,27.62,34.41,0.8657
2007-06-28,0.0,10.25,21.11,27.98,31.43,0.7908
2007-06-29,0.054,9.954,20.95,27.55,29.19,0.7344
2007-06-30,11.023,9.275,21.79,27.53,28.26,0.711
2007-07-01,5.811,10.707,21.73,28.93,27.52,0.6924
2007-07-02,4.498,10.506,22.48,29.3,32.49,0.8174
2007-07-03,2.417,9.31,22.23,27.96,47.7,1.2001
2007-07-04,0.0,9.681,21.46,27.66,109.0,2.7424
2007-07-05,0.0,11.193,21.64,29.34,90.66,2.281
2007-07-06,0.407,9.573,21.64,27.68,72.59,1.8263
2007-07-07,3.333,9.656,21.86,27.95,55.36,1.3928
2007-07-08,5.817,8.066,21.73,26.31,47.07,1.1843
2007-07-09,7.198,10.556,21.04,28.2,42.58,1.0713
2007-07-10,0.211,10.812,20.97,28.42,47.13,1.1858
2007-07-11,1.418,9.733,21.17,27.47,9.193,0.2313
2007-07-12,0.0,10.94,20.8,28.41,8.141,0.2048
2007-07-13,1.76,10.868,21.67,28.99,6.667,0.1677
2007-07-14,0.96,12.339,21.2,30.17,5.963,0.15
2007-07-15,0.0,11.332,20.57,28.64,5.682,0.143
2007-07-16,3.06,10.081,21.72,28.22,5.4,0.1359
2007-07-17,1.502,12.945,20.67,30.41,4.837,0.1217
2007-07-18,0.0,12.6,20.11,29.63,4.696,0.1182
2007-07-19,0.0,11.299,21.06,28.97,4.696,0.1182
2007-07-20,3.992,10.214,21.24,28.01,4.345,0.1093
2007-07-21,7.957,10.359,21.38,28.23,4.345,0.1093
2007-07-22,2.687,9.711,21.47,27.64,4.696,0.1182
2007-07-23,2.808,10.333,21.44,28.25,5.541,0.1394
2007-07-24,2.819,10.706,21.58,28.72,5.119,0.1288
2007-07-25,2.687,11.467,21.26,29.24,4.837,0.1217
2007-07-26,1.817,11.565,21.25,29.35,4.626,0.1164
2007-07-27,9.772,10.54,21.83,28.74,4.415,0.1111
2007-07-28,5.488,9.982,21.49,27.94,4.274,0.1075
2007-07-29,3.803,11.313,21.62,29.36,4.274,0.1075
2007-07-30,2.346,9.55,21.81,27.73,4.415,0.1111
2007-07-31,3.587,10.797,21.62,28.85,6.456,0.1624
2007-08-01,4.448,10.437,20.88,27.87,8.948,0.2251
2007-08-02,4.314,10.219,20.53,27.38,10.91,0.2745
2007-08-03,3.361,10.637,20.16,27.56,9.07,0.2282
2007-08-04,6.526,9.555,21.4,27.37,9.384,0.2361
2007-08-05,4.816,9.592,21.09,27.2,22.48,0.5656
2007-08-06,9.734,9.069,21.06,26.66,24.16,0.6079
2007-08-07,8.315,8.479,21.25,26.22,23.17,0.583
2007-08-08,1.407,8.708,21.3,26.49,17.05,0.429
2007-08-09,8.821,8.604,21.04,26.2,31.24,0.786
2007-08-10,1.892,8.987,21.69,27.03,16.8,0.4227
2007-08-11,3.125,8.212,20.95,25.7,13.61,0.3424
2007-08-12,12.088,9.275,20.49,26.37,15.82,0.398
2007-08-13,6.807,9.956,20.98,27.45,26.4,0.6642
2007-08-14,8.677,8.054,20.84,25.48,26.21,0.6594
2007-08-15,2.117,9.891,21.18,27.53,21.68,0.5455
2007-08-16,0.602,12.409,20.48,29.59,16.06,0.4041
2007-08-17,0.341,10.632,21.44,28.45,13.12,0.3301
2007-08-18,7.44,8.845,20.52,25.98,11.16,0.2808
2007-08-19,1.395,10.596,19.65,27.09,16.68,0.4197
2007-08-20,11.752,8.992,20.68,26.23,53.23,1.3393
2007-08-21,5.77,10.126,20.62,27.36,28.26,0.711
2007-08-22,6.983,9.219,20.42,26.24,34.4,0.8655
2007-08-23,3.877,12.251,19.98,29.08,24.16,0.6079
2007-08-24,0.0,10.078,20.86,27.47,18.27,0.4597
2007-08-25,10.485,8.082,20.27,25.01,14.71,0.3701
2007-08-26,7.745,5.136,19.85,22.1,17.41,0.438
2007-08-27,0.189,10.047,19.18,26.16,36.5,0.9183
2007-08-28,8.074,11.613,20.75,28.98,29.38,0.7392
2007-08-29,2.959,10.263,21.19,27.94,73.18,1.8412
2007-08-30,15.674,7.581,21.05,25.22,40.76,1.0255
2007-08-31,9.214,9.775,20.45,26.88,33.85,0.8517
2007-09-01,6.825,9.601,19.6,26.04,68.86,1.7325
2007-09-02,2.717,9.377,19.92,26.07,38.35,0.9649
2007-09-03,3.422,10.485,19.16,26.66,42.67,1.0736
2007-09-04,15.243,9.89,19.63,26.4,59.83,1.5053
2007-09-05,7.505,8.919,19.63,25.4,68.25,1.7172
2007-09-06,2.514,10.396,19.9,27.15,63.55,1.5989
2007-09-07,4.261,10.833,20.47,28.03,50.7,1.2756
2007-09-08,9.808,9.995,19.72,26.59,36.34,0.9143
2007-09-09,7.152,7.246,20.81,24.75,29.19,0.7344
2007-09-10,15.889,9.699,20.48,26.95,50.7,1.2756
2007-09-11,17.951,11.806,19.7,28.53,41.03,1.0323
2007-09-12,0.695,9.586,20.91,27.12,30.68,0.7719
2007-09-13,1.162,8.939,21.65,27.09,24.16,0.6079
2007-09-14,0.613,8.798,20.22,25.8,19.5,0.4906
2007-09-15,12.264,9.125,21.4,27.11,17.54,0.4413
2007-09-16,24.835,7.012,20.31,24.18,57.74,1.4527
2007-09-17,7.813,9.024,20.65,26.45,47.13,1.1858
2007-09-18,2.528,9.448,20.84,27.02,52.57,1.3227
2007-09-19,9.226,9.342,21.38,27.35,44.41,1.1173
2007-09-20,5.446,9.307,20.28,26.47,65.26,1.6419
2007-09-21,11.238,10.563,19.8,27.47,85.91,2.1615
2007-09-22,0.981,10.145,20.45,27.53,63.14,1.5886
2007-09-23,3.051,9.195,21.18,27.1,43.52,1.095
2007-09-24,8.003,9.483,20.7,27.03,34.6,0.8705
2007-09-25,5.365,9.094,20.56,26.54,29.19,0.7344
2007-09-26,15.882,8.383,20.74,25.99,44.18,1.1116
2007-09-27,6.493,9.651,20.09,26.78,52.53,1.3216
2007-09-28,4.641,9.13,21.32,27.26,48.72,1.2258
2007-09-29,6.306,9.827,21.48,28.11,40.34,1.0149
2007-09-30,10.85,10.095,20.5,27.66,41.01,1.0318
2007-10-01,9.975,8.193,20.19,25.41,46.92,1.1805
2007-10-02,2.383,9.779,19.7,26.73,43.31,1.0897
2007-10-03,3.435,9.02,21.29,27.21,35.72,0.8987
2007-10-04,12.397,9.501,19.75,26.51,37.21,0.9362
2007-10-05,6.75,9.444,18.96,25.86,37.21,0.9362
2007-10-06,11.411,9.372,18.98,25.82,57.9,1.4568
2007-10-07,6.568,8.378,19.33,25.03,72.5,1.8241
2007-10-08,8.448,10.026,19.24,26.82,70.88,1.7833
2007-10-09,6.431,8.508,20.17,25.87,105.3,2.6493
2007-10-10,6.882,8.159,19.61,25.08,163.4,4.1111
2007-10-11,2.487,9.853,19.18,26.7,117.9,2.9663
2007-10-12,22.976,9.357,19.06,26.03,222.5,5.5981
2007-10-13,21.326,7.521,20.24,25.01,182.1,4.5816
2007-10-14,14.005,9.852,19.1,26.67,186.6,4.6948
2007-10-15,16.345,8.921,20.0,26.36,137.6,3.462
2007-10-16,9.24,9.09,18.8,25.63,127.4,3.2054
2007-10-17,5.294,8.794,20.52,26.64,100.1,2.5185
2007-10-18,15.768,7.835,20.79,25.9,136.4,3.4318
2007-10-19,23.052,8.041,19.74,25.26,106.1,2.6695
2007-10-20,8.115,7.249,19.95,24.6,108.6,2.7324
2007-10-21,29.661,8.17,19.47,25.24,115.2,2.8984
2007-10-22,6.973,8.581,19.16,25.49,103.6,2.6066
2007-10-23,8.646,8.614,19.49,25.8,107.1,2.6946
2007-10-24,10.253,7.675,19.7,24.95,144.4,3.6331
2007-10-25,10.774,6.844,19.22,23.67,158.6,3.9903
2007-10-26,7.542,8.082,18.83,24.78,201.8,5.0772
2007-10-27,10.841,8.704,19.09,25.71,226.3,5.6937
2007-10-28,,,,,,
2007-10-29,,,,,,
2007-10-30,19.058,8.918,18.78,25.8,257.6,6.4812
2007-10-31,,,,,,
2007-11-01,,,,,,
2007-11-02,,,,,,
2007-11-03,,,,,,
2007-11-04,,,,,,
2007-11-05,0.266,9.091,19.34,26.59,233.7,5.8798
2007-11-06,0.498,8.292,20.27,26.4,189.5,4.7678
2007-11-07,6.392,8.403,20.29,26.58,129.8,3.2657
2007-11-08,17.524,7.987,20.81,26.55,141.9,3.5702
2007-11-09,17.848,7.129,20.73,25.55,164.1,4.1287
2007-11-10,,,,,,
2007-11-11,,,,,,
2007-11-12,2.536,8.756,19.98,26.9,203.3,5.115
2007-11-13,0.154,8.58,20.38,27.0,156.6,3.94
2007-11-14,1.033,9.526,18.09,26.48,111.8,2.8129
2007-11-15,0.0,9.863,19.35,27.88,91.61,2.3049
2007-11-16,0.979,9.235,19.83,27.48,79.81,2.008
2007-11-17,3.361,8.663,20.43,27.26,73.49,1.849
2007-11-18,1.593,9.539,19.65,27.77,69.53,1.7494
2007-11-19,5.466,8.584,20.0,26.87,61.42,1.5453
2007-11-20,0.336,8.141,20.26,26.58,55.19,1.3886
2007-11-21,3.86,8.165,20.29,26.63,49.51,1.2457
2007-11-22,3.886,7.15,20.02,25.24,46.69,1.1747
2007-11-23,0.184,7.911,20.59,26.62,40.57,1.0207
2007-11-24,6.995,7.639,20.18,25.99,37.21,0.9362
2007-11-25,0.072,8.112,20.15,26.52,34.6,0.8705
2007-11-26,0.0,8.827,20.19,27.47,31.99,0.8049
2007-11-27,0.0,7.608,20.36,26.12,30.12,0.7578
2007-11-28,0.0,7.581,19.78,25.64,27.33,0.6876
2007-11-29,0.0,8.702,17.5,25.35,25.09,0.6313
2007-11-30,0.069,8.618,17.43,25.22,23.04,0.5797
2007-12-01,0.0,7.802,18.84,25.24,20.43,0.514
2007-12-02,0.0,8.202,18.37,25.39,19.87,0.4999
2007-12-03,0.0,8.688,17.92,25.73,19.69,0.4954
2007-12-04,2.468,7.116,18.74,24.35,18.64,0.469
2007-12-05,2.185,7.446,17.81,24.06,22.48,0.5656
2007-12-06,0.0,8.293,19.08,26.12,26.96,0.6783
2007-12-07,0.05,8.769,18.43,26.26,27.89,0.7017
2007-12-08,0.0,7.895,19.86,26.22,21.74,0.547
2007-12-09,0.0,8.82,19.14,26.86,19.69,0.4954
2007-12-10,0.0,8.907,18.33,26.39,19.19,0.4828
2007-12-11,0.0,8.104,19.19,26.0,17.78,0.4473
2007-12-12,0.0,7.508,20.22,26.06,16.06,0.4041
2007-12-13,2.152,6.657,20.65,25.42,15.08,0.3794
2007-12-14,1.995,8.424,19.51,26.7,14.47,0.3641
2007-12-15,0.0,5.836,20.78,24.59,18.03,0.4536
2007-12-16,1.279,7.457,19.85,25.76,17.66,0.4443
2007-12-17,0.0,8.76,18.98,26.71,19.39,0.4878
2007-12-18,0.0,8.013,18.86,25.67,15.21,0.3827
2007-12-19,0.0,8.248,19.52,26.49,13.61,0.3424
2007-12-20,0.667,8.204,19.11,26.1,12.51,0.3147
2007-12-21,0.0,7.412,20.21,25.95,11.65,0.2931
2007-12-22,0.0,8.35,18.42,25.77,11.52,0.2898
2007-12-23,3.686,6.976,20.58,25.73,10.42,0.2622
2007-12-24,1.931,6.156,20.6,24.77,10.67,0.2685
2007-12-25,0.328,6.829,20.11,25.16,11.65,0.2931
2007-12-26,0.059,7.139,19.87,25.34,11.65,0.2931
2007-12-27,2.263,6.597,20.63,25.32,9.807,0.2467
2007-12-28,0.0,7.509,20.03,25.9,9.316,0.2344
2007-12-29,0.0,8.104,19.47,26.2,8.089,0.2035
2007-12-30,0.0,9.035,18.9,26.97,7.475,0.1881
2007-12-31,0.353,10.687,17.48,28.18,7.475,0.1881
2008-01-01,0.0,9.454,18.08,26.93,7.162,0.1802
2008-01-02,0.0,9.018,17.57,25.93,6.88,0.1731
2008-01-03,0.0,8.194,17.24,24.6,6.528,0.1642
2008-01-04,0.0,7.579,17.85,24.24,6.106,0.1536
2008-01-05,0.118,7.824,18.63,25.16,5.824,0.1465
2008-01-06,0.0,8.526,19.46,26.64,5.754,0.1448
2008-01-07,0.242,7.685,19.42,25.52,5.824,0.1465
2008-01-08,3.531,6.616,19.48,24.27,5.754,0.1448
2008-01-09,0.0,7.928,19.05,25.52,5.959,0.1499
2008-01-10,0.339,8.328,17.58,24.88,5.818,0.1464
2008-01-11,0.0,7.813,18.4,24.82,5.677,0.1428
2008-01-12,0.0,9.598,17.65,26.61,5.396,0.1358
2008-01-13,0.0,8.923,18.86,26.56,5.255,0.1322
2008-01-14,1.62,8.082,20.02,26.37,5.12,0.1288
2008-01-15,0.0,7.748,20.21,26.08,5.108,0.1285
2008-01-16,0.0,7.841,19.53,25.64,4.833,0.1216
2008-01-17,0.0,9.151,17.5,25.74,4.692,0.118
2008-01-18,0.0,9.975,18.72,27.68,4.627,0.1164
2008-01-19,0.0,9.609,19.42,27.71,4.627,0.1164
2008-01-20,2.858,10.124,19.17,28.12,4.416,0.1111
2008-01-21,0.0,9.935,18.1,27.1,4.416,0.1111
2008-01-22,0.0,10.113,17.99,27.2,4.416,0.1111
2008-01-23,0.0,8.798,19.95,26.96,4.275,0.1076
2008-01-24,0.0,9.59,19.53,27.59,4.275,0.1076
2008-01-25,0.0,7.222,19.71,24.86,4.275,0.1076
2008-01-26,0.0,9.105,18.64,26.25,4.134,0.104
2008-01-27,0.0,9.232,18.18,26.06,4.134,0.104
2008-01-28,0.0,10.742,16.14,26.53,3.994,0.1005
2008-01-29,0.0,10.478,16.48,26.38,3.853,0.0969
2008-01-30,0.0,11.268,15.95,27.02,3.782,0.0952
2008-01-31,2.351,9.1,17.87,25.57,3.712,0.0934
2008-02-01,0.0,8.461,18.77,25.41,3.712,0.0934
2008-02-02,0.044,9.563,17.57,25.83,3.712,0.0934
2008-02-03,0.0,9.35,17.98,25.82,3.712,0.0934
2008-02-04,0.0,11.484,15.72,26.92,3.712,0.0934
2008-02-05,0.507,10.514,18.66,27.68,3.712,0.0934
2008-02-06,0.0,9.651,19.95,27.58,3.712,0.0934
2008-02-07,0.0,9.306,19.18,26.53,3.712,0.0934
2008-02-08,0.0,9.282,19.05,26.36,3.712,0.0934
2008-02-09,2.189,8.44,19.83,26.0,3.712,0.0934
2008-02-10,0.39,7.404,20.51,25.34,3.712,0.0934
2008-02-11,0.969,8.979,19.92,26.58,3.712,0.0934
2008-02-12,0.338,8.768,20.08,26.47,3.712,0.0934
2008-02-13,2.155,9.186,20.68,27.35,3.712,0.0934
2008-02-14,0.0,8.181,21.01,26.46,3.436,0.0864
2008-02-15,5.047,6.794,20.04,24.19,3.43,0.0863
2008-02-16,0.0,9.523,19.59,26.8,3.43,0.0863
2008-02-17,0.0,9.456,19.91,26.96,3.43,0.0863
2008-02-18,0.116,10.05,19.27,27.12,3.43,0.0863
2008-02-19,0.0,7.586,19.79,24.73,3.43,0.0863
2008-02-20,0.0,9.002,18.99,25.62,3.295,0.0829
2008-02-21,0.0,9.2,18.36,25.35,3.29,0.0828
2008-02-22,0.0,12.057,17.74,28.24,3.29,0.0828
2008-02-23,0.0,10.618,19.36,27.65,3.29,0.0828
2008-02-24,0.0,10.4,20.2,28.01,3.29,0.0828
2008-02-25,0.0,10.176,19.09,26.9,3.29,0.0828
2008-02-26,0.0,11.977,18.73,28.68,3.29,0.0828
2008-02-27,0.0,11.666,19.04,28.5,3.149,0.0792
2008-02-28,0.0,10.379,20.37,28.0,3.284,0.0826
2008-02-29,0.0,11.382,18.34,27.6,3.149,0.0792
2008-03-01,0.0,10.768,19.26,27.54,3.149,0.0792
2008-03-02,0.0,9.845,19.18,26.42,3.149,0.0792
2008-03-03,0.545,8.618,19.64,25.41,3.149,0.0792
2008-03-04,0.0,10.182,19.67,27.09,3.149,0.0792
2008-03-05,0.018,8.287,20.77,25.96,3.149,0.0792
2008-03-06,0.0,8.651,19.9,25.59,2.879,0.0724
2008-03-07,0.0,9.139,19.13,25.49,2.867,0.0721
2008-03-08,0.0,9.529,19.59,26.25,2.867,0.0721
2008-03-09,0.0,8.992,18.84,25.05,2.867,0.0721
2008-03-10,0.0,11.185,17.4,26.39,2.867,0.0721
2008-03-11,0.0,11.877,16.78,26.73,2.726,0.0686
2008-03-12,0.0,11.837,17.39,27.08,2.726,0.0686
2008-03-13,0.0,10.286,18.83,26.38,2.586,0.0651
2008-03-14,6.528,6.964,20.75,24.54,2.656,0.0668
2008-03-15,10.086,10.055,19.99,26.98,5.173,0.1302
2008-03-16,0.0,11.643,20.66,29.13,4.263,0.1073
2008-03-17,0.0,8.379,20.73,25.8,3.958,0.0996
2008-03-18,0.0,8.627,19.82,25.29,3.149,0.0792
2008-03-19,0.0,9.598,20.08,26.5,3.143,0.0791
2008-03-20,0.0,10.072,20.31,27.13,3.008,0.0757
2008-03-21,0.0,9.715,19.49,26.11,3.008,0.0757
2008-03-22,0.0,10.814,19.36,27.17,3.002,0.0755
2008-03-23,0.138,10.884,19.88,27.61,2.867,0.0721
2008-03-24,2.881,10.056,21.43,27.95,2.932,0.0738
2008-03-25,5.628,8.283,21.63,26.35,6.88,0.1731
2008-03-26,6.395,10.666,19.72,27.22,5.349,0.1346
2008-03-27,0.0,10.321,19.39,26.58,4.099,0.1031
2008-03-28,0.0,11.368,19.16,27.52,3.284,0.0826
2008-03-29,0.821,10.169,19.97,26.83,3.149,0.0792
2008-03-30,0.92,12.184,19.53,28.63,3.149,0.0792
2008-03-31,1.28,9.226,20.14,25.99,3.149,0.0792
2008-04-01,0.0,10.745,18.87,26.56,2.726,0.0686
2008-04-02,0.0,12.681,18.7,28.52,2.726,0.0686
2008-04-03,1.247,11.542,19.27,27.71,2.867,0.0721
2008-04-04,0.472,11.56,19.7,28.03,3.008,0.0757
2008-04-05,3.89,9.725,21.44,27.51,3.008,0.0757
2008-04-06,3.324,10.664,20.2,27.49,10.89,0.274
2008-04-07,3.155,11.752,20.59,28.87,4.205,0.1058
2008-04-08,3.284,9.452,21.55,27.31,3.078,0.0774
2008-04-09,4.181,11.324,20.54,28.38,2.867,0.0721
2008-04-10,1.75,10.959,20.85,28.23,2.726,0.0686
2008-04-11,4.38,13.193,20.09,30.01,2.726,0.0686
2008-04-12,3.303,12.379,20.32,29.31,2.726,0.0686
2008-04-13,0.0,10.592,20.7,27.73,2.726,0.0686
2008-04-14,3.79,9.143,21.34,26.83,2.726,0.0686
2008-04-15,7.601,8.126,21.78,26.24,9.686,0.2437
2008-04-16,3.885,8.928,21.8,26.99,9.44,0.2375
2008-04-17,0.922,11.355,21.3,28.96,5.331,0.1341
2008-04-18,1.745,10.696,21.85,28.73,3.782,0.0952
2008-04-19,2.101,11.634,21.52,29.4,3.29,0.0828
2008-04-20,1.292,12.723,20.88,30.06,3.008,0.0757
2008-04-21,2.612,13.146,20.43,30.15,2.726,0.0686
2008-04-22,3.797,10.424,21.63,28.26,2.656,0.0668
2008-04-23,3.145,7.771,22.05,26.14,2.586,0.0651
2008-04-24,13.729,6.082,22.0,24.67,4.768,0.12
2008-04-25,13.277,6.011,21.29,24.06,5.05,0.1271
2008-04-26,3.987,8.526,21.58,26.45,5.894,0.1483
2008-04-27,4.213,7.2,21.97,25.58,13.12,0.3301
2008-04-28,10.5,6.424,22.13,25.12,28.26,0.711
2008-04-29,8.373,10.186,20.92,27.55,45.03,1.1329
2008-04-30,10.742,7.199,22.22,25.8,42.95,1.0806
2008-05-01,7.95,6.982,21.35,24.87,21.07,0.5301
2008-05-02,18.566,7.864,20.88,25.25,13.61,0.3424
2008-05-03,4.899,7.066,21.1,24.76,18.84,0.474
2008-05-04,8.989,6.647,21.18,24.47,12.26,0.3085
2008-05-05,6.171,7.557,20.83,24.95,126.3,3.1777
2008-05-06,0.81,8.385,20.81,25.72,81.24,2.044
2008-05-07,8.125,9.049,21.03,26.56,50.67,1.2748
2008-05-08,1.268,9.593,21.77,27.64,34.04,0.8564
2008-05-09,3.451,8.775,22.93,27.81,23.97,0.6031
2008-05-10,3.224,9.259,22.0,27.56,17.91,0.4506
2008-05-11,3.962,10.261,21.76,28.31,14.35,0.361
2008-05-12,3.59,9.722,21.46,27.55,11.04,0.2778
2008-05-13,0.63,9.757,22.21,28.2,25.86,0.6506
2008-05-14,0.551,10.032,21.5,27.88,47.98,1.2072
2008-05-15,0.0,10.076,21.6,28.01,6.739,0.1696
2008-05-16,0.0,9.137,21.67,27.19,6.528,0.1642
2008-05-17,2.59,9.297,21.43,27.18,6.458,0.1625
2008-05-18,4.607,7.899,21.64,26.02,6.387,0.1607
2008-05-19,4.008,8.118,21.63,26.19,6.387,0.1607
2008-05-20,18.516,7.36,21.06,25.01,7.188,0.1808
2008-05-21,14.915,7.894,21.44,25.86,11.53,0.2901
2008-05-22,0.0,9.086,20.43,26.18,10.63,0.2674
2008-05-23,0.0,8.173,20.59,25.4,9.277,0.2334
2008-05-24,3.635,7.283,20.78,24.76,7.04,0.1771
2008-05-25,6.731,7.074,20.48,24.3,20.33,0.5115
2008-05-26,6.472,8.325,19.65,24.79,36.0,0.9058
2008-05-27,8.74,8.056,19.86,24.69,40.89,1.0288
2008-05-28,30.073,6.335,20.45,23.61,44.86,1.1287
2008-05-29,1.779,8.708,21.05,26.33,69.76,1.7551
2008-05-30,7.601,10.511,21.32,28.38,78.23,1.9683
2008-05-31,0.577,9.773,21.02,27.37,46.44,1.1684
2008-06-01,0.094,9.245,21.2,26.98,33.39,0.8401
2008-06-02,13.46,9.699,20.62,27.0,98.83,2.4865
2008-06-03,10.081,8.863,21.08,26.5,76.35,1.921
2008-06-04,9.585,9.003,20.99,26.6,75.63,1.9028
2008-06-05,18.031,8.594,20.76,26.0,75.83,1.9079
2008-06-06,3.554,7.76,22.06,26.28,51.21,1.2884
2008-06-07,0.146,9.344,21.33,27.21,31.8,0.8001
2008-06-08,1.387,8.478,21.21,26.25,24.72,0.622
2008-06-09,0.35,9.124,21.36,27.04,19.13,0.4813
2008-06-10,5.068,9.127,21.43,27.09,17.05,0.429
2008-06-11,0.0,10.833,20.38,28.0,13.86,0.3487
2008-06-12,1.14,9.331,20.86,26.81,11.89,0.2991
2008-06-13,0.0,9.245,22.05,27.68,10.3,0.2591
2008-06-14,2.927,9.564,21.33,27.49,10.9,0.2742
2008-06-15,21.964,5.773,22.04,24.6,20.16,0.5072
2008-06-16,0.0,9.652,21.53,27.7,35.47,0.8924
2008-06-17,0.0,9.357,21.74,27.56,25.98,0.6537
2008-06-18,0.0,9.643,21.45,27.6,18.56,0.467
2008-06-19,0.966,9.71,21.57,27.76,15.64,0.3935
2008-06-20,0.0,8.9,21.42,26.84,13.29,0.3344
2008-06-21,0.15,10.609,20.26,27.67,11.37,0.2861
2008-06-22,7.529,7.582,20.65,24.97,10.23,0.2574
2008-06-23,0.182,8.988,20.42,26.13,9.583,0.2411
2008-06-24,0.0,10.156,20.14,27.12,8.822,0.222
2008-06-25,7.278,8.066,20.63,25.4,8.76,0.2204
2008-06-26,4.217,10.495,20.57,27.79,13.33,0.3354
2008-06-27,0.614,9.526,20.98,27.12,15.39,0.3872
2008-06-28,0.291,9.331,21.01,26.98,11.48,0.2888
2008-06-29,7.091,7.028,20.83,24.6,12.29,0.3092
2008-06-30,1.635,9.584,21.04,27.22,11.66,0.2934
2008-07-01,2.492,9.197,21.54,27.23,9.297,0.2339
2008-07-02,2.811,8.95,20.97,26.56,8.387,0.211
2008-07-03,14.119,8.309,21.32,26.22,8.203,0.2064
2008-07-04,11.952,10.477,21.28,28.32,15.91,0.4003
2008-07-05,0.0,10.422,21.59,28.5,15.36,0.3865
2008-07-06,0.952,10.062,21.14,27.78,13.01,0.3273
2008-07-07,0.568,9.211,20.66,26.53,12.08,0.3039
2008-07-08,11.422,9.876,21.48,27.84,10.36,0.2607
2008-07-09,6.001,9.285,21.33,27.16,8.75,0.2201
2008-07-10,10.426,8.93,21.45,26.9,8.74,0.2199
2008-07-11,18.917,10.171,20.99,27.75,16.98,0.4272
2008-07-12,5.232,10.133,21.27,27.93,20.99,0.5281
2008-07-13,0.0,8.848,21.64,26.94,18.01,0.4531
2008-07-14,0.0,10.45,20.55,27.7,15.13,0.3807
2008-07-15,3.327,8.593,21.28,26.39,12.24,0.308
2008-07-16,7.37,8.359,20.48,25.53,58.55,1.4731
2008-07-17,4.36,8.491,21.03,26.1,62.52,1.573
2008-07-18,5.562,8.86,20.11,25.73,55.86,1.4054
2008-07-19,5.076,9.139,21.27,26.94,42.76,1.0758
2008-07-20,2.228,10.859,21.43,28.82,36.04,0.9068
2008-07-21,0.469,9.719,21.5,27.67,30.44,0.7659
2008-07-22,7.834,9.988,21.3,27.79,25.2,0.634
2008-07-23,5.674,9.677,20.93,27.16,25.61,0.6443
2008-07-24,0.0,9.968,21.54,27.93,23.68,0.5958
2008-07-25,0.0,10.214,21.68,28.28,18.14,0.4564
2008-07-26,0.983,9.606,20.71,26.91,14.89,0.3746
2008-07-27,2.327,9.228,21.47,27.16,13.1,0.3296
2008-07-28,9.781,8.617,21.22,26.38,12.63,0.3178
2008-07-29,0.875,9.698,22.08,28.07,12.45,0.3132
2008-07-30,0.0,11.253,21.6,29.27,12.01,0.3022
2008-07-31,0.627,10.926,20.85,28.35,10.09,0.2539
2008-08-01,2.549,10.26,20.84,27.69,9.686,0.2437
2008-08-02,2.439,9.491,21.01,27.03,9.686,0.2437
2008-08-03,5.992,9.028,20.84,26.41,10.71,0.2695
2008-08-04,6.571,10.644,20.7,27.92,15.63,0.3932
2008-08-05,0.06,9.727,21.8,27.86,12.24,0.308
2008-08-06,10.015,8.582,21.26,26.31,9.399,0.2365
2008-08-07,0.404,11.604,20.63,28.86,8.581,0.2159
2008-08-08,0.289,12.079,20.84,29.52,7.83,0.197
2008-08-09,0.815,10.182,21.24,27.88,6.997,0.176
2008-08-10,8.087,8.533,21.24,26.24,12.47,0.3137
2008-08-11,6.86,6.755,21.04,24.49,10.05,0.2529
2008-08-12,10.036,10.932,20.23,27.86,8.234,0.2072
2008-08-13,0.199,11.211,20.13,28.05,7.273,0.183
2008-08-14,4.848,9.684,20.99,27.15,7.009,0.1763
2008-08-15,16.368,7.848,20.51,25.01,48.3,1.2152
2008-08-16,1.25,8.977,20.32,25.97,25.37,0.6383
2008-08-17,11.359,8.996,19.68,25.47,20.91,0.5261
2008-08-18,0.044,10.446,20.26,27.37,22.89,0.5759
2008-08-19,0.305,9.24,21.46,27.14,22.06,0.555
2008-08-20,3.26,10.191,20.88,27.58,17.06,0.4292
2008-08-21,3.344,10.53,20.81,27.91,13.98,0.3517
2008-08-22,0.224,8.71,20.18,25.56,11.82,0.2974
2008-08-23,3.597,8.499,20.18,25.36,11.63,0.2926
2008-08-24,10.931,8.185,19.96,24.9,22.81,0.5739
2008-08-25,7.235,8.987,19.36,25.2,20.16,0.5072
2008-08-26,1.075,8.42,20.08,25.23,29.15,0.7334
2008-08-27,19.05,10.304,19.13,26.39,33.32,0.8383
2008-08-28,5.111,8.74,20.27,25.69,51.76,1.3023
2008-08-29,12.602,9.674,20.05,26.48,72.85,1.8329
2008-08-30,5.94,9.306,20.55,26.49,90.78,2.284
2008-08-31,3.077,10.564,20.64,27.84,67.68,1.7028
2008-09-01,2.36,8.557,20.88,26.06,54.43,1.3694
2008-09-02,2.946,8.382,20.34,25.42,41.82,1.0522
2008-09-03,3.193,7.739,21.11,25.44,50.18,1.2625
2008-09-04,11.135,7.206,19.32,23.42,45.17,1.1365
2008-09-05,0.074,10.765,20.28,27.84,43.93,1.1053
2008-09-06,0.0,12.052,20.81,29.58,30.76,0.7739
2008-09-07,6.893,9.796,21.75,27.98,24.42,0.6144
2008-09-08,17.345,8.533,20.76,25.94,36.42,0.9163
2008-09-09,10.141,9.429,21.39,27.33,37.41,0.9412
2008-09-10,7.098,10.192,21.37,28.14,40.93,1.0298
2008-09-11,1.26,11.729,21.48,29.8,35.77,0.9
2008-09-12,0.216,9.928,21.56,27.99,28.2,0.7095
2008-09-13,8.387,8.975,22.49,27.82,22.83,0.5744
2008-09-14,6.602,9.684,21.99,28.16,20.15,0.507
2008-09-15,16.466,8.868,21.04,26.61,20.02,0.5037
2008-09-16,18.15,10.293,20.7,27.76,30.54,0.7684
2008-09-17,19.745,6.222,20.43,23.56,55.18,1.3883
2008-09-18,4.77,9.437,20.32,26.62,49.73,1.2512
2008-09-19,7.623,9.564,20.24,26.69,48.54,1.2213
2008-09-20,7.098,8.526,19.61,25.13,36.93,0.9292
2008-09-21,7.202,9.202,20.01,26.16,44.38,1.1166
2008-09-22,5.338,9.349,20.97,27.09,37.7,0.9485
2008-09-23,14.102,9.574,20.16,26.72,45.44,1.1433
2008-09-24,2.844,9.276,19.23,25.7,51.92,1.3063
2008-09-25,5.835,9.438,19.82,26.34,59.25,1.4907
2008-09-26,10.023,8.504,21.52,26.76,58.94,1.4829
2008-09-27,4.296,9.744,20.06,26.89,74.04,1.8628
2008-09-28,2.124,8.877,20.17,26.06,50.0,1.258
2008-09-29,6.905,7.458,21.14,25.44,39.25,0.9875
2008-09-30,2.891,8.704,20.66,26.33,35.87,0.9025
2008-10-01,19.439,7.982,20.41,25.43,52.96,1.3325
2008-10-02,7.41,9.46,20.7,27.18,44.84,1.1282
2008-10-03,14.94,9.0,20.72,26.73,35.41,0.8909
2008-10-04,5.912,9.314,19.32,25.99,32.05,0.8064
2008-10-05,14.643,9.379,19.48,26.22,51.66,1.2998
2008-10-06,19.119,7.91,19.33,24.52,78.28,1.9695
2008-10-07,10.876,7.865,19.53,24.66,158.7,3.9929
2008-10-08,16.94,9.083,19.7,26.14,199.3,5.0143
2008-10-09,25.562,8.811,20.7,26.67,170.6,4.2923
2008-10-10,15.997,7.877,19.67,24.85,173.0,4.3526
2008-10-11,16.443,7.117,19.86,24.26,232.5,5.8497
2008-10-12,17.136,7.46,19.95,24.69,249.6,6.2799
2008-10-13,28.264,8.026,19.21,24.7,202.7,5.0999
2008-10-14,5.728,6.791,19.21,23.44,175.6,4.4181
2008-10-15,4.5,8.369,19.32,25.22,190.3,4.7879
2008-10-16,7.137,8.25,19.4,25.16,196.7,4.9489
2008-10-17,11.227,8.313,20.26,25.96,202.4,5.0923
2008-10-18,13.324,8.663,21.28,27.21,222.2,5.5905
2008-10-19,2.679,8.704,20.76,26.83,163.1,4.1036
2008-10-20,14.334,8.516,20.18,26.19,142.7,3.5903
2008-10-21,8.048,9.157,20.75,27.39,115.3,2.9009
2008-10-22,10.712,9.205,21.05,27.69,107.9,2.7147
2008-10-23,0.438,8.572,21.42,27.32,103.5,2.604
2008-10-24,5.02,8.648,21.19,27.22,99.0,2.4908
2008-10-25,2.778,6.971,21.46,25.72,83.06,2.0898
2008-10-26,0.0,8.479,20.68,26.68,79.43,1.9984
2008-10-27,0.0,8.021,20.78,26.27,72.44,1.8226
2008-10-28,0.215,7.525,21.6,26.47,61.67,1.5516
2008-10-29,0.0,7.485,21.34,26.19,55.97,1.4082
2008-10-30,0.0,9.068,20.0,26.91,46.71,1.1752
2008-10-31,0.0,8.585,19.98,26.37,39.99,1.0061
2008-11-01,1.988,6.876,20.26,24.73,36.46,0.9173
2008-11-02,20.381,6.577,20.68,24.77,34.04,0.8564
2008-11-03,17.061,7.744,20.01,25.55,82.54,2.0767
2008-11-04,8.864,7.593,20.72,25.99,77.36,1.9464
2008-11-05,0.137,6.842,20.16,24.7,66.22,1.6661
2008-11-06,7.347,6.737,20.33,24.77,55.51,1.3966
2008-11-07,16.582,8.29,20.24,26.45,58.06,1.4608
2008-11-08,2.084,6.99,20.8,25.49,53.89,1.3559
2008-11-09,8.965,8.704,19.24,26.21,82.54,2.0767
2008-11-10,1.542,8.218,20.7,26.8,79.95,2.0115
2008-11-11,0.0,8.783,20.67,27.46,73.21,1.8419
2008-11-12,0.146,9.172,19.69,27.21,60.42,1.5202
2008-11-13,9.117,7.229,20.93,25.95,51.11,1.2859
2008-11-14,2.258,8.414,19.86,26.51,45.32,1.1402
2008-11-15,0.257,7.795,19.94,25.82,64.11,1.613
2008-11-16,6.109,6.128,20.33,24.26,94.86,2.3867
2008-11-17,15.247,7.87,19.95,25.96,82.54,2.0767
2008-11-18,26.337,7.712,19.72,25.62,69.59,1.7509
2008-11-19,14.715,6.305,20.37,24.55,49.03,1.2336
2008-11-20,16.496,6.757,20.96,25.56,155.3,3.9073
2008-11-21,2.88,5.958,20.92,24.66,163.1,4.1036
2008-11-22,2.387,8.156,20.96,27.24,119.0,2.994
2008-11-23,8.792,7.658,20.71,26.42,97.17,2.4448
2008-11-24,4.611,7.394,20.71,26.12,80.77,2.0322
2008-11-25,26.323,3.819,21.2,22.88,67.0,1.6857
2008-11-26,9.963,4.064,20.47,22.44,69.7,1.7536
2008-11-27,11.446,5.041,19.36,22.43,122.3,3.077
2008-11-28,0.138,5.762,19.77,23.55,152.1,3.8268
2008-11-29,0.0,6.844,20.19,25.12,153.2,3.8545
2008-11-30,0.0,7.728,20.01,26.07,127.3,3.2028
2008-12-01,0.836,8.518,21.03,27.83,91.64,2.3056
2008-12-02,0.524,8.208,20.64,27.17,71.01,1.7866
2008-12-03,0.306,8.575,20.28,27.36,58.82,1.4799
2008-12-04,0.053,7.292,20.74,26.17,50.49,1.2703
2008-12-05,0.0,8.847,18.43,26.33,44.12,1.1101
2008-12-06,0.0,9.099,18.77,26.94,38.87,0.978
2008-12-07,0.936,7.898,20.18,26.49,35.84,0.9017
2008-12-08,9.891,6.692,21.24,25.93,32.98,0.8298
2008-12-09,0.0,7.125,21.05,26.26,30.56,0.7689
2008-12-10,0.0,7.441,20.28,26.04,27.83,0.7002
2008-12-11,0.0,7.59,20.3,26.23,27.33,0.6876
2008-12-12,0.0,8.896,18.86,26.8,24.72,0.622
2008-12-13,0.215,8.546,19.65,26.95,23.04,0.5797
2008-12-14,0.0,8.917,18.47,26.55,20.8,0.5233
2008-12-15,0.0,9.172,18.82,27.15,18.89,0.4753
2008-12-16,0.0,7.253,19.68,25.33,16.54,0.4161
2008-12-17,0.0,8.865,17.72,25.97,15.27,0.3842
2008-12-18,0.0,8.116,17.78,24.99,14.27,0.359
2008-12-19,0.0,7.061,18.96,24.54,13.79,0.347
2008-12-20,0.0,7.604,18.66,24.99,12.88,0.3241
2008-12-21,0.0,9.013,17.07,25.67,11.77,0.2961
2008-12-22,0.0,8.741,18.33,26.24,13.86,0.3487
2008-12-23,0.0,7.519,19.68,25.66,12.51,0.3147
2008-12-24,0.0,8.457,17.32,25.08,11.4,0.2868
2008-12-25,0.0,8.278,19.82,26.73,10.54,0.2652
2008-12-26,0.0,7.859,18.78,25.37,10.42,0.2622
2008-12-27,0.0,8.398,17.92,25.44,10.18,0.2561
2008-12-28,0.0,8.299,18.45,25.68,9.686,0.2437
2008-12-29,0.0,8.6,17.67,25.49,9.44,0.2375
2008-12-30,0.12,7.645,19.06,25.3,9.195,0.2313
2008-12-31,0.177,7.437,19.91,25.72,8.95,0.2252
