fecha,P_mm,ETP_mm,T_min_C,T_max_C,Q_m3s,Q_mm
2001-01-01,0.0,8.88,17.55,24.64,9.4,1.8176
2001-01-02,0.0,9.769,16.52,24.95,7.8,1.5083
2001-01-03,0.0,8.745,16.5,23.67,6.8,1.3149
2001-01-04,0.0,9.777,17.31,25.52,6.2,1.1989
2001-01-05,0.0,7.077,17.34,22.34,6.0,1.1602
2001-01-06,0.0,7.739,16.69,22.58,7.3,1.4116
2001-01-07,0.0,9.215,16.88,24.48,6.3,1.2182
2001-01-08,0.0,10.024,15.59,24.55,5.9,1.1409
2001-01-09,0.0,9.019,17.06,24.36,5.7,1.1022
2001-01-10,3.561,8.932,16.78,24.03,5.6,1.0829
2001-01-11,0.0,8.471,16.77,23.45,7.9,1.5276
2001-01-12,0.0,8.758,16.84,23.84,6.3,1.2182
2001-01-13,4.269,7.706,17.03,22.73,6.0,1.1602
2001-01-14,0.0,8.853,17.45,24.39,5.7,1.1022
2001-01-15,6.481,9.696,16.16,24.44,5.4,1.0442
2001-01-16,2.359,8.708,16.27,23.3,5.3,1.0248
2001-01-17,42.943,7.193,15.72,21.06,5.5,1.0635
2001-01-18,0.0,7.983,16.2,22.36,5.8,1.1215
2001-01-19,0.0,8.335,16.62,23.08,5.3,1.0248
2001-01-20,0.0,7.577,15.89,21.61,5.8,1.1215
2001-01-21,0.0,8.491,16.3,22.98,18.1,3.4999
2001-01-22,4.167,8.738,15.91,22.97,7.5,1.4502
2001-01-23,10.106,7.861,15.5,21.61,12.9,2.4944
2001-01-24,0.0,9.068,14.83,22.55,9.4,1.8176
2001-01-25,0.0,8.323,15.61,22.2,7.9,1.5276
2001-01-26,0.0,7.841,16.53,22.33,6.4,1.2375
2001-01-27,0.0,10.578,14.36,24.03,5.8,1.1215
2001-01-28,0.0,9.855,15.42,23.86,5.4,1.0442
2001-01-29,0.0,10.67,14.19,23.98,5.2,1.0055
2001-01-30,0.0,11.723,12.34,24.08,4.9,0.9475
2001-01-31,0.0,9.573,16.44,24.2,4.9,0.9475
2001-02-01,0.0,8.37,16.97,23.19,4.9,0.9475
2001-02-02,2.532,7.659,18.27,23.39,4.8,0.9282
2001-02-03,32.447,8.365,16.75,22.97,8.3,1.6049
2001-02-04,3.896,7.918,17.45,23.0,7.7,1.4889
2001-02-05,0.0,9.302,17.12,24.3,5.7,1.1022
2001-02-06,0.0,9.951,17.09,25.0,5.0,0.9668
2001-02-07,0.0,10.294,15.36,24.14,4.9,0.9475
2001-02-08,0.0,9.617,17.08,24.56,4.6,0.8895
2001-02-09,0.0,10.416,16.08,24.75,4.5,0.8701
2001-02-10,13.378,10.725,15.61,24.77,4.5,0.8701
2001-02-11,0.0,11.266,16.06,25.7,4.3,0.8315
2001-02-12,0.0,11.003,16.53,25.7,4.2,0.8121
2001-02-13,0.0,11.564,15.95,25.94,4.2,0.8121
2001-02-14,0.0,11.985,15.2,25.91,4.1,0.7928
2001-02-15,0.0,12.407,15.95,26.89,4.1,0.7928
2001-02-16,0.0,12.828,16.58,27.78,4.1,0.7928
2001-02-17,0.0,11.282,17.95,26.95,4.0,0.7735
2001-02-18,0.0,9.262,18.55,25.11,3.9,0.7541
2001-02-19,0.0,9.91,16.94,24.59,4.0,0.7735
2001-02-20,0.0,8.849,17.48,23.81,4.2,0.8121
2001-02-21,67.978,7.404,17.55,22.3,5.3,1.0248
2001-02-22,0.0,7.773,17.31,22.48,11.2,2.1657
2001-02-23,4.948,8.461,17.42,23.3,60.4,11.6793
2001-02-24,0.0,7.868,17.09,22.39,28.3,5.4723
2001-02-25,0.0,9.738,17.0,24.36,11.7,2.2624
2001-02-26,0.0,6.912,17.61,21.8,10.5,2.0303
2001-02-27,0.0,8.281,17.17,22.86,9.0,1.7403
2001-02-28,0.0,8.732,17.23,23.39,69.8,13.497
2001-03-01,7.161,9.059,16.5,23.17,116.8,22.5852
2001-03-02,0.0,9.59,16.69,23.89,24.8,4.7955
2001-03-03,0.0,10.652,17.17,25.42,14.9,2.8812
2001-03-04,26.224,8.506,19.08,24.55,16.7,3.2292
2001-03-05,2.197,9.274,16.59,23.44,12.4,2.3977
2001-03-06,12.51,9.144,17.38,23.88,22.9,4.4281
2001-03-07,1.26,7.64,17.39,22.3,14.2,2.7458
2001-03-08,0.0,8.548,16.28,22.38,12.1,2.3397
2001-03-09,3.842,8.763,17.81,23.78,28.0,5.4143
2001-03-10,5.921,9.313,17.05,23.78,10.0,1.9337
2001-03-11,0.0,10.508,16.91,24.98,8.3,1.6049
2001-03-12,0.0,11.859,15.12,25.27,7.8,1.5083
2001-03-13,0.0,12.76,17.22,27.72,7.3,1.4116
2001-03-14,2.577,7.999,18.77,23.72,6.6,1.2762
2001-03-15,1.603,8.706,18.16,23.95,7.8,1.5083
2001-03-16,18.125,7.721,17.36,22.3,8.6,1.663
2001-03-17,0.0,7.461,17.45,22.11,8.4,1.6243
2001-03-18,6.117,7.571,17.12,21.95,14.8,2.8618
2001-03-19,34.916,5.826,17.77,20.8,21.6,4.1767
2001-03-20,2.64,9.038,18.23,24.34,21.7,4.1961
2001-03-21,16.422,6.782,16.73,20.83,25.5,4.9308
2001-03-22,3.287,7.898,16.58,21.84,33.1,6.4004
2001-03-23,20.542,8.288,16.47,22.17,50.9,9.8424
2001-03-24,0.0,8.676,15.47,21.83,30.7,5.9364
2001-03-25,0.911,9.362,16.7,23.52,17.5,3.3839
2001-03-26,2.474,9.994,16.67,24.19,15.0,2.9005
2001-03-27,0.0,8.866,16.69,22.97,11.3,2.185
2001-03-28,6.208,10.542,17.55,25.44,13.4,2.5911
2001-03-29,5.762,8.843,18.33,24.22,16.6,3.2099
2001-03-30,5.762,10.178,17.0,24.64,16.1,3.1132
2001-03-31,9.239,9.796,17.84,24.86,12.6,2.4364
2001-04-01,3.254,9.172,17.36,23.83,9.7,1.8757
2001-04-02,0.0,10.041,16.59,24.2,8.5,1.6436
2001-04-03,4.142,10.79,15.61,24.34,7.9,1.5276
2001-04-04,0.0,10.137,17.36,24.89,7.4,1.4309
2001-04-05,9.018,8.638,18.3,24.0,11.0,2.127
2001-04-06,0.0,10.39,16.73,24.72,7.3,1.4116
2001-04-07,1.209,7.961,17.78,22.92,6.9,1.3342
2001-04-08,0.0,10.758,16.7,25.12,6.6,1.2762
2001-04-09,2.799,9.176,17.34,23.86,6.4,1.2375
2001-04-10,0.0,10.955,16.5,25.22,6.6,1.2762
2001-04-11,0.0,9.667,17.17,24.28,7.3,1.4116
2001-04-12,0.0,9.186,17.36,23.91,6.6,1.2762
2001-04-13,13.238,7.991,17.42,22.69,6.3,1.2182
2001-04-14,0.0,9.338,17.98,24.56,6.1,1.1795
2001-04-15,3.325,10.671,16.86,25.22,6.6,1.2762
2001-04-16,8.712,9.458,17.56,24.41,7.1,1.3729
2001-04-17,0.0,6.362,17.98,21.55,8.7,1.6823
2001-04-18,0.0,11.547,17.06,26.39,7.7,1.4889
2001-04-19,6.572,9.084,16.45,23.17,7.1,1.3729
2001-04-20,8.877,10.067,16.91,24.62,8.7,1.6823
2001-04-21,0.0,10.945,15.77,24.83,7.0,1.3536
2001-04-22,11.05,8.916,17.72,24.0,6.9,1.3342
2001-04-23,5.045,7.018,17.61,21.92,10.0,1.9337
2001-04-24,0.0,9.526,17.88,24.8,13.7,2.6491
2001-04-25,0.0,11.115,15.44,24.86,9.9,1.9143
2001-04-26,0.0,9.069,18.39,24.72,7.9,1.5276
2001-04-27,0.0,10.116,18.27,25.78,6.7,1.2956
2001-04-28,0.0,9.093,18.55,24.89,7.3,1.4116
2001-04-29,0.0,9.491,17.72,24.72,8.7,1.6823
2001-04-30,0.0,9.732,18.31,25.44,8.5,1.6436
2001-05-01,3.142,9.166,17.86,24.48,8.7,1.6823
2001-05-02,2.73,8.984,18.02,24.42,8.2,1.5856
2001-05-03,19.262,8.653,16.61,23.0,10.1,1.953
2001-05-04,6.197,8.989,17.67,24.19,15.5,2.9972
2001-05-05,0.0,10.535,16.62,25.19,15.6,3.0165
2001-05-06,0.476,9.997,18.17,25.72,11.9,2.3011
2001-05-07,15.656,9.994,17.67,25.36,18.3,3.5386
2001-05-08,24.401,6.471,17.47,21.39,66.2,12.8009
2001-05-09,12.967,7.814,16.2,21.81,48.8,9.4363
2001-05-10,6.887,5.923,17.5,20.89,29.6,5.7236
2001-05-11,0.0,9.501,16.78,24.2,22.1,4.2734
2001-05-12,0.0,11.037,15.48,25.11,15.1,2.9198
2001-05-13,0.0,8.798,18.16,24.48,10.9,2.1077
2001-05-14,1.272,9.672,17.31,24.84,11.2,2.1657
2001-05-15,4.817,8.733,17.64,24.03,9.9,1.9143
2001-05-16,0.748,9.328,16.36,23.77,9.3,1.7983
2001-05-17,0.0,10.564,16.12,25.08,9.3,1.7983
2001-05-18,5.572,9.289,18.61,25.44,9.7,1.8757
2001-05-19,5.833,7.586,18.14,23.22,11.2,2.1657
2001-05-20,6.472,8.898,17.22,23.97,19.5,3.7706
2001-05-21,9.757,6.52,17.19,21.33,11.4,2.2044
2001-05-22,0.0,8.013,16.19,22.19,10.8,2.0884
2001-05-23,11.489,9.03,15.7,23.03,10.2,1.9723
2001-05-24,0.377,8.396,16.06,22.56,18.0,3.4806
2001-05-25,1.099,8.077,17.02,22.94,13.2,2.5524
2001-05-26,26.832,6.436,16.56,20.77,21.1,4.08
2001-05-27,0.0,8.32,16.09,22.53,25.5,4.9308
2001-05-28,3.643,8.055,15.83,22.03,20.8,4.022
2001-05-29,10.441,8.592,17.83,24.19,17.7,3.4226
2001-05-30,3.942,8.396,17.67,23.86,22.3,4.3121
2001-05-31,0.0,8.828,16.95,23.83,16.7,3.2292
2001-06-01,0.0,7.375,17.44,22.56,15.2,2.9392
2001-06-02,7.089,8.462,15.92,22.64,20.4,3.9447
2001-06-03,24.518,7.716,15.23,21.23,51.5,9.9584
2001-06-04,0.0,9.78,15.03,23.61,22.4,4.3314
2001-06-05,0.0,8.434,16.48,23.06,18.9,3.6546
2001-06-06,10.44,8.663,16.88,23.62,14.7,2.8425
2001-06-07,0.0,9.565,17.05,24.83,12.2,2.3591
2001-06-08,0.0,8.909,16.41,23.58,10.8,2.0884
2001-06-09,0.0,8.373,17.5,23.78,11.5,2.2237
2001-06-10,0.0,8.258,17.64,23.77,9.4,1.8176
2001-06-11,5.732,7.616,17.11,22.62,8.7,1.6823
2001-06-12,0.0,8.545,16.53,23.27,8.0,1.5469
2001-06-13,5.906,9.374,15.95,23.84,7.9,1.5276
2001-06-14,0.0,10.071,15.73,24.55,16.4,3.1712
2001-06-15,5.59,8.323,16.98,23.38,11.0,2.127
2001-06-16,0.0,8.447,16.64,23.25,9.4,1.8176
2001-06-17,3.405,9.455,15.53,23.66,8.2,1.5856
2001-06-18,4.929,9.285,16.56,24.2,7.1,1.3729
2001-06-19,0.0,7.376,17.39,22.62,6.5,1.2569
2001-06-20,0.0,8.5,16.44,23.19,6.0,1.1602
2001-06-21,0.0,9.295,16.44,24.12,5.9,1.1409
2001-06-22,0.0,9.995,15.14,24.06,5.9,1.1409
2001-06-23,0.0,7.442,15.55,21.23,5.5,1.0635
2001-06-24,0.0,9.408,16.38,24.22,5.4,1.0442
2001-06-25,0.0,8.901,17.61,24.53,5.3,1.0248
2001-06-26,0.0,8.893,17.44,24.39,5.1,0.9862
2001-06-27,3.001,9.907,16.59,24.98,4.8,0.9282
2001-06-28,0.0,9.171,16.56,24.06,4.8,0.9282
2001-06-29,0.0,8.821,16.62,23.69,5.1,0.9862
2001-06-30,0.0,9.311,16.56,24.23,7.5,1.4502
2001-07-01,0.0,9.72,16.89,24.95,7.4,1.4309
2001-07-02,0.0,9.224,16.23,23.88,5.3,1.0248
2001-07-03,0.0,9.941,16.27,24.77,5.1,0.9862
2001-07-04,1.233,10.993,15.83,25.75,5.0,0.9668
2001-07-05,0.0,10.643,15.61,25.16,4.8,0.9282
2001-07-06,0.623,7.787,17.94,23.47,5.3,1.0248
2001-07-07,0.0,9.094,17.25,24.44,5.8,1.1215
2001-07-08,0.0,9.468,18.09,25.5,5.8,1.1215
2001-07-09,0.739,8.213,17.28,23.42,5.2,1.0055
2001-07-10,0.0,9.291,16.98,24.45,5.0,0.9668
2001-07-11,1.273,10.574,15.59,25.0,5.2,1.0055
2001-07-12,7.775,7.816,17.2,22.89,5.6,1.0829
2001-07-13,4.404,7.387,16.91,22.16,5.4,1.0442
2001-07-14,0.0,10.569,17.05,25.98,7.4,1.4309
2001-07-15,9.989,8.197,16.59,22.83,7.6,1.4696
2001-07-16,3.373,9.926,16.22,24.59,8.7,1.6823
2001-07-17,0.0,10.716,16.41,25.67,11.5,2.2237
2001-07-18,11.013,10.908,16.22,25.78,8.5,1.6436
2001-07-19,1.652,8.868,17.45,24.22,6.9,1.3342
2001-07-20,1.261,8.48,17.31,23.66,6.1,1.1795
2001-07-21,0.0,9.72,16.06,24.17,5.7,1.1022
2001-07-22,0.779,8.876,16.91,23.78,5.4,1.0442
2001-07-23,0.0,9.239,15.55,23.2,6.1,1.1795
2001-07-24,0.0,11.678,14.88,25.7,7.1,1.3729
2001-07-25,0.0,12.405,15.17,26.78,5.6,1.0829
2001-07-26,0.0,8.799,16.81,23.58,4.7,0.9088
2001-07-27,0.0,11.323,15.83,25.86,5.2,1.0055
2001-07-28,9.673,7.649,16.12,21.7,5.8,1.1215
2001-07-29,1.774,11.258,15.23,25.34,5.4,1.0442
2001-07-30,0.219,9.73,16.81,24.61,4.7,0.9088
2001-07-31,0.219,8.844,17.2,23.86,4.3,0.8315
2001-08-01,0.0,10.331,17.5,25.78,3.4,0.6574
2001-08-02,0.0,8.017,17.8,23.38,5.8,1.1215
2001-08-03,0.0,10.241,16.39,24.84,5.2,1.0055
2001-08-04,0.0,9.574,17.58,24.92,5.4,1.0442
2001-08-05,0.0,10.416,16.97,25.44,5.0,0.9668
2001-08-06,0.0,10.318,17.22,25.48,4.6,0.8895
2001-08-07,0.0,11.201,16.89,26.27,4.3,0.8315
2001-08-08,0.0,9.247,17.56,24.48,4.1,0.7928
2001-08-09,0.0,12.757,15.55,27.17,3.9,0.7541
2001-08-10,0.0,9.602,16.42,24.02,4.0,0.7735
2001-08-11,0.0,10.311,16.17,24.67,3.6,0.6961
2001-08-12,0.0,11.571,16.55,26.38,3.5,0.6768
2001-08-13,0.0,9.397,17.47,24.52,3.7,0.7155
2001-08-14,0.0,11.595,15.86,25.91,3.9,0.7541
2001-08-15,0.0,10.517,16.3,24.92,4.7,0.9088
2001-08-16,0.0,10.833,17.91,26.42,4.5,0.8701
2001-08-17,0.0,12.224,17.12,27.45,4.2,0.8121
2001-08-18,0.0,9.545,17.77,24.86,4.1,0.7928
2001-08-19,0.0,10.99,16.72,25.72,3.9,0.7541
2001-08-20,0.0,11.993,16.72,26.88,3.6,0.6961
2001-08-21,0.0,12.037,16.56,26.8,3.5,0.6768
2001-08-22,7.734,10.333,17.22,25.28,3.5,0.6768
2001-08-23,0.0,11.826,15.66,25.89,3.5,0.6768
2001-08-24,0.0,10.4,17.45,25.5,3.5,0.6768
2001-08-25,2.517,10.142,18.08,25.66,3.5,0.6768
2001-08-26,7.177,10.877,17.06,25.73,3.4,0.6574
2001-08-27,8.367,12.232,18.0,27.92,3.4,0.6574
2001-08-28,0.0,10.565,18.25,26.22,3.5,0.6768
2001-08-29,0.0,11.732,16.27,26.12,3.6,0.6961
2001-08-30,0.0,11.211,17.36,26.28,3.7,0.7155
2001-08-31,0.0,13.023,16.19,27.55,3.5,0.6768
2001-09-01,5.966,11.356,16.89,26.09,3.2,0.6188
2001-09-02,0.0,10.902,17.97,26.34,3.2,0.6188
2001-09-03,0.0,11.681,17.67,27.0,3.2,0.6188
2001-09-04,3.325,10.7,18.06,26.17,3.2,0.6188
2001-09-05,0.0,11.4,18.03,26.94,3.6,0.6961
2001-09-06,0.978,9.824,17.97,25.14,3.6,0.6961
2001-09-07,0.0,12.271,15.75,26.31,3.6,0.6961
2001-09-08,10.192,8.384,17.16,22.95,3.6,0.6961
2001-09-09,0.0,11.128,15.92,25.09,3.6,0.6961
2001-09-10,6.595,9.813,16.02,23.66,3.8,0.7348
2001-09-11,0.0,10.704,16.09,24.72,5.5,1.0635
2001-09-12,14.027,8.63,17.08,23.12,7.0,1.3536
2001-09-13,4.34,9.053,17.03,23.55,8.2,1.5856
2001-09-14,22.223,6.831,16.48,20.75,15.0,2.9005
2001-09-15,0.0,9.295,15.84,22.92,11.9,2.3011
2001-09-16,0.0,10.969,15.34,24.48,7.6,1.4696
2001-09-17,2.688,11.032,16.7,25.52,6.9,1.3342
2001-09-18,2.006,9.405,17.67,24.42,6.1,1.1795
2001-09-19,0.0,9.833,15.97,23.62,8.3,1.6049
2001-09-20,0.0,9.269,15.73,22.81,12.4,2.3977
2001-09-21,4.145,9.69,16.91,24.16,8.7,1.6823
2001-09-22,0.0,10.958,17.61,26.09,8.2,1.5856
2001-09-23,0.0,10.475,16.94,25.06,8.5,1.6436
2001-09-24,0.0,11.844,15.7,25.77,7.1,1.3729
2001-09-25,0.524,10.067,16.48,24.28,6.1,1.1795
2001-09-26,0.0,10.578,16.62,24.97,7.0,1.3536
2001-09-27,8.884,7.815,17.03,22.25,7.3,1.4116
2001-09-28,6.105,10.358,16.55,24.67,7.0,1.3536
2001-09-29,0.0,11.222,16.78,25.83,6.5,1.2569
2001-09-30,3.445,8.415,18.09,23.72,9.1,1.7596
2001-10-01,0.0,11.236,15.95,25.28,7.8,1.5083
2001-10-02,4.961,10.703,16.56,25.11,6.0,1.1602
2001-10-03,0.0,10.769,16.91,25.44,5.3,1.0248
2001-10-04,0.0,9.823,17.42,24.77,5.0,0.9668
2001-10-05,0.0,10.756,15.25,24.27,9.5,1.837
2001-10-06,0.0,11.346,16.44,25.8,7.5,1.4502
2001-10-07,1.828,9.949,16.61,24.33,5.5,1.0635
2001-10-08,0.0,11.433,16.84,26.2,4.7,0.9088
2001-10-09,1.378,10.6,17.34,25.62,4.6,0.8895
2001-10-10,4.858,10.104,17.14,24.94,4.1,0.7928
2001-10-11,0.0,9.865,17.83,25.19,4.1,0.7928
2001-10-12,0.0,11.669,16.61,26.38,4.0,0.7735
2001-10-13,5.589,10.042,18.3,25.75,4.0,0.7735
2001-10-14,0.0,11.578,17.53,26.94,3.8,0.7348
2001-10-15,4.472,10.779,17.73,26.19,3.5,0.6768
2001-10-16,28.097,8.027,17.95,23.33,3.9,0.7541
2001-10-17,7.046,8.493,17.44,23.44,7.3,1.4116
2001-10-18,8.008,8.838,17.25,23.69,14.8,2.8618
2001-10-19,0.0,10.47,17.31,25.59,12.5,2.4171
2001-10-20,3.604,9.316,17.39,24.36,8.3,1.6049
2001-10-21,0.0,9.697,17.28,24.72,9.6,1.8563
2001-10-22,0.685,7.561,17.38,22.44,10.2,1.9723
2001-10-23,7.578,9.189,16.17,23.34,21.1,4.08
2001-10-24,33.816,8.378,16.19,22.44,12.8,2.4751
2001-10-25,0.0,10.179,16.97,25.11,10.1,1.953
2001-10-26,12.691,9.949,18.95,26.33,8.2,1.5856
2001-10-27,20.93,7.984,17.39,22.97,7.0,1.3536
2001-10-28,0.0,9.43,17.52,24.7,5.6,1.0829
2001-10-29,0.0,9.888,17.44,25.19,7.8,1.5083
2001-10-30,4.334,8.749,17.22,23.73,16.2,3.1325
2001-10-31,26.828,7.45,16.88,22.03,20.3,3.9253
2001-11-01,0.0,8.551,16.48,22.98,29.1,5.627
2001-11-02,20.788,6.033,17.02,20.67,487.1,94.1888
2001-11-03,24.83,10.405,15.44,24.45,28.0,5.4143
2001-11-04,0.0,8.734,16.77,23.45,17.1,3.3066
2001-11-05,0.0,10.201,17.0,25.36,11.1,2.1464
2001-11-06,0.0,8.131,17.23,23.16,9.7,1.8757
2001-11-07,0.803,10.12,17.2,25.45,8.0,1.5469
2001-11-08,3.673,9.78,16.47,24.53,7.1,1.3729
2001-11-09,0.0,8.64,18.02,24.38,6.4,1.2375
2001-11-10,0.722,10.046,15.38,24.11,5.9,1.1409
2001-11-11,4.272,9.152,16.94,24.19,6.8,1.3149
2001-11-12,0.599,9.092,17.02,24.19,14.5,2.8038
2001-11-13,10.612,9.834,16.86,24.97,10.6,2.0497
2001-11-14,29.692,7.391,17.11,22.33,16.8,3.2486
2001-11-15,0.552,6.604,17.23,21.58,11.4,2.2044
2001-11-16,0.0,9.762,17.09,25.11,12.9,2.4944
2001-11-17,19.735,9.945,16.31,24.78,22.2,4.2927
2001-11-18,7.27,8.796,17.62,24.39,11.5,2.2237
2001-11-19,5.822,8.849,17.75,24.56,9.2,1.779
2001-11-20,9.992,8.93,16.75,23.92,16.5,3.1905
2001-11-21,14.314,7.999,17.25,23.22,36.1,6.9805
2001-11-22,0.0,7.677,16.91,22.59,18.2,3.5193
2001-11-23,0.0,8.792,17.14,24.09,15.5,2.9972
2001-11-24,0.0,8.728,18.03,24.7,9.7,1.8757
2001-11-25,25.01,7.573,17.2,22.73,18.7,3.616
2001-11-26,21.24,7.447,17.17,22.58,14.4,2.7845
2001-11-27,43.707,8.124,16.77,23.06,45.2,8.7402
2001-11-28,0.0,8.154,16.83,23.16,22.2,4.2927
2001-11-29,19.405,7.665,17.45,23.08,49.1,9.4943
2001-11-30,4.079,8.683,16.97,23.92,54.9,10.6158
2001-12-01,3.851,6.481,17.53,21.83,59.2,11.4473
2001-12-02,3.851,7.237,16.94,22.2,195.0,37.7065
2001-12-03,0.0,8.423,16.61,23.36,76.9,14.8699
2001-12-04,0.0,8.892,16.55,23.89,29.3,5.6656
2001-12-05,0.0,9.311,16.88,24.66,19.3,3.732
2001-12-06,14.918,8.359,17.42,23.92,16.1,3.1132
2001-12-07,19.407,8.797,17.98,24.88,13.4,2.5911
2001-12-08,2.602,8.236,18.34,24.5,10.7,2.069
2001-12-09,17.444,7.79,17.0,22.95,63.3,12.2401
2001-12-10,2.134,8.074,17.34,23.55,23.8,4.6021
2001-12-11,0.0,9.131,17.98,25.3,17.9,3.4613
2001-12-12,0.0,8.856,18.2,25.14,15.6,3.0165
2001-12-13,9.162,6.537,18.27,22.55,22.2,4.2927
2001-12-14,0.0,8.597,16.34,23.44,13.4,2.5911
2001-12-15,26.122,8.543,17.86,24.52,44.9,8.6822
2001-12-16,0.0,8.964,17.33,24.62,43.9,8.4888
2001-12-17,2.441,8.941,17.53,24.75,23.3,4.5054
2001-12-18,22.719,8.314,17.66,24.09,31.7,6.1297
2001-12-19,12.085,6.758,16.78,21.61,30.8,5.9557
2001-12-20,0.0,9.528,16.8,24.92,19.4,3.7513
2001-12-21,10.715,8.193,17.38,23.73,72.4,13.9997
2001-12-22,0.0,8.571,17.88,24.56,32.8,6.3424
2001-12-23,0.0,8.666,18.0,24.77,28.2,5.4529
2001-12-24,49.354,7.369,17.47,22.84,44.4,8.5855
2001-12-25,0.0,8.015,17.92,23.94,18.9,3.6546
2001-12-26,5.531,8.347,16.97,23.59,29.1,5.627
2001-12-27,42.774,8.152,17.02,23.39,78.9,15.2566
2001-12-28,0.0,9.209,17.47,25.0,35.1,6.7872
2001-12-29,3.65,9.036,17.44,24.77,21.9,4.2347
2001-12-30,0.0,9.143,17.59,25.0,17.2,3.3259
2001-12-31,0.0,9.334,17.84,25.41,13.4,2.5911
2002-01-01,0.0,8.659,17.28,24.17,12.1,2.3397
2002-01-02,0.0,9.376,17.81,25.42,10.1,1.953
2002-01-03,0.0,9.745,16.72,25.06,8.9,1.721
2002-01-04,0.0,7.514,16.92,22.52,8.3,1.6049
2002-01-05,0.0,9.426,16.58,24.55,8.6,1.663
2002-01-06,0.0,9.186,17.59,25.0,8.2,1.5856
2002-01-07,15.194,7.867,17.25,23.16,13.3,2.5718
2002-01-08,0.0,8.439,16.95,23.59,11.9,2.3011
2002-01-09,0.0,8.544,16.98,23.73,9.0,1.7403
2002-01-10,0.0,9.656,15.95,24.31,8.1,1.5663
2002-01-11,0.0,9.158,16.41,24.02,10.5,2.0303
2002-01-12,0.156,7.85,16.8,22.73,9.3,1.7983
2002-01-13,0.303,7.853,17.48,23.27,8.9,1.721
2002-01-14,1.803,9.118,16.8,24.22,12.2,2.3591
2002-01-15,0.303,9.281,15.39,23.38,10.2,1.9723
2002-01-16,0.0,9.128,16.95,24.31,9.3,1.7983
2002-01-17,0.0,8.985,17.64,24.64,7.7,1.4889
2002-01-18,0.0,9.052,16.73,24.03,33.0,6.3811
2002-01-19,0.0,9.887,16.89,25.14,6.3,1.2182
2002-01-20,0.325,9.25,17.22,24.59,5.9,1.1409
2002-01-21,0.0,9.855,16.58,24.83,5.8,1.1215
2002-01-22,0.0,9.388,16.75,24.38,5.9,1.1409
2002-01-23,0.0,10.453,16.66,25.56,5.7,1.1022
2002-01-24,0.0,10.234,17.2,25.67,5.5,1.0635
2002-01-25,0.0,10.194,17.3,25.67,5.4,1.0442
2002-01-26,5.924,8.949,16.69,23.73,5.2,1.0055
2002-01-27,1.091,10.542,16.0,25.12,5.0,0.9668
2002-01-28,1.091,10.251,16.77,25.3,4.9,0.9475
2002-01-29,1.612,10.551,16.0,25.09,4.9,0.9475
2002-01-30,9.459,8.887,17.7,24.36,4.7,0.9088
2002-01-31,4.096,9.987,16.94,25.05,4.7,0.9088
2002-02-01,0.0,10.217,16.94,25.3,4.7,0.9088
2002-02-02,0.69,9.359,17.41,24.62,4.6,0.8895
2002-02-03,23.025,8.797,18.91,25.14,4.5,0.8701
2002-02-04,15.032,8.056,17.06,22.84,4.5,0.8701
2002-02-05,0.0,9.809,16.66,24.53,6.0,1.1602
2002-02-06,2.982,9.224,17.92,24.78,5.8,1.1215
2002-02-07,2.498,8.994,17.27,24.02,5.6,1.0829
2002-02-08,3.162,8.689,17.31,23.69,16.4,3.1712
2002-02-09,3.374,8.01,16.84,22.55,22.8,4.4088
2002-02-10,3.017,9.423,16.44,23.83,17.1,3.3066
2002-02-11,0.0,9.268,17.83,24.67,11.4,2.2044
2002-02-12,0.0,9.591,18.47,25.5,8.4,1.6243
2002-02-13,0.0,10.441,17.67,25.84,7.1,1.3729
2002-02-14,0.0,10.084,17.72,25.45,6.1,1.1795
2002-02-15,0.0,9.27,18.08,24.8,5.7,1.1022
2002-02-16,0.0,10.021,18.03,25.58,5.4,1.0442
2002-02-17,0.0,10.178,18.17,25.84,5.1,0.9862
2002-02-18,0.0,9.256,18.28,24.89,5.0,0.9668
2002-02-19,0.0,8.876,17.05,23.52,4.9,0.9475
2002-02-20,0.0,11.529,16.3,25.98,4.8,0.9282
2002-02-21,0.0,10.335,17.05,25.12,4.7,0.9088
2002-02-22,1.839,9.108,18.69,24.98,4.5,0.8701
2002-02-23,0.607,9.994,17.42,24.98,4.4,0.8508
2002-02-24,0.143,10.622,16.42,24.95,4.3,0.8315
2002-02-25,0.143,12.428,15.52,26.41,4.3,0.8315
2002-02-26,12.328,9.84,17.0,24.45,4.2,0.8121
2002-02-27,9.784,7.483,18.41,23.02,12.9,2.4944
2002-02-28,0.698,8.789,16.92,23.2,9.6,1.8563
2002-03-01,0.0,10.985,16.14,25.09,7.2,1.3922
2002-03-02,0.0,10.471,18.05,25.88,5.8,1.1215
2002-03-03,0.277,10.529,18.84,26.52,4.8,0.9282
2002-03-04,6.836,9.844,16.61,24.09,4.4,0.8508
2002-03-05,0.0,8.971,17.42,23.73,4.3,0.8315
2002-03-06,0.0,10.307,17.33,25.12,4.3,0.8315
2002-03-07,11.237,9.359,17.98,24.56,4.3,0.8315
2002-03-08,0.0,8.982,18.81,24.8,5.2,1.0055
2002-03-09,0.0,11.49,18.64,27.34,4.6,0.8895
2002-03-10,0.0,10.117,17.83,25.25,4.3,0.8315
2002-03-11,0.508,8.949,17.59,23.8,4.2,0.8121
2002-03-12,12.355,6.254,17.77,21.2,7.5,1.4502
2002-03-13,4.812,10.076,16.98,24.55,5.3,1.0248
2002-03-14,5.133,9.486,18.08,24.72,5.5,1.0635
2002-03-15,7.499,7.865,17.73,22.75,6.4,1.2375
2002-03-16,7.169,10.993,17.72,26.08,4.8,0.9282
2002-03-17,18.772,7.509,17.88,22.5,9.0,1.7403
2002-03-18,0.451,10.848,17.67,25.88,7.2,1.3922
2002-03-19,23.156,8.336,17.67,23.17,11.5,2.2237
2002-03-20,7.713,10.143,16.84,24.48,10.5,2.0303
2002-03-21,6.721,6.895,17.19,21.31,24.9,4.8148
2002-03-22,9.06,10.143,17.19,24.73,18.6,3.5966
2002-03-23,0.0,7.66,17.28,22.16,21.7,4.1961
2002-03-24,0.539,9.73,18.19,25.03,17.5,3.3839
2002-03-25,22.408,9.937,18.02,25.12,14.0,2.7071
2002-03-26,0.0,11.426,17.47,26.36,10.4,2.011
2002-03-27,10.149,11.04,18.14,26.45,8.2,1.5856
2002-03-28,18.814,8.815,17.8,23.77,7.8,1.5083
2002-03-29,29.908,6.174,17.97,21.28,151.4,29.2757
2002-03-30,0.0,8.358,17.14,22.78,34.1,6.5938
2002-03-31,0.898,11.748,17.97,27.08,17.1,3.3066
2002-04-01,2.021,11.506,17.66,26.59,14.5,2.8038
2002-04-02,17.113,8.362,17.73,23.28,19.7,3.8093
2002-04-03,0.658,9.252,16.75,23.47,14.5,2.8038
2002-04-04,7.243,10.558,17.55,25.48,11.8,2.2817
2002-04-05,0.982,10.531,17.88,25.7,16.3,3.1519
2002-04-06,4.552,10.818,17.41,25.69,20.1,3.8867
2002-04-07,33.058,7.93,16.47,21.83,15.3,2.9585
2002-04-08,16.754,7.139,17.09,21.52,18.2,3.5193
2002-04-09,26.954,8.861,16.55,22.91,80.6,15.5853
2002-04-10,2.561,8.729,16.36,22.62,94.5,18.2731
2002-04-11,0.0,9.43,17.08,23.95,18.3,3.5386
2002-04-12,0.0,9.436,16.38,23.44,145.8,28.1928
2002-04-13,11.471,8.055,17.25,22.62,89.5,17.3063
2002-04-14,0.0,8.546,16.88,22.86,63.5,12.2788
2002-04-15,20.699,9.05,17.5,23.89,31.4,6.0717
2002-04-16,0.0,10.579,17.45,25.55,18.3,3.5386
2002-04-17,13.309,9.28,17.58,24.22,17.1,3.3066
2002-04-18,15.066,9.481,17.69,24.53,27.1,5.2402
2002-04-19,0.0,10.073,16.95,24.66,16.1,3.1132
2002-04-20,20.3,8.772,17.38,23.55,22.9,4.4281
2002-04-21,9.676,8.589,18.0,23.84,23.3,4.5054
2002-04-22,3.41,8.682,17.45,23.53,17.8,3.4419
2002-04-23,1.584,9.188,18.05,24.55,13.7,2.6491
2002-04-24,3.332,8.078,17.67,23.08,31.6,6.1104
2002-04-25,38.056,6.557,17.38,21.28,60.2,11.6407
2002-04-26,0.0,7.815,16.66,22.02,30.6,5.917
2002-04-27,4.685,7.197,16.78,21.47,29.1,5.627
2002-04-28,1.255,8.737,16.88,23.22,37.7,7.2899
2002-04-29,26.286,9.128,16.8,23.61,28.3,5.4723
2002-04-30,0.0,9.016,17.83,24.28,20.8,4.022
2002-05-01,2.195,8.42,16.48,22.61,18.8,3.6353
2002-05-02,10.405,9.051,17.52,24.11,16.3,3.1519
2002-05-03,0.0,9.496,18.09,25.06,14.2,2.7458
2002-05-04,0.0,10.599,17.16,25.62,10.7,2.069
2002-05-05,0.0,9.225,17.69,24.48,9.4,1.8176
2002-05-06,0.0,10.329,17.81,25.83,8.7,1.6823
2002-05-07,5.449,9.781,18.45,25.7,7.9,1.5276
2002-05-08,0.0,9.487,18.55,25.47,8.9,1.721
2002-05-09,0.0,11.201,17.39,26.58,7.9,1.5276
2002-05-10,0.0,9.05,18.86,25.25,6.9,1.3342
2002-05-11,0.0,8.522,17.83,23.89,6.5,1.2569
2002-05-12,0.0,9.904,17.89,25.5,6.9,1.3342
2002-05-13,0.0,8.791,17.34,23.84,6.5,1.2569
2002-05-14,0.527,9.254,17.25,24.31,6.1,1.1795
2002-05-15,0.0,9.463,18.14,25.23,5.8,1.1215
2002-05-16,0.0,8.629,17.78,24.05,5.8,1.1215
2002-05-17,17.775,7.364,18.33,23.11,5.8,1.1215
2002-05-18,0.0,8.221,17.23,23.19,6.2,1.1989
2002-05-19,0.0,9.222,17.34,24.42,7.6,1.4696
2002-05-20,3.69,10.147,16.75,25.08,8.1,1.5663
2002-05-21,20.972,7.528,16.47,21.84,7.2,1.3922
2002-05-22,0.0,7.499,17.33,22.5,6.9,1.3342
2002-05-23,14.469,6.587,17.33,21.53,7.5,1.4502
2002-05-24,0.554,9.909,17.8,25.62,6.8,1.3149
2002-05-25,4.064,7.896,17.95,23.47,5.6,1.0829
2002-05-26,9.6,7.58,16.41,21.91,26.4,5.1049
2002-05-27,11.086,7.455,17.42,22.58,93.6,18.0991
2002-05-28,50.87,6.715,15.86,20.52,223.4,43.1981
2002-05-29,0.0,7.68,16.2,21.89,56.4,10.9059
2002-05-30,10.184,8.109,16.64,22.73,31.6,6.1104
2002-05-31,29.076,5.183,16.39,19.36,29.1,5.627
2002-06-01,1.528,8.967,16.31,23.52,25.6,4.9502
2002-06-02,0.0,6.988,16.45,21.34,18.9,3.6546
2002-06-03,1.515,8.22,17.31,23.42,20.4,3.9447
2002-06-04,28.649,7.057,16.11,21.16,29.9,5.7817
2002-06-05,0.0,8.493,15.84,22.64,23.3,4.5054
2002-06-06,0.0,7.335,15.83,21.27,17.3,3.3452
2002-06-07,12.038,7.549,15.92,21.59,26.4,5.1049
2002-06-08,0.427,8.778,17.03,23.89,23.9,4.6215
2002-06-09,27.475,7.96,16.08,22.22,44.5,8.6048
2002-06-10,2.104,8.709,17.08,23.86,21.2,4.0994
2002-06-11,2.828,8.211,15.98,22.45,21.3,4.1187
2002-06-12,0.0,9.527,15.84,23.95,16.9,3.2679
2002-06-13,5.726,7.003,17.34,22.14,15.9,3.0745
2002-06-14,0.0,9.363,17.03,24.62,15.3,2.9585
2002-06-15,11.956,7.853,17.0,22.83,14.0,2.7071
2002-06-16,0.0,8.786,17.06,23.97,18.9,3.6546
2002-06-17,0.0,7.845,17.56,23.27,14.8,2.8618
2002-06-18,0.0,9.176,16.47,24.0,11.3,2.185
2002-06-19,0.0,8.974,17.36,24.42,12.6,2.4364
2002-06-20,3.985,9.043,16.78,24.08,10.5,2.0303
2002-06-21,0.0,8.568,17.14,23.78,9.2,1.779
2002-06-22,0.0,7.251,17.31,22.41,8.1,1.5663
2002-06-23,0.0,8.324,16.14,22.75,7.5,1.4502
2002-06-24,0.0,9.284,15.92,23.75,7.1,1.3729
2002-06-25,0.0,9.414,16.25,24.14,6.8,1.3149
2002-06-26,0.0,9.526,16.22,24.25,6.6,1.2762
2002-06-27,0.0,9.633,17.38,25.22,7.1,1.3729
2002-06-28,0.0,10.393,16.72,25.66,6.7,1.2956
2002-06-29,0.301,8.034,17.62,23.53,6.3,1.2182
2002-06-30,0.0,10.471,17.42,26.25,6.2,1.1989
2002-07-01,0.0,8.454,17.05,23.58,6.5,1.2569
2002-07-02,0.0,8.863,17.47,24.36,6.1,1.1795
2002-07-03,0.0,10.278,16.12,25.08,6.6,1.2762
2002-07-04,0.0,9.215,18.72,25.7,7.4,1.4309
2002-07-05,0.0,7.306,17.7,22.75,6.4,1.2375
2002-07-06,7.091,6.473,16.38,20.75,41.4,8.0054
2002-07-07,0.0,9.827,16.72,24.92,13.2,2.5524
2002-07-08,0.0,10.302,16.75,25.52,10.9,2.1077
2002-07-09,0.0,11.03,15.14,25.28,9.3,1.7983
2002-07-10,2.039,9.64,16.47,24.5,7.4,1.4309
2002-07-11,1.951,8.279,16.73,23.06,8.9,1.721
2002-07-12,0.0,9.005,17.56,24.53,7.8,1.5083
2002-07-13,0.0,10.271,16.36,25.16,6.7,1.2956
2002-07-14,0.0,9.85,16.48,24.72,6.0,1.1602
2002-07-15,0.0,9.686,16.69,24.66,5.5,1.0635
2002-07-16,0.0,9.052,17.25,24.31,5.7,1.1022
2002-07-17,0.0,9.314,17.48,24.78,5.9,1.1409
2002-07-18,12.003,8.983,16.91,23.95,5.5,1.0635
2002-07-19,0.0,9.8,16.91,24.91,5.4,1.0442
2002-07-20,0.287,10.084,15.95,24.55,6.0,1.1602
2002-07-21,0.0,8.606,16.83,23.42,5.2,1.0055
2002-07-22,0.0,9.757,15.97,24.14,6.1,1.1795
2002-07-23,0.0,9.346,15.36,23.19,5.9,1.1409
2002-07-24,15.367,8.54,15.92,22.62,5.5,1.0635
2002-07-25,0.0,7.85,17.45,23.0,5.3,1.0248
2002-07-26,0.0,10.364,16.45,25.16,5.5,1.0635
2002-07-27,0.0,9.3,17.2,24.44,5.2,1.0055
2002-07-28,0.364,8.683,15.34,22.33,4.8,0.9282
2002-07-29,3.692,8.933,16.81,23.7,4.6,0.8895
2002-07-30,0.0,11.21,14.7,24.91,4.5,0.8701
2002-07-31,9.546,9.726,14.75,23.11,4.5,0.8701
2002-08-01,0.0,9.704,16.19,24.09,4.5,0.8701
2002-08-02,0.0,10.906,17.02,26.09,4.5,0.8701
2002-08-03,0.0,9.158,17.11,24.11,4.6,0.8895
2002-08-04,0.0,11.485,14.84,25.25,4.8,0.9282
2002-08-05,0.0,10.655,16.2,25.17,5.9,1.1409
2002-08-06,0.0,11.287,16.11,25.84,7.2,1.3922
2002-08-07,0.0,10.262,15.84,24.42,5.7,1.1022
2002-08-08,0.0,10.942,16.02,25.34,4.9,0.9475
2002-08-09,6.655,8.197,17.53,23.28,4.4,0.8508
2002-08-10,0.0,11.319,15.44,25.36,9.3,1.7983
2002-08-11,0.0,8.796,16.92,23.45,7.3,1.4116
2002-08-12,0.0,10.347,16.45,24.88,6.0,1.1602
2002-08-13,0.0,10.793,16.64,25.52,5.4,1.0442
2002-08-14,0.0,10.591,16.17,24.94,4.6,0.8895
2002-08-15,0.0,10.495,17.61,25.84,4.3,0.8315
2002-08-16,0.459,9.525,17.89,24.94,4.3,0.8315
2002-08-17,0.0,11.173,15.94,25.41,5.3,1.0248
2002-08-18,0.0,12.639,15.69,26.95,4.6,0.8895
2002-08-19,0.0,10.817,15.69,24.78,4.3,0.8315
2002-08-20,0.0,10.256,16.8,24.91,4.0,0.7735
2002-08-21,0.0,11.135,17.83,26.64,3.9,0.7541
2002-08-22,0.0,10.304,17.19,25.22,3.8,0.7348
2002-08-23,0.0,9.23,18.52,25.02,3.8,0.7348
2002-08-24,0.0,12.313,16.14,26.78,3.8,0.7348
2002-08-25,0.0,11.433,16.83,26.22,5.1,0.9862
2002-08-26,2.958,9.628,18.09,25.09,4.1,0.7928
2002-08-27,0.0,9.474,17.55,24.5,4.4,0.8508
2002-08-28,2.93,10.168,16.7,24.64,4.3,0.8315
2002-08-29,13.995,8.389,17.06,22.92,6.2,1.1989
2002-08-30,17.583,9.318,16.94,23.84,6.4,1.2375
2002-08-31,0.0,9.881,15.69,23.55,16.1,3.1132
2002-09-01,8.856,10.153,15.92,24.03,8.2,1.5856
2002-09-02,0.0,8.888,17.34,23.66,9.0,1.7403
2002-09-03,0.0,11.757,16.7,26.41,7.4,1.4309
2002-09-04,0.0,11.146,18.11,26.7,5.7,1.1022
2002-09-05,1.223,10.99,16.31,25.23,5.0,0.9668
2002-09-06,0.0,11.222,17.09,26.05,4.6,0.8895
2002-09-07,0.0,11.723,16.28,26.05,4.3,0.8315
2002-09-08,0.0,12.955,15.88,27.19,4.1,0.7928
2002-09-09,0.0,12.305,15.27,26.02,4.0,0.7735
2002-09-10,0.0,11.051,17.33,26.0,3.8,0.7348
2002-09-11,0.0,10.113,18.3,25.67,3.8,0.7348
2002-09-12,0.0,12.111,17.72,27.47,3.8,0.7348
2002-09-13,0.0,11.081,17.77,26.34,3.8,0.7348
2002-09-14,0.0,11.182,16.81,25.77,3.6,0.6961
2002-09-15,3.806,11.282,17.25,26.19,3.6,0.6961
2002-09-16,0.0,10.999,17.67,26.17,3.6,0.6961
2002-09-17,5.061,11.538,16.28,25.8,3.6,0.6961
2002-09-18,0.0,9.866,15.72,23.48,3.5,0.6768
2002-09-19,0.0,10.855,16.66,25.28,3.5,0.6768
2002-09-20,0.0,10.526,17.14,25.27,3.6,0.6961
2002-09-21,0.0,12.123,17.2,27.11,3.8,0.7348
2002-09-22,0.0,14.086,15.16,28.02,3.8,0.7348
2002-09-23,4.27,11.88,17.45,27.02,3.6,0.6961
2002-09-24,9.397,10.008,17.39,24.88,3.9,0.7541
2002-09-25,19.3,8.464,16.52,22.52,4.5,0.8701
2002-09-26,16.332,8.214,17.03,22.66,6.5,1.2569
2002-09-27,0.0,11.441,16.17,25.64,8.0,1.5469
2002-09-28,4.813,8.804,17.17,23.41,6.8,1.3149
2002-09-29,0.0,11.581,16.28,25.89,14.5,2.8038
2002-09-30,0.0,11.95,16.52,26.48,9.1,1.7596
2002-10-01,1.454,10.321,16.33,24.5,6.8,1.3149
2002-10-02,0.0,13.088,15.23,26.97,7.0,1.3536
2002-10-03,0.0,10.999,17.33,26.0,5.5,1.0635
2002-10-04,0.0,11.955,16.31,26.39,5.3,1.0248
2002-10-05,0.0,12.324,16.17,26.73,4.3,0.8315
2002-10-06,5.441,11.867,16.97,26.77,4.1,0.7928
2002-10-07,0.0,12.137,17.66,27.56,3.9,0.7541
2002-10-08,0.0,10.371,17.62,25.56,4.9,0.9475
2002-10-09,0.345,9.528,18.36,25.19,4.3,0.8315
2002-10-10,0.0,11.292,17.56,26.58,4.7,0.9088
2002-10-11,11.555,9.084,17.47,24.05,4.8,0.9282
2002-10-12,0.0,10.209,18.19,25.84,5.6,1.0829
2002-10-13,0.0,10.84,18.11,26.5,4.5,0.8701
2002-10-14,0.0,11.75,16.69,26.55,3.9,0.7541
2002-10-15,1.833,7.961,18.41,23.61,3.8,0.7348
2002-10-16,0.0,9.779,17.66,25.02,4.6,0.8895
2002-10-17,17.592,9.308,16.48,23.62,5.3,1.0248
2002-10-18,9.398,9.026,17.02,23.72,9.6,1.8563
2002-10-19,0.0,10.652,17.47,25.92,7.5,1.4502
2002-10-20,1.799,9.787,17.73,25.14,7.7,1.4889
2002-10-21,19.875,8.988,16.81,23.56,9.7,1.8757
2002-10-22,7.676,6.781,16.94,21.27,10.0,1.9337
2002-10-23,0.556,9.588,16.56,24.09,12.4,2.3977
2002-10-24,15.969,9.966,16.86,24.77,8.2,1.5856
2002-10-25,8.227,8.994,16.58,23.45,8.7,1.6823
2002-10-26,0.0,8.408,17.2,23.28,10.2,1.9723
2002-10-27,34.876,7.551,16.72,21.97,40.3,7.7927
2002-10-28,2.571,8.97,16.97,23.77,20.1,3.8867
2002-10-29,6.354,7.222,16.91,21.78,23.4,4.5248
2002-10-30,50.773,6.5,16.86,20.98,94.3,18.2345
2002-10-31,9.042,6.077,16.94,20.62,19.1,3.6933
2002-11-01,0.0,7.823,17.56,23.0,24.3,4.6988
2002-11-02,41.906,6.747,17.09,21.47,18.9,3.6546
2002-11-03,7.68,6.254,16.17,20.2,30.5,5.8977
2002-11-04,0.0,9.606,16.77,24.47,21.5,4.1574
2002-11-05,7.765,9.191,16.53,23.83,25.0,4.8342
2002-11-06,1.904,7.701,17.41,22.81,25.3,4.8922
2002-11-07,25.651,7.613,16.52,22.03,27.3,5.2789
2002-11-08,4.363,7.076,16.27,21.23,22.0,4.2541
2002-11-09,10.787,8.305,16.31,22.69,22.4,4.3314
2002-11-10,6.968,9.304,16.59,24.09,22.8,4.4088
2002-11-11,0.0,10.058,15.58,24.3,17.1,3.3066
2002-11-12,0.0,10.352,16.27,25.16,13.2,2.5524
2002-11-13,22.211,8.407,16.56,23.06,17.1,3.3066
2002-11-14,13.989,7.685,16.84,22.45,30.4,5.8783
2002-11-15,0.0,10.53,16.75,25.77,11.8,2.2817
2002-11-16,0.0,9.632,16.41,24.45,10.4,2.011
2002-11-17,0.0,9.385,17.52,24.98,8.7,1.6823
2002-11-18,0.0,8.356,16.89,23.33,7.8,1.5083
2002-11-19,9.926,9.392,17.08,24.7,10.9,2.1077
2002-11-20,0.0,9.359,17.83,25.23,7.7,1.4889
2002-11-21,0.0,9.782,16.84,25.03,7.8,1.5083
2002-11-22,0.0,9.269,17.7,25.06,6.6,1.2762
2002-11-23,0.0,9.753,17.52,25.52,6.1,1.1795
2002-11-24,0.0,8.926,17.02,24.17,5.7,1.1022
2002-11-25,0.0,9.64,16.83,24.91,5.4,1.0442
2002-11-26,0.0,9.404,17.62,25.22,5.3,1.0248
2002-11-27,0.0,9.851,17.92,25.98,5.1,0.9862
2002-11-28,0.0,9.956,17.58,25.88,5.0,0.9668
2002-11-29,0.0,9.113,17.45,24.78,4.8,0.9282
2002-11-30,0.0,10.132,17.59,26.12,4.8,0.9282
2002-12-01,1.695,9.453,17.3,25.11,5.2,1.0055
2002-12-02,0.0,8.985,18.53,25.47,5.4,1.0442
2002-12-03,0.0,11.094,17.81,27.48,5.2,1.0055
2002-12-04,0.0,11.89,15.53,26.94,4.9,0.9475
2002-12-05,0.0,10.775,16.64,26.3,4.6,0.8895
2002-12-06,11.69,7.932,17.75,23.67,4.4,0.8508
2002-12-07,0.0,8.3,18.31,24.55,5.2,1.0055
2002-12-08,0.0,7.292,18.44,23.5,10.8,2.0884
2002-12-09,34.011,7.731,18.03,23.69,25.6,4.9502
2002-12-10,0.0,8.825,17.5,24.56,15.3,2.9585
2002-12-11,18.038,8.982,18.41,25.44,10.6,2.0497
2002-12-12,0.0,10.221,17.72,26.44,9.0,1.7403
2002-12-13,0.0,11.243,16.11,26.58,7.0,1.3536
2002-12-14,5.462,6.804,19.11,23.53,5.8,1.1215
2002-12-15,10.61,5.074,18.44,21.22,5.4,1.0442
2002-12-16,2.73,8.582,16.78,23.75,7.1,1.3729
2002-12-17,42.677,5.802,17.03,20.73,75.8,14.6572
2002-12-18,29.456,8.19,16.94,23.41,22.2,4.2927
2002-12-19,3.935,8.56,16.94,23.84,21.0,4.0607
2002-12-20,16.845,9.04,17.38,24.75,14.2,2.7458
2002-12-21,13.91,7.349,17.8,23.08,33.3,6.4391
2002-12-22,0.0,10.95,15.17,25.58,19.8,3.8287
2002-12-23,0.0,9.919,16.47,25.17,13.4,2.5911
2002-12-24,0.234,8.296,17.53,23.97,15.4,2.9778
2002-12-25,0.0,10.237,16.94,25.89,9.8,1.895
2002-12-26,0.0,10.705,15.77,25.66,8.8,1.7016
2002-12-27,0.0,9.074,17.27,24.7,7.8,1.5083
2002-12-28,0.0,9.151,17.09,24.67,7.4,1.4309
2002-12-29,0.0,8.558,17.95,24.58,6.8,1.3149
2002-12-30,0.0,9.063,18.52,25.59,6.9,1.3342
2002-12-31,0.0,10.289,17.89,26.61,6.4,1.2375
2003-01-01,0.0,11.094,16.33,26.48,5.8,1.1215
2003-01-02,0.0,11.27,15.0,25.8,5.4,1.0442
2003-01-03,0.452,11.734,14.78,26.23,5.1,0.9862
2003-01-04,0.0,9.557,17.0,25.03,5.0,0.9668
2003-01-05,0.698,9.978,15.94,24.77,4.7,0.9088
2003-01-06,0.0,9.519,17.11,25.03,4.7,0.9088
2003-01-07,0.0,11.778,15.28,26.56,4.5,0.8701
2003-01-08,0.0,10.622,17.2,26.42,4.3,0.8315
2003-01-09,0.0,10.333,16.2,25.34,4.3,0.8315
2003-01-10,0.0,11.06,16.31,26.31,4.3,0.8315
2003-01-11,0.0,13.117,14.42,27.64,4.1,0.7928
2003-01-12,0.0,11.949,15.25,26.67,4.1,0.7928
2003-01-13,0.0,10.41,16.91,25.88,4.1,0.7928
2003-01-14,0.0,9.655,18.75,26.3,4.1,0.7928
2003-01-15,12.71,8.577,17.84,24.34,7.8,1.5083
2003-01-16,0.0,9.172,18.12,25.23,7.6,1.4696
2003-01-17,0.0,10.22,19.64,27.56,5.6,1.0829
2003-01-18,8.023,9.031,18.48,25.31,4.7,0.9088
2003-01-19,0.0,7.109,18.34,23.05,5.2,1.0055
2003-01-20,0.549,8.732,16.38,23.34,8.5,1.6436
2003-01-21,0.0,9.478,16.92,24.62,7.8,1.5083
2003-01-22,0.0,9.528,17.09,24.8,5.7,1.1022
2003-01-23,0.0,9.037,16.81,23.98,4.8,0.9282
2003-01-24,0.287,8.66,16.83,23.53,4.3,0.8315
2003-01-25,0.0,9.645,16.8,24.66,4.4,0.8508
2003-01-26,0.0,10.719,16.06,25.41,4.3,0.8315
2003-01-27,0.0,8.779,16.69,23.53,4.3,0.8315
2003-01-28,0.0,10.054,17.16,25.34,4.2,0.8121
2003-01-29,0.0,10.918,16.69,26.02,4.2,0.8121
2003-01-30,0.464,11.903,15.97,26.69,4.1,0.7928
2003-01-31,35.516,8.678,18.91,25.03,4.1,0.7928
2003-02-01,0.0,8.821,17.77,24.3,4.4,0.8508
2003-02-02,0.0,7.473,17.92,22.92,5.4,1.0442
2003-02-03,0.0,9.571,16.47,24.16,4.9,0.9475
2003-02-04,0.0,12.177,15.44,26.55,4.3,0.8315
2003-02-05,0.0,11.648,16.8,26.81,4.2,0.8121
2003-02-06,0.0,11.015,16.95,26.14,4.2,0.8121
2003-02-07,0.0,10.497,18.12,26.36,4.2,0.8121
2003-02-08,5.259,10.351,17.31,25.58,4.1,0.7928
2003-02-09,0.0,9.773,16.33,24.17,4.0,0.7735
2003-02-10,0.0,10.37,16.97,25.31,3.7,0.7155
2003-02-11,0.685,10.352,17.67,25.78,3.6,0.6961
2003-02-12,0.0,10.201,17.89,25.75,3.6,0.6961
2003-02-13,14.435,9.117,18.31,24.84,3.6,0.6961
2003-02-14,0.0,11.322,18.22,27.22,3.6,0.6961
2003-02-15,24.443,6.964,18.98,23.11,3.7,0.7155
2003-02-16,0.0,7.579,18.66,23.45,4.4,0.8508
2003-02-17,0.0,9.052,18.47,24.83,12.3,2.3784
2003-02-18,11.415,9.854,17.23,24.77,9.7,1.8757
2003-02-19,0.0,8.986,18.09,24.44,6.9,1.3342
2003-02-20,0.0,7.88,18.06,23.22,5.2,1.0055
2003-02-21,0.0,11.098,17.52,26.33,4.4,0.8508
2003-02-22,0.0,10.572,18.67,26.56,4.2,0.8121
2003-02-23,0.0,9.441,18.02,24.83,4.1,0.7928
2003-02-24,0.0,9.186,17.2,23.91,4.1,0.7928
2003-02-25,0.0,12.522,17.52,27.88,3.8,0.7348
2003-02-26,30.532,8.293,17.47,23.12,3.7,0.7155
2003-02-27,8.59,9.836,17.62,24.91,4.7,0.9088
2003-02-28,0.0,7.659,17.81,22.7,6.8,1.3149
2003-03-01,0.0,9.206,17.09,23.78,7.9,1.5276
2003-03-02,0.0,9.479,19.22,25.69,5.6,1.0829
2003-03-03,0.0,11.093,16.36,25.34,5.8,1.1215
2003-03-04,4.749,9.224,17.11,23.78,4.9,0.9475
2003-03-05,0.0,11.124,16.23,25.27,4.6,0.8895
2003-03-06,0.0,12.899,15.45,26.77,4.3,0.8315
2003-03-07,0.0,12.384,15.83,26.41,4.0,0.7735
2003-03-08,0.0,11.766,16.98,26.48,3.7,0.7155
2003-03-09,0.0,11.58,18.27,27.17,3.5,0.6768
2003-03-10,7.975,11.211,18.25,26.75,3.5,0.6768
2003-03-11,0.0,10.528,18.58,26.23,3.5,0.6768
2003-03-12,0.0,12.187,17.48,27.27,3.9,0.7541
2003-03-13,0.0,11.345,18.39,26.97,3.5,0.6768
2003-03-14,9.551,8.725,17.62,23.56,4.7,0.9088
2003-03-15,29.797,7.267,18.58,22.84,22.1,4.2734
2003-03-16,0.0,8.914,17.5,23.66,13.7,2.6491
2003-03-17,36.676,8.384,17.22,22.88,27.1,5.2402
2003-03-18,10.646,10.428,18.0,25.66,10.9,2.1077
2003-03-19,35.096,8.235,17.97,23.31,23.7,4.5828
2003-03-20,0.0,8.875,17.89,23.91,11.6,2.2431
2003-03-21,16.526,9.555,17.56,24.38,13.2,2.5524
2003-03-22,20.373,9.51,17.88,24.56,19.0,3.674
2003-03-23,0.0,10.597,16.78,24.94,27.4,5.2982
2003-03-24,21.082,11.005,17.84,26.17,22.7,4.3894
2003-03-25,20.65,8.739,17.52,23.47,26.4,5.1049
2003-03-26,0.0,8.096,16.97,22.36,35.8,6.9225
2003-03-27,0.0,7.581,17.45,22.22,89.9,17.3836
2003-03-28,0.0,7.472,17.48,22.14,36.2,6.9999
2003-03-29,0.0,9.05,18.22,24.36,18.5,3.5773
2003-03-30,0.0,9.407,17.08,23.86,13.7,2.6491
2003-03-31,0.0,10.206,16.72,24.47,14.4,2.7845
2003-04-01,8.089,8.247,16.98,22.55,8.8,1.7016
2003-04-02,0.0,10.285,16.67,24.53,8.8,1.7016
2003-04-03,0.0,9.967,18.19,25.31,7.6,1.4696
2003-04-04,1.665,9.4,18.55,24.98,6.8,1.3149
2003-04-05,0.0,10.446,17.47,25.31,6.3,1.2182
2003-04-06,0.0,11.449,18.09,26.88,7.3,1.4116
2003-04-07,0.0,12.353,17.27,27.31,8.5,1.6436
2003-04-08,4.551,9.802,18.27,25.23,7.3,1.4116
2003-04-09,25.741,6.665,18.25,22.02,24.2,4.6795
2003-04-10,0.922,8.626,17.17,23.14,16.4,3.1712
2003-04-11,1.189,11.306,17.25,26.16,21.5,4.1574
2003-04-12,1.722,7.887,18.33,23.3,15.1,2.9198
2003-04-13,0.0,8.098,17.58,22.92,16.5,3.1905
2003-04-14,0.0,8.708,17.09,23.2,71.2,13.7677
2003-04-15,0.954,8.74,17.94,23.91,17.5,3.3839
2003-04-16,19.787,10.201,17.59,25.23,27.2,5.2596
2003-04-17,45.073,8.712,17.22,23.33,194.8,37.6678
2003-04-18,0.0,11.005,16.75,25.55,33.5,6.4778
2003-04-19,30.494,6.557,17.48,21.33,139.4,26.9553
2003-04-20,16.092,10.455,17.36,25.39,35.7,6.9032
2003-04-21,32.81,7.706,17.44,22.47,26.7,5.1629
2003-04-22,3.149,8.227,17.48,23.08,75.6,14.6185
2003-04-23,0.0,9.231,16.91,23.73,35.2,6.8065
2003-04-24,0.43,9.633,17.53,24.66,27.3,5.2789
2003-04-25,17.792,9.946,17.19,24.77,22.8,4.4088
2003-04-26,0.658,9.876,17.59,25.0,15.9,3.0745
2003-04-27,6.907,9.387,17.61,24.48,18.2,3.5193
2003-04-28,0.0,11.208,17.33,26.34,13.4,2.5911
2003-04-29,0.0,9.066,17.61,24.16,10.7,2.069
2003-04-30,6.907,10.066,17.2,24.98,12.4,2.3977
2003-05-01,0.0,10.111,18.61,26.09,10.1,1.953
2003-05-02,0.0,10.911,17.83,26.44,8.6,1.663
2003-05-03,0.441,8.645,17.17,23.42,7.9,1.5276
2003-05-04,3.909,9.944,18.08,25.56,13.0,2.5138
2003-05-05,15.439,9.332,17.7,24.61,10.5,2.0303
2003-05-06,0.0,9.76,17.98,25.31,8.9,1.721
2003-05-07,0.516,8.485,17.78,23.77,8.2,1.5856
2003-05-08,1.329,10.046,17.48,25.3,7.6,1.4696
2003-05-09,15.161,8.316,17.41,23.36,9.7,1.8757
2003-05-10,0.549,10.81,17.02,25.88,14.0,2.7071
2003-05-11,0.0,8.184,17.52,23.28,9.2,1.779
2003-05-12,0.0,9.711,18.06,25.42,5.0,0.9668
2003-05-13,1.473,8.563,17.19,23.47,8.1,1.5663
2003-05-14,0.0,9.691,17.81,25.23,16.6,3.2099
2003-05-15,0.0,9.556,17.56,24.91,14.5,2.8038
2003-05-16,0.0,8.739,17.88,24.25,9.0,1.7403
2003-05-17,0.0,10.404,18.22,26.41,8.2,1.5856
2003-05-18,0.0,8.758,19.05,25.19,7.2,1.3922
2003-05-19,1.929,8.84,16.91,23.66,11.4,2.2044
2003-05-20,1.942,9.946,17.16,25.14,9.4,1.8176
2003-05-21,0.448,11.422,17.58,27.19,8.7,1.6823
2003-05-22,6.174,9.656,17.33,24.95,14.7,2.8425
2003-05-23,7.096,10.002,17.69,25.64,8.6,1.663
2003-05-24,0.0,9.697,18.16,25.64,10.2,1.9723
2003-05-25,6.646,8.61,17.14,23.64,8.2,1.5856
2003-05-26,2.291,9.014,17.89,24.69,7.5,1.4502
2003-05-27,0.0,8.707,16.67,23.42,13.7,2.6491
2003-05-28,0.0,9.031,17.23,24.23,8.7,1.6823
2003-05-29,0.0,10.36,18.38,26.64,7.5,1.4502
2003-05-30,23.465,8.758,18.16,24.64,6.3,1.2182
2003-05-31,0.0,8.818,17.98,24.59,5.9,1.1409
2003-06-01,0.0,9.787,17.88,25.64,7.4,1.4309
2003-06-02,0.0,9.758,16.69,24.75,7.4,1.4309
2003-06-03,0.691,9.402,16.52,24.2,26.1,5.0469
2003-06-04,0.989,8.108,16.42,22.61,30.3,5.859
2003-06-05,27.166,7.552,18.02,23.23,22.1,4.2734
2003-06-06,5.929,9.275,16.36,23.97,28.1,5.4336
2003-06-07,0.0,7.105,16.7,21.7,17.9,3.4613
2003-06-08,6.298,6.625,16.97,21.39,9.9,1.9143
2003-06-09,0.0,10.222,16.47,25.22,8.1,1.5663
2003-06-10,0.0,10.184,16.94,25.52,7.1,1.3729
2003-06-11,0.0,8.517,16.69,23.34,6.2,1.1989
2003-06-12,9.371,8.921,15.78,23.16,11.4,2.2044
2003-06-13,13.109,7.498,16.09,21.7,8.7,1.6823
2003-06-14,9.72,7.12,16.05,21.23,8.2,1.5856
2003-06-15,3.721,7.675,15.59,21.53,30.7,5.9364
2003-06-16,2.799,9.886,16.83,25.11,29.4,5.685
2003-06-17,8.588,7.341,16.12,21.56,18.0,3.4806
2003-06-18,0.0,6.918,16.33,21.23,14.5,2.8038
2003-06-19,1.573,7.054,15.88,21.03,13.4,2.5911
2003-06-20,2.322,9.069,16.55,23.94,13.9,2.6878
2003-06-21,0.0,10.104,15.12,24.19,9.4,1.8176
2003-06-22,9.271,8.722,16.44,23.44,8.3,1.6049
2003-06-23,0.515,8.266,16.59,23.02,8.0,1.5469
2003-06-24,0.0,9.407,15.75,23.77,7.8,1.5083
2003-06-25,2.893,7.869,16.27,22.3,6.8,1.3149
2003-06-26,0.0,9.033,16.86,24.12,6.0,1.1602
2003-06-27,10.794,9.302,14.95,23.06,6.3,1.2182
2003-06-28,0.0,8.626,16.66,23.48,8.3,1.6049
2003-06-29,0.0,8.62,16.67,23.48,7.6,1.4696
2003-06-30,0.0,8.917,16.22,23.5,7.1,1.3729
2003-07-01,0.0,9.478,16.28,24.22,7.1,1.3729
2003-07-02,0.0,10.568,16.59,25.78,7.5,1.4502
2003-07-03,0.0,9.571,16.45,24.45,7.5,1.4502
2003-07-04,0.0,8.088,17.25,23.28,5.7,1.1022
2003-07-05,0.0,9.756,16.59,24.77,9.7,1.8757
2003-07-06,0.0,10.087,16.42,25.03,7.3,1.4116
2003-07-07,4.966,8.9,16.28,23.48,5.9,1.1409
2003-07-08,3.569,7.588,16.66,22.22,5.4,1.0442
2003-07-09,7.735,7.921,16.41,22.41,5.5,1.0635
2003-07-10,2.367,9.26,16.3,23.91,7.0,1.3536
2003-07-11,8.534,8.257,16.62,22.95,5.5,1.0635
2003-07-12,12.335,8.745,17.41,24.11,5.4,1.0442
2003-07-13,0.0,9.533,16.56,24.41,7.0,1.3536
2003-07-14,0.0,10.466,15.12,24.52,6.0,1.1602
2003-07-15,0.0,9.608,16.98,24.78,5.5,1.0635
2003-07-16,0.0,10.103,15.92,24.61,4.9,0.9475
2003-07-17,0.563,8.244,17.08,23.23,4.3,0.8315
2003-07-18,0.0,9.738,16.33,24.44,4.1,0.7928
2003-07-19,0.0,9.502,16.36,24.16,4.1,0.7928
2003-07-20,0.0,9.904,16.36,24.62,4.1,0.7928
2003-07-21,0.0,9.546,15.94,23.89,4.0,0.7735
2003-07-22,0.23,8.908,17.02,23.91,4.0,0.7735
2003-07-23,0.0,7.856,17.31,22.92,4.6,0.8895
2003-07-24,4.439,9.804,17.44,25.23,4.3,0.8315
2003-07-25,0.0,8.989,18.47,25.06,4.1,0.7928
2003-07-26,0.0,7.932,17.41,23.05,4.0,0.7735
2003-07-27,0.0,9.726,17.12,24.88,3.9,0.7541
2003-07-28,0.0,10.445,16.8,25.47,4.1,0.7928
2003-07-29,0.0,10.582,17.48,26.11,3.9,0.7541
2003-07-30,0.0,8.186,18.5,24.14,3.7,0.7155
2003-07-31,0.0,8.712,17.19,23.7,3.6,0.6961
2003-08-01,0.0,10.766,17.3,26.14,9.4,1.8176
2003-08-02,1.2,8.726,16.67,23.3,13.5,2.6104
2003-08-03,0.758,7.116,16.42,21.28,9.8,1.895
2003-08-04,0.0,11.144,15.91,25.56,8.5,1.6436
2003-08-05,1.154,11.028,17.38,26.44,7.0,1.3536
2003-08-06,0.0,12.489,16.09,27.27,7.2,1.3922
2003-08-07,10.39,10.601,17.0,25.64,6.0,1.1602
2003-08-08,0.0,9.995,16.77,24.75,5.8,1.1215
2003-08-09,0.0,8.62,16.64,23.06,5.0,0.9668
2003-08-10,0.681,10.969,16.84,25.92,4.7,0.9088
2003-08-11,0.944,12.289,15.42,26.48,4.8,0.9282
2003-08-12,0.0,11.434,16.8,26.39,4.5,0.8701
2003-08-13,0.0,10.091,17.78,25.53,4.0,0.7735
2003-08-14,2.057,9.14,18.44,24.95,3.8,0.7348
2003-08-15,0.0,11.187,17.16,26.31,3.7,0.7155
2003-08-16,0.0,11.135,15.98,25.41,3.7,0.7155
2003-08-17,0.0,11.005,17.22,26.11,3.9,0.7541
2003-08-18,0.0,11.893,17.45,27.28,3.5,0.6768
2003-08-19,0.0,12.051,18.02,27.84,3.3,0.6381
2003-08-20,0.0,11.05,17.25,26.14,3.3,0.6381
2003-08-21,0.519,10.457,17.98,25.98,3.3,0.6381
2003-08-22,10.839,9.329,17.09,24.05,3.7,0.7155
2003-08-23,0.0,11.257,16.53,25.83,5.0,0.9668
2003-08-24,0.0,10.142,16.81,24.73,4.5,0.8701
2003-08-25,4.394,11.118,18.08,26.75,3.8,0.7348
2003-08-26,1.188,9.054,18.16,24.52,4.0,0.7735
2003-08-27,0.0,10.244,17.5,25.33,3.7,0.7155
2003-08-28,0.0,9.826,18.39,25.52,3.2,0.6188
2003-08-29,0.0,10.434,17.33,25.41,3.2,0.6188
2003-08-30,0.0,11.385,16.78,26.08,3.1,0.5994
2003-08-31,0.0,10.793,17.14,25.64,3.0,0.5801
2003-09-01,0.0,10.98,17.98,26.45,3.0,0.5801
2003-09-02,0.0,11.794,17.12,26.75,3.0,0.5801
2003-09-03,0.0,12.438,17.05,27.42,2.9,0.5608
2003-09-04,0.0,11.823,18.09,27.45,2.9,0.5608
2003-09-05,0.0,10.565,18.8,26.56,2.9,0.5608
2003-09-06,0.0,10.646,18.45,26.39,2.9,0.5608
2003-09-07,21.692,8.982,16.59,23.16,3.1,0.5994
2003-09-08,1.96,10.233,17.48,25.2,3.8,0.7348
2003-09-09,9.069,7.794,16.58,21.84,4.6,0.8895
2003-09-10,0.0,10.804,16.94,25.44,5.1,0.9862
2003-09-11,10.331,10.191,17.3,25.02,4.2,0.8121
2003-09-12,0.0,11.67,16.86,26.36,4.4,0.8508
2003-09-13,0.0,10.116,18.3,25.67,3.7,0.7155
2003-09-14,0.0,10.94,17.58,26.05,3.5,0.6768
2003-09-15,0.0,11.491,16.73,26.06,3.9,0.7541
2003-09-16,0.0,11.248,17.75,26.52,3.4,0.6574
2003-09-17,0.0,10.405,17.08,25.08,3.1,0.5994
2003-09-18,0.0,10.334,17.12,25.03,3.2,0.6188
2003-09-19,2.408,11.097,17.56,26.2,3.3,0.6381
2003-09-20,10.04,10.609,17.58,25.67,4.0,0.7735
2003-09-21,0.0,9.176,17.92,24.36,3.6,0.6961
2003-09-22,0.824,9.512,17.64,24.52,3.5,0.6768
2003-09-23,1.346,8.692,17.64,23.64,3.9,0.7541
2003-09-24,0.0,11.678,15.98,25.77,5.1,0.9862
2003-09-25,0.257,10.887,16.62,25.31,4.1,0.7928
2003-09-26,0.402,7.631,17.52,22.42,3.7,0.7155
2003-09-27,8.468,9.269,17.25,23.97,3.5,0.6768
2003-09-28,9.871,8.478,17.42,23.25,9.2,1.779
2003-09-29,6.875,8.292,17.31,22.97,8.3,1.6049
2003-09-30,16.937,7.818,17.09,22.3,10.8,2.0884
2003-10-01,0.0,8.566,18.06,23.86,10.1,1.953
2003-10-02,0.0,11.824,16.59,26.42,7.7,1.4889
2003-10-03,1.999,10.622,16.31,24.84,6.7,1.2956
2003-10-04,2.639,10.388,17.64,25.55,5.0,0.9668
2003-10-05,18.976,10.125,17.16,24.91,8.1,1.5663
2003-10-06,16.785,8.269,17.27,22.95,8.6,1.663
2003-10-07,10.69,7.299,17.52,22.14,11.6,2.2431
2003-10-08,4.661,6.067,17.08,20.55,16.0,3.0939
2003-10-09,13.991,7.311,17.31,22.0,32.2,6.2264
2003-10-10,30.788,7.69,17.0,22.16,29.5,5.7043
2003-10-11,4.153,9.458,16.8,23.95,19.4,3.7513
2003-10-12,2.368,10.613,17.3,25.64,17.7,3.4226
2003-10-13,0.0,8.627,17.98,23.97,21.0,4.0607
2003-10-14,7.65,7.679,18.25,23.19,14.8,2.8618
2003-10-15,0.0,9.412,17.42,24.42,19.3,3.732
2003-10-16,15.81,8.934,16.11,22.91,13.3,2.5718
2003-10-17,0.0,9.796,16.89,24.48,18.7,3.616
2003-10-18,0.0,9.698,17.67,24.97,17.1,3.3066
2003-10-19,9.968,10.739,17.8,26.25,22.7,4.3894
2003-10-20,0.0,9.249,17.33,24.23,13.6,2.6298
2003-10-21,8.458,8.596,16.8,23.11,10.9,2.1077
2003-10-22,0.0,8.712,16.5,23.03,11.7,2.2624
2003-10-23,0.0,11.406,16.16,25.94,9.9,1.9143
2003-10-24,1.218,11.208,15.91,25.55,7.0,1.3536
2003-10-25,0.0,10.632,15.72,24.75,6.4,1.2375
2003-10-26,5.715,7.528,17.97,22.94,9.7,1.8757
2003-10-27,11.717,7.788,17.22,22.62,29.7,5.743
2003-10-28,0.0,8.227,17.33,23.2,154.7,29.9138
2003-10-29,53.046,6.616,16.95,21.17,188.8,36.5076
2003-10-30,22.1,7.973,16.67,22.44,68.1,13.1683
2003-10-31,47.518,5.517,17.08,20.19,113.2,21.8891
2003-11-01,0.601,8.175,16.84,22.83,30.9,5.975
2003-11-02,0.0,10.287,15.95,24.66,22.0,4.2541
2003-11-03,32.239,6.616,16.69,21.02,38.7,7.4833
2003-11-04,0.47,9.09,16.67,23.8,24.0,4.6408
2003-11-05,0.0,10.451,15.5,24.59,17.5,3.3839
2003-11-06,2.598,9.672,16.22,24.19,16.9,3.2679
2003-11-07,6.199,8.841,16.66,23.55,14.0,2.7071
2003-11-08,16.906,6.922,16.97,21.64,16.9,3.2679
2003-11-09,0.0,9.053,16.22,23.5,15.3,2.9585
2003-11-10,23.026,7.142,17.78,22.55,50.5,9.765
2003-11-11,4.667,7.944,17.47,23.2,24.3,4.6988
2003-11-12,0.0,7.634,16.59,22.17,26.9,5.2016
2003-11-13,0.0,8.442,17.25,23.62,23.6,4.5634
2003-11-14,5.79,7.878,18.38,23.88,18.4,3.5579
2003-11-15,13.049,8.504,17.55,23.95,17.0,3.2872
2003-11-16,0.0,8.518,17.27,23.77,14.0,2.7071
2003-11-17,0.0,8.045,16.92,22.97,12.4,2.3977
2003-11-18,13.22,8.776,17.31,24.14,10.5,2.0303
2003-11-19,24.694,8.957,17.38,24.41,18.2,3.5193
2003-11-20,13.922,8.708,17.52,24.23,24.6,4.7568
2003-11-21,10.406,8.435,16.95,23.5,24.7,4.7762
2003-11-22,43.118,5.058,16.86,19.72,60.5,11.6987
2003-11-23,0.0,7.735,17.28,22.97,126.9,24.5382
2003-11-24,22.084,8.377,17.16,23.62,43.1,8.3341
2003-11-25,3.741,7.666,16.94,22.64,39.5,7.638
2003-11-26,0.0,8.808,16.98,24.03,26.4,5.1049
2003-11-27,8.427,7.973,17.56,23.5,26.2,5.0662
2003-11-28,29.866,8.441,18.14,24.5,18.7,3.616
2003-11-29,21.285,6.573,17.52,21.91,17.0,3.2872
2003-11-30,1.66,8.016,17.28,23.36,23.7,4.5828
2003-12-01,10.459,8.792,16.27,23.53,79.6,15.392
2003-12-02,45.285,6.335,17.45,21.61,318.5,61.5872
2003-12-03,56.993,7.971,17.52,23.52,44.1,8.5275
2003-12-04,8.865,8.444,17.78,24.28,34.1,6.5938
2003-12-05,4.82,8.263,17.11,23.56,97.3,18.8146
2003-12-06,20.717,7.374,17.3,22.67,76.3,14.7539
2003-12-07,1.245,8.48,16.45,23.34,36.6,7.0772
2003-12-08,0.0,9.518,15.84,24.19,24.9,4.8148
2003-12-09,0.0,8.535,17.14,23.94,18.4,3.5579
2003-12-10,0.493,8.683,17.66,24.52,17.1,3.3066
2003-12-11,0.966,8.119,17.67,23.88,14.5,2.8038
2003-12-12,0.0,7.079,17.7,22.69,11.8,2.2817
2003-12-13,0.0,8.147,16.98,23.38,17.0,3.2872
2003-12-14,6.952,7.339,17.14,22.55,18.7,3.616
2003-12-15,2.735,7.112,17.45,22.53,10.6,2.0497
2003-12-16,0.0,9.833,16.44,25.05,9.7,1.8757
2003-12-17,0.0,10.289,15.38,24.88,8.8,1.7016
2003-12-18,0.0,8.472,16.53,23.44,9.4,1.8176
2003-12-19,2.307,7.448,18.75,23.95,8.8,1.7016
2003-12-20,0.0,8.638,18.34,25.0,8.3,1.6049
2003-12-21,0.0,7.979,18.16,24.11,7.9,1.5276
2003-12-22,0.0,9.41,17.89,25.59,8.0,1.5469
2003-12-23,0.0,7.999,17.75,23.8,7.6,1.4696
2003-12-24,0.0,10.778,15.64,25.67,7.4,1.4309
2003-12-25,0.0,9.121,16.41,24.12,6.8,1.3149
2003-12-26,0.0,8.366,17.81,24.27,6.3,1.2182
2003-12-27,0.0,6.95,17.03,22.0,7.3,1.4116
2003-12-28,0.0,8.387,16.94,23.61,12.9,2.4944
2003-12-29,0.0,8.657,16.91,23.91,10.4,2.011
2003-12-30,0.0,8.653,16.44,23.55,9.8,1.895
2003-12-31,0.0,8.793,15.58,23.08,8.9,1.721
2004-01-01,0.0,9.955,15.95,24.8,7.3,1.4116
2004-01-02,0.0,9.318,18.41,25.8,6.6,1.2762
2004-01-03,0.0,9.593,17.52,25.47,6.2,1.1989
2004-01-04,0.0,9.358,17.48,25.14,5.9,1.1409
2004-01-05,0.0,8.749,18.02,24.8,5.4,1.0442
2004-01-06,0.0,8.299,17.19,23.62,5.7,1.1022
2004-01-07,33.125,6.97,17.34,22.2,34.8,6.7292
2004-01-08,0.0,6.79,17.41,22.05,21.2,4.0994
2004-01-09,3.18,8.372,16.83,23.41,23.0,4.4474
2004-01-10,0.0,8.7,17.16,24.03,33.6,6.4971
2004-01-11,11.36,8.686,17.55,24.3,18.6,3.5966
2004-01-12,7.691,8.274,17.45,23.73,66.9,12.9362
2004-01-13,0.0,8.472,18.47,24.73,19.5,3.7706
2004-01-14,0.0,9.982,17.05,25.44,16.2,3.1325
2004-01-15,0.0,8.541,17.88,24.33,11.4,2.2044
2004-01-16,3.355,8.32,17.19,23.53,26.6,5.1435
2004-01-17,62.988,7.807,16.7,22.55,357.0,69.0318
2004-01-18,0.0,6.616,17.39,21.75,43.3,8.3728
2004-01-19,0.0,8.679,16.44,23.34,21.7,4.1961
2004-01-20,0.0,8.555,16.98,23.59,17.7,3.4226
2004-01-21,0.0,7.43,18.16,23.22,26.8,5.1822
2004-01-22,0.0,7.163,16.55,21.62,17.3,3.3452
2004-01-23,0.0,8.305,15.97,22.48,15.3,2.9585
2004-01-24,1.901,8.55,16.0,22.78,11.3,2.185
2004-01-25,0.0,9.614,17.14,24.88,8.9,1.721
2004-01-26,0.0,9.587,16.12,24.08,7.7,1.4889
2004-01-27,0.0,9.855,16.84,24.91,7.9,1.5276
2004-01-28,0.0,9.735,16.86,24.75,7.3,1.4116
2004-01-29,0.0,9.322,16.84,24.23,6.9,1.3342
2004-01-30,0.0,9.885,16.97,24.97,6.6,1.2762
2004-01-31,0.0,9.519,18.33,25.53,6.3,1.2182
2004-02-01,0.0,9.771,17.39,25.11,6.1,1.1795
2004-02-02,0.0,10.766,17.42,26.28,5.8,1.1215
2004-02-03,0.0,8.85,18.56,24.91,5.7,1.1022
2004-02-04,0.0,10.28,16.77,25.19,5.5,1.0635
2004-02-05,0.0,11.95,15.59,26.34,5.4,1.0442
2004-02-06,0.0,12.214,14.55,25.98,5.3,1.0248
2004-02-07,0.0,9.924,18.02,25.62,5.2,1.0055
2004-02-08,0.0,8.285,18.16,23.89,5.0,0.9668
2004-02-09,0.0,9.5,18.02,25.11,4.9,0.9475
2004-02-10,0.0,12.24,15.92,26.8,4.7,0.9088
2004-02-11,0.0,10.615,18.39,26.61,4.6,0.8895
2004-02-12,0.0,11.44,18.14,27.34,4.5,0.8701
2004-02-13,0.0,10.162,18.81,26.38,4.3,0.8315
2004-02-14,3.681,10.515,17.62,25.88,5.0,0.9668
2004-02-15,0.0,10.402,17.38,25.55,4.6,0.8895
2004-02-16,0.0,11.683,16.55,26.42,4.9,0.9475
2004-02-17,0.0,9.213,19.5,25.8,4.5,0.8701
2004-02-18,0.0,10.298,19.41,26.88,4.3,0.8315
2004-02-19,5.517,8.718,18.92,24.8,4.3,0.8315
2004-02-20,0.0,7.011,17.7,22.03,6.0,1.1602
2004-02-21,41.5,8.152,18.03,23.47,24.7,4.7762
2004-02-22,6.251,6.567,17.64,21.52,19.4,3.7513
2004-02-23,21.06,6.919,16.67,21.06,11.7,2.2624
2004-02-24,7.78,9.856,17.02,24.52,7.8,1.5083
2004-02-25,38.574,8.502,17.45,23.34,83.8,16.2041
2004-02-26,0.0,9.913,17.27,24.73,13.4,2.5911
2004-02-27,0.858,7.521,18.19,22.88,9.7,1.8757
2004-02-28,0.0,9.17,17.17,23.81,8.4,1.6243
2004-02-29,0.0,8.624,16.98,23.06,7.6,1.4696
2004-03-01,1.571,8.85,17.47,23.67,7.0,1.3536
2004-03-02,0.0,9.853,17.92,25.09,12.1,2.3397
2004-03-03,0.0,10.967,17.47,25.98,10.5,2.0303
2004-03-04,0.0,10.911,18.38,26.56,6.8,1.3149
2004-03-05,0.0,10.757,17.3,25.59,6.0,1.1602
2004-03-06,0.0,9.384,18.14,24.72,5.5,1.0635
2004-03-07,0.0,8.644,18.7,24.36,7.1,1.3729
2004-03-08,0.0,11.376,17.75,26.58,7.3,1.4116
2004-03-09,0.0,10.537,18.19,25.97,6.3,1.2182
2004-03-10,0.0,8.929,17.97,24.06,5.9,1.1409
2004-03-11,11.062,6.391,19.08,22.45,5.5,1.0635
2004-03-12,0.0,9.78,17.88,24.89,5.2,1.0055
2004-03-13,0.0,11.827,16.72,26.31,5.0,0.9668
2004-03-14,0.0,11.607,17.08,26.31,4.8,0.9282
2004-03-15,0.0,11.885,17.05,26.59,4.5,0.8701
2004-03-16,5.109,11.142,17.17,25.84,4.3,0.8315
2004-03-17,0.0,11.092,16.42,25.25,4.2,0.8121
2004-03-18,0.0,11.364,17.14,26.06,4.2,0.8121
2004-03-19,0.0,11.234,16.41,25.39,4.1,0.7928
2004-03-20,0.0,11.463,17.53,26.45,4.0,0.7735
2004-03-21,3.613,11.243,18.69,27.06,4.0,0.7735
2004-03-22,0.0,10.094,18.45,25.62,3.9,0.7541
2004-03-23,0.0,9.34,18.84,25.12,3.9,0.7541
2004-03-24,0.0,10.899,19.55,27.3,4.7,0.9088
2004-03-25,16.518,9.662,17.95,24.78,4.3,0.8315
2004-03-26,12.788,9.393,18.2,24.69,7.6,1.4696
2004-03-27,14.178,11.383,17.67,26.45,7.9,1.5276
2004-03-28,11.449,8.856,17.86,23.86,8.1,1.5663
2004-03-29,0.0,9.242,18.16,24.5,7.7,1.4889
2004-03-30,18.414,8.538,17.72,23.42,13.7,2.6491
2004-03-31,0.0,11.119,17.58,26.11,9.2,1.779
2004-04-01,8.031,7.936,17.23,22.42,8.1,1.5663
2004-04-02,4.75,7.761,17.94,22.81,8.5,1.6436
2004-04-03,21.026,7.248,17.27,21.75,7.9,1.5276
2004-04-04,0.0,9.767,16.75,24.03,5.7,1.1022
2004-04-05,0.0,11.893,16.19,26.03,4.9,0.9475
2004-04-06,8.269,11.644,18.12,27.12,6.8,1.3149
2004-04-07,0.0,11.847,17.78,27.11,6.0,1.1602
2004-04-08,9.265,10.741,18.08,26.11,5.2,1.0055
2004-04-09,0.0,9.652,18.17,25.02,4.9,0.9475
2004-04-10,2.331,8.863,17.84,23.92,5.4,1.0442
2004-04-11,0.0,9.163,17.58,24.05,5.1,0.9862
2004-04-12,0.0,10.882,16.81,25.39,6.2,1.1989
2004-04-13,42.078,8.038,18.39,23.52,7.2,1.3922
2004-04-14,28.517,4.978,18.27,20.56,25.6,4.9502
2004-04-15,0.0,8.094,17.08,22.55,17.7,3.4226
2004-04-16,7.219,8.358,16.39,22.31,114.8,22.1985
2004-04-17,17.25,8.66,17.72,23.67,83.3,16.1074
2004-04-18,9.225,8.866,16.62,23.06,31.4,6.0717
2004-04-19,15.601,10.339,17.34,25.25,25.5,4.9308
2004-04-20,0.0,9.29,17.98,24.59,17.0,3.2872
2004-04-21,6.866,8.946,17.88,24.14,22.0,4.2541
2004-04-22,24.132,6.508,17.17,21.05,62.1,12.0081
2004-04-23,40.434,5.012,16.59,19.14,46.9,9.0689
2004-04-24,7.806,7.948,16.77,22.23,29.3,5.6656
2004-04-25,0.0,8.474,16.19,22.38,41.0,7.928
2004-04-26,0.0,10.301,15.59,24.05,20.0,3.8673
2004-04-27,0.0,8.646,16.59,22.91,37.6,7.2706
2004-04-28,29.372,8.552,17.12,23.22,51.6,9.9777
2004-04-29,2.656,10.272,17.16,25.19,24.8,4.7955
2004-04-30,0.536,8.253,18.36,23.89,24.1,4.6601
2004-05-01,1.274,9.838,17.17,24.73,18.9,3.6546
2004-05-02,0.0,10.737,16.89,25.58,15.8,3.0552
2004-05-03,3.188,7.327,17.64,22.38,16.7,3.2292
2004-05-04,11.531,7.956,17.44,22.89,20.3,3.9253
2004-05-05,7.844,8.969,17.25,23.88,18.0,3.4806
2004-05-06,0.23,9.323,17.91,24.78,17.2,3.3259
2004-05-07,7.477,8.892,17.23,23.81,18.4,3.5579
2004-05-08,0.391,8.838,17.78,24.19,19.9,3.848
2004-05-09,15.196,7.778,18.09,23.28,20.0,3.8673
2004-05-10,0.0,8.915,16.78,23.53,24.8,4.7955
2004-05-11,0.877,9.759,17.69,25.19,16.5,3.1905
2004-05-12,0.239,7.896,18.89,24.08,16.4,3.1712
2004-05-13,4.038,9.394,17.33,24.53,14.9,2.8812
2004-05-14,0.0,8.47,18.72,24.58,10.0,1.9337
2004-05-15,6.929,8.316,17.03,23.11,8.9,1.721
2004-05-16,3.37,10.611,16.58,25.45,7.9,1.5276
2004-05-17,10.958,6.91,16.75,21.36,7.8,1.5083
2004-05-18,11.208,7.309,17.56,22.45,13.2,2.5524
2004-05-19,16.747,6.557,17.81,21.88,18.1,3.4999
2004-05-20,0.0,8.662,16.34,23.05,14.0,2.7071
2004-05-21,0.0,10.145,15.38,24.12,10.5,2.0303
2004-05-22,13.584,6.66,16.8,21.17,10.2,1.9723
2004-05-23,10.769,7.28,17.17,22.16,9.8,1.895
2004-05-24,0.686,8.294,16.55,22.83,9.8,1.895
2004-05-25,0.0,9.194,16.72,24.02,10.1,1.953
2004-05-26,0.49,8.702,16.12,23.02,13.2,2.5524
2004-05-27,2.917,7.384,17.11,22.27,8.7,1.6823
2004-05-28,0.0,8.378,15.59,22.25,12.1,2.3397
2004-05-29,18.013,7.736,15.84,21.69,9.4,1.8176
2004-05-30,0.475,9.691,15.38,23.7,9.7,1.8757
2004-05-31,2.427,8.596,17.27,23.8,10.2,1.9723
2004-06-01,0.0,8.923,16.52,23.62,9.2,1.779
2004-06-02,10.703,8.12,16.72,22.84,9.3,1.7983
2004-06-03,3.776,8.55,16.97,23.55,8.7,1.6823
2004-06-04,0.0,8.197,17.05,23.2,8.9,1.721
2004-06-05,0.0,7.521,17.12,22.5,7.8,1.5083
2004-06-06,9.973,6.42,16.02,20.39,16.1,3.1132
2004-06-07,0.0,9.261,15.67,23.47,18.3,3.5386
2004-06-08,5.111,9.946,15.47,24.19,9.8,1.895
2004-06-09,2.817,8.972,16.45,23.7,8.8,1.7016
2004-06-10,0.0,9.507,16.5,24.39,11.8,2.2817
2004-06-11,0.0,8.981,16.19,23.53,8.8,1.7016
2004-06-12,0.0,7.668,16.64,22.33,7.7,1.4889
2004-06-13,0.0,8.07,17.27,23.28,6.3,1.2182
2004-06-14,0.0,8.95,16.77,23.94,5.8,1.1215
2004-06-15,0.0,8.884,16.05,23.33,5.4,1.0442
2004-06-16,1.124,7.308,17.2,22.38,5.5,1.0635
2004-06-17,0.0,7.939,16.28,22.39,6.2,1.1989
2004-06-18,0.0,8.866,17.53,24.42,6.0,1.1602
2004-06-19,0.0,9.195,16.81,24.28,5.4,1.0442
2004-06-20,0.0,8.863,16.73,23.83,5.5,1.0635
2004-06-21,7.745,9.014,17.25,24.39,5.2,1.0055
2004-06-22,0.0,9.849,15.69,24.27,5.1,0.9862
2004-06-23,13.23,10.875,15.17,25.19,5.1,0.9862
2004-06-24,0.0,8.545,16.88,23.56,4.8,0.9282
2004-06-25,0.0,9.127,16.56,24.03,4.7,0.9088
2004-06-26,0.0,10.175,15.05,24.22,4.7,0.9088
2004-06-27,0.0,9.884,14.66,23.58,4.5,0.8701
2004-06-28,0.0,8.157,17.06,23.23,4.4,0.8508
2004-06-29,0.0,9.801,15.66,24.17,4.3,0.8315
2004-06-30,0.0,8.484,17.14,23.67,4.3,0.8315
2004-07-01,0.0,8.68,16.03,23.06,4.3,0.8315
2004-07-02,0.235,9.132,15.95,23.55,4.2,0.8121
2004-07-03,0.0,8.98,17.03,24.16,4.3,0.8315
2004-07-04,7.182,7.194,16.72,21.84,4.1,0.7928
2004-07-05,4.576,7.911,16.17,22.23,4.4,0.8508
2004-07-06,0.315,9.524,15.97,24.02,4.3,0.8315
2004-07-07,0.0,9.581,16.38,24.38,5.2,1.0055
2004-07-08,3.102,9.095,15.59,23.2,6.3,1.2182
2004-07-09,9.793,8.709,15.98,23.02,7.5,1.4502
2004-07-10,0.315,9.899,16.73,24.98,6.7,1.2956
2004-07-11,0.0,9.579,16.3,24.28,5.8,1.1215
2004-07-12,0.0,9.096,16.91,24.14,5.3,1.0248
2004-07-13,6.396,6.992,17.27,22.0,5.0,0.9668
2004-07-14,0.699,6.821,16.48,21.17,4.7,0.9088
2004-07-15,0.0,9.555,15.45,23.59,4.9,0.9475
2004-07-16,0.0,8.975,16.56,23.7,5.5,1.0635
2004-07-17,1.07,7.908,16.72,22.56,5.5,1.0635
2004-07-18,0.0,10.677,15.5,24.97,9.4,1.8176
2004-07-19,0.0,9.204,16.09,23.59,7.6,1.4696
2004-07-20,0.0,9.687,17.08,24.88,6.7,1.2956
2004-07-21,8.957,9.409,16.61,24.19,6.9,1.3342
2004-07-22,5.331,9.726,16.66,24.59,6.8,1.3149
2004-07-23,0.0,10.135,15.67,24.36,10.9,2.1077
2004-07-24,5.033,8.892,16.41,23.39,8.0,1.5469
2004-07-25,0.0,9.069,15.97,23.27,7.7,1.4889
2004-07-26,15.435,9.34,17.2,24.48,6.4,1.2375
2004-07-27,6.918,9.072,16.53,23.66,9.7,1.8757
2004-07-28,0.0,9.128,15.72,23.11,8.1,1.5663
2004-07-29,7.568,9.449,15.58,23.38,16.9,3.2679
2004-07-30,0.0,8.025,16.56,22.44,13.7,2.6491
2004-07-31,0.0,7.752,16.25,21.88,8.4,1.6243
2004-08-01,0.0,11.199,15.53,25.41,6.8,1.3149
2004-08-02,0.0,11.039,14.61,24.56,5.0,0.9668
2004-08-03,0.0,9.265,15.39,22.95,4.8,0.9282
2004-08-04,0.0,8.769,17.56,23.98,4.4,0.8508
2004-08-05,0.258,10.221,16.42,24.8,5.2,1.0055
2004-08-06,0.0,8.469,17.44,23.53,5.9,1.1409
2004-08-07,0.0,9.336,16.5,23.8,4.8,0.9282
2004-08-08,0.0,9.74,15.36,23.44,4.3,0.8315
2004-08-09,0.364,10.714,14.47,23.97,4.1,0.7928
2004-08-10,0.0,10.417,15.81,24.52,3.9,0.7541
2004-08-11,0.0,8.795,16.98,23.48,4.8,0.9282
2004-08-12,0.0,9.528,16.89,24.23,4.1,0.7928
2004-08-13,0.0,10.089,15.7,24.02,3.8,0.7348
2004-08-14,0.0,10.535,15.66,24.48,3.6,0.6961
2004-08-15,0.0,10.323,16.7,24.97,3.6,0.6961
2004-08-16,1.582,11.218,16.95,26.17,3.5,0.6768
2004-08-17,1.627,10.736,17.88,26.27,3.5,0.6768
2004-08-18,13.321,10.291,18.05,25.88,3.4,0.6574
2004-08-19,2.43,8.745,18.06,24.17,3.7,0.7155
2004-08-20,1.627,9.927,18.12,25.5,3.5,0.6768
2004-08-21,0.0,9.425,17.28,24.3,3.5,0.6768
2004-08-22,0.0,10.665,18.53,26.59,3.5,0.6768
2004-08-23,0.0,11.821,14.95,25.41,3.7,0.7155
2004-08-24,0.0,11.461,15.31,25.2,3.5,0.6768
2004-08-25,0.0,10.463,17.56,25.62,3.5,0.6768
2004-08-26,0.0,10.116,17.41,25.11,3.4,0.6574
2004-08-27,0.0,10.955,16.88,25.67,3.4,0.6574
2004-08-28,7.32,11.323,16.97,26.14,3.3,0.6381
2004-08-29,0.0,10.449,17.19,25.3,3.6,0.6961
2004-08-30,0.0,10.877,17.33,25.88,5.0,0.9668
2004-08-31,0.963,11.542,16.83,26.27,3.8,0.7348
2004-09-01,0.0,11.083,16.94,25.81,4.1,0.7928
2004-09-02,0.0,13.682,15.52,27.84,3.9,0.7541
2004-09-03,4.194,12.061,15.28,25.78,3.5,0.6768
2004-09-04,0.272,11.153,16.7,25.7,3.3,0.6381
2004-09-05,2.883,9.837,18.36,25.44,3.2,0.6188
2004-09-06,1.536,11.282,16.45,25.66,3.2,0.6188
2004-09-07,0.949,8.888,15.77,22.42,3.8,0.7348
2004-09-08,22.639,7.079,16.48,21.02,3.4,0.6574
2004-09-09,3.132,9.274,16.3,23.25,7.5,1.4502
2004-09-10,3.314,9.538,15.94,23.28,4.8,0.9282
2004-09-11,1.736,9.665,17.12,24.3,5.4,1.0442
2004-09-12,0.0,9.491,17.47,24.36,4.9,0.9475
2004-09-13,5.169,10.979,15.98,24.95,5.2,1.0055
2004-09-14,2.451,10.288,16.84,24.78,4.2,0.8121
2004-09-15,0.0,11.361,16.97,26.08,3.7,0.7155
2004-09-16,13.206,11.809,15.44,25.53,3.5,0.6768
2004-09-17,0.0,11.547,16.84,26.2,3.6,0.6961
2004-09-18,0.0,11.926,17.19,26.88,3.5,0.6768
2004-09-19,0.0,9.309,17.48,24.17,3.3,0.6381
2004-09-20,0.0,9.733,16.48,23.89,3.7,0.7155
2004-09-21,6.816,10.719,16.86,25.28,3.5,0.6768
2004-09-22,0.0,12.117,16.0,26.28,5.3,1.0248
2004-09-23,0.199,11.391,17.73,26.67,4.3,0.8315
2004-09-24,0.0,10.591,18.95,26.69,3.8,0.7348
2004-09-25,0.721,10.504,17.05,25.19,3.5,0.6768
2004-09-26,0.746,10.766,16.41,25.03,3.7,0.7155
2004-09-27,0.0,9.81,17.56,24.81,5.0,0.9668
2004-09-28,0.0,10.134,17.09,24.83,4.3,0.8315
2004-09-29,6.599,11.144,16.73,25.72,4.0,0.7735
2004-09-30,2.754,10.555,16.58,24.94,5.6,1.0829
2004-10-01,14.075,9.449,16.48,23.62,5.9,1.1409
2004-10-02,2.494,12.056,16.8,26.83,5.4,1.0442
2004-10-03,0.0,11.07,17.75,26.39,5.4,1.0442
2004-10-04,5.426,9.656,18.56,25.45,4.8,0.9282
2004-10-05,3.588,10.965,15.8,24.91,5.5,1.0635
2004-10-06,9.981,10.525,17.45,25.59,5.2,1.0055
2004-10-07,12.087,7.992,17.72,23.03,7.0,1.3536
2004-10-08,6.043,8.727,16.7,23.05,12.4,2.3977
2004-10-09,5.505,9.504,17.33,24.39,11.4,2.2044
2004-10-10,11.169,9.643,15.7,23.36,12.3,2.3784
2004-10-11,0.0,12.008,16.09,26.41,7.8,1.5083
2004-10-12,19.324,8.553,17.41,23.44,13.5,2.6104
2004-10-13,5.586,11.307,16.95,26.22,9.1,1.7596
2004-10-14,0.0,10.824,17.25,25.89,7.4,1.4309
2004-10-15,2.617,11.476,16.62,26.22,6.9,1.3342
2004-10-16,0.0,11.639,16.08,26.05,4.5,0.8701
2004-10-17,11.594,10.007,17.14,24.92,4.5,0.8701
2004-10-18,1.551,8.148,17.0,22.75,6.3,1.2182
2004-10-19,14.902,8.707,16.55,23.03,12.5,2.4171
2004-10-20,31.452,8.879,16.45,23.17,18.0,3.4806
2004-10-21,17.723,6.595,17.55,21.58,45.9,8.8755
2004-10-22,22.703,9.099,16.69,23.62,109.4,21.1543
2004-10-23,18.604,5.375,17.33,20.22,38.4,7.4253
2004-10-24,13.399,8.368,16.81,22.92,35.8,6.9225
2004-10-25,8.927,8.68,16.84,23.31,21.2,4.0994
2004-10-26,20.129,9.235,16.88,23.98,90.7,17.5383
2004-10-27,17.689,7.759,16.53,22.06,16.0,3.0939
2004-10-28,15.302,8.804,15.41,22.42,16.1,3.1132
2004-10-29,0.0,9.87,16.5,24.5,10.7,2.069
2004-10-30,6.661,9.453,16.19,23.8,16.9,3.2679
2004-10-31,1.032,8.518,16.19,22.72,38.7,7.4833
2004-11-01,0.0,11.413,15.36,25.61,17.2,3.3259
2004-11-02,29.579,9.032,18.14,24.83,10.5,2.0303
2004-11-03,0.0,9.354,16.16,23.73,20.1,3.8867
2004-11-04,0.0,9.867,16.81,24.83,18.1,3.4999
2004-11-05,20.423,9.433,17.88,25.12,220.4,42.618
2004-11-06,35.281,8.11,17.59,23.42,48.5,9.3783
2004-11-07,18.21,8.24,17.06,23.17,30.0,5.801
2004-11-08,2.427,8.838,17.84,24.47,27.8,5.3756
2004-11-09,2.306,7.999,18.38,23.95,19.8,3.8287
2004-11-10,10.726,7.969,17.36,23.14,44.1,8.5275
2004-11-11,0.0,10.057,17.22,25.48,27.9,5.3949
2004-11-12,34.631,7.398,17.56,22.69,31.1,6.0137
2004-11-13,35.751,8.289,16.95,23.23,115.7,22.3725
2004-11-14,,,,,,
2004-11-15,8.389,8.634,16.36,23.22,128.4,24.8283
2004-11-16,6.358,8.858,16.91,23.91,48.0,9.2816
2004-11-17,9.196,8.71,17.17,23.95,64.7,12.5108
2004-11-18,24.548,7.871,17.81,23.48,100.0,19.3366
2004-11-19,8.772,8.073,17.58,23.55,60.4,11.6793
2004-11-20,28.325,8.384,16.89,23.39,41.6,8.044
2004-11-21,0.0,9.155,17.25,24.59,24.1,4.6601
2004-11-22,0.0,10.075,17.78,26.09,18.6,3.5966
2004-11-23,0.0,10.607,16.14,25.59,16.4,3.1712
2004-11-24,10.456,8.573,17.28,23.97,16.3,3.1519
2004-11-25,12.537,7.559,16.83,22.44,17.8,3.4419
2004-11-26,9.98,7.805,16.34,22.36,23.0,4.4474
2004-11-27,0.915,7.851,17.12,23.03,22.5,4.3507
2004-11-28,0.0,8.04,17.72,23.72,22.8,4.4088
2004-11-29,29.572,8.778,17.33,24.3,40.9,7.9087
2004-11-30,1.163,8.613,17.59,24.31,37.9,7.3286
2004-12-01,8.79,7.455,17.98,23.28,34.3,6.6325
2004-12-02,29.575,6.273,17.66,21.72,26.2,5.0662
2004-12-03,0.0,9.091,16.45,24.08,21.8,4.2154
2004-12-04,0.0,8.305,17.45,23.88,17.3,3.3452
2004-12-05,0.0,6.948,18.78,23.39,15.0,2.9005
2004-12-06,0.0,9.555,17.77,25.62,11.8,2.2817
2004-12-07,0.0,7.405,18.23,23.47,10.4,2.011
2004-12-08,13.412,8.784,16.84,24.02,11.4,2.2044
2004-12-09,2.872,7.97,17.36,23.44,18.2,3.5193
2004-12-10,0.0,9.322,17.66,25.28,15.1,2.9198
2004-12-11,0.0,8.343,17.58,24.06,11.3,2.185
2004-12-12,1.415,8.608,17.06,23.98,24.4,4.7181
2004-12-13,3.396,6.596,17.52,22.0,23.7,4.5828
2004-12-14,15.973,9.486,17.41,25.31,27.0,5.2209
2004-12-15,38.623,5.504,17.53,20.84,35.8,6.9225
2004-12-16,0.0,7.24,17.19,22.47,18.9,3.6546
2004-12-17,0.0,5.987,17.69,21.48,17.7,3.4226
2004-12-18,16.743,7.52,18.23,23.62,43.5,8.4114
2004-12-19,0.0,9.223,16.69,24.47,34.9,6.7485
2004-12-20,0.0,9.025,16.97,24.44,17.7,3.4226
2004-12-21,0.0,8.872,17.5,24.64,15.0,2.9005
2004-12-22,0.0,8.714,17.61,24.53,11.7,2.2624
2004-12-23,4.904,8.406,17.89,24.38,9.7,1.8757
2004-12-24,2.947,8.151,18.17,24.3,21.1,4.08
2004-12-25,0.0,9.543,16.77,24.91,11.7,2.2624
2004-12-26,28.282,8.992,16.62,24.12,9.3,1.7983
2004-12-27,0.0,9.391,15.16,23.55,22.9,4.4281
2004-12-28,0.0,7.217,16.52,21.89,12.2,2.3591
2004-12-29,0.0,8.215,16.36,22.95,17.4,3.3646
2004-12-30,0.0,7.834,16.19,22.36,16.3,3.1519
2004-12-31,0.0,9.103,17.22,24.66,13.7,2.6491
2005-01-01,0.0,9.651,15.77,24.28,10.48,2.0265
2005-01-02,0.0,9.257,16.97,24.66,9.44,1.8254
2005-01-03,0.0,8.865,17.7,24.72,9.05,1.75
2005-01-04,4.559,9.8,17.36,25.58,8.92,1.7248
2005-01-05,0.0,8.462,18.39,24.75,12.62,2.4403
2005-01-06,0.0,8.936,17.12,24.34,10.61,2.0516
2005-01-07,0.0,8.864,17.97,24.88,9.31,1.8002
2005-01-08,0.0,9.306,18.14,25.52,8.92,1.7248
2005-01-09,13.746,8.163,17.41,23.61,7.2,1.3922
2005-01-10,0.0,9.92,16.66,25.14,7.7,1.4889
2005-01-11,0.0,9.368,16.66,24.45,7.4,1.4309
2005-01-12,0.0,9.214,18.08,25.31,7.9,1.5276
2005-01-13,0.0,8.86,17.98,24.81,9.31,1.8002
2005-01-14,40.451,7.133,18.52,23.27,8.92,1.7248
2005-01-15,35.348,7.651,17.22,22.8,33.8,6.5358
2005-01-16,0.0,8.801,17.53,24.36,12.75,2.4654
2005-01-17,0.0,8.115,17.45,23.48,15.53,3.003
2005-01-18,0.0,8.523,16.25,23.03,29.27,5.6598
2005-01-19,0.0,8.634,15.55,22.62,16.65,3.2196
2005-01-20,0.0,7.915,16.59,22.55,12.23,2.3649
2005-01-21,0.0,8.543,16.67,23.33,27.45,5.3079
2005-01-22,0.0,7.921,16.98,22.83,20.98,4.0568
2005-01-23,0.0,9.69,16.62,24.62,11.52,2.2276
2005-01-24,0.0,8.329,16.94,23.23,10.22,1.9762
2005-01-25,0.0,8.939,16.23,23.41,9.05,1.75
2005-01-26,0.0,10.334,15.8,24.75,8.3,1.6049
2005-01-27,0.0,11.222,15.8,25.81,7.8,1.5083
2005-01-28,0.0,9.075,18.73,25.39,7.3,1.4116
2005-01-29,0.0,8.652,17.56,24.0,7.0,1.3536
2005-01-30,12.759,7.414,18.25,23.16,9.83,1.9008
2005-01-31,0.0,10.031,16.17,24.55,14.7,2.8425
2005-02-01,0.0,9.34,16.77,24.14,8.53,1.6494
2005-02-02,0.0,9.072,18.98,25.5,8.1,1.5663
2005-02-03,0.0,8.077,19.11,24.5,7.9,1.5276
2005-02-04,0.0,8.894,17.7,24.28,7.7,1.4889
2005-02-05,0.0,9.322,17.59,24.67,8.2,1.5856
2005-02-06,0.0,9.396,18.08,25.09,7.2,1.3922
2005-02-07,0.0,9.638,18.17,25.42,7.1,1.3729
2005-02-08,23.591,7.912,17.06,22.62,6.7,1.2956
2005-02-09,9.327,9.323,17.83,24.77,15.7,3.0359
2005-02-10,33.178,7.634,17.11,22.33,18.96,3.6662
2005-02-11,0.0,7.522,17.17,22.25,25.63,4.956
2005-02-12,68.729,6.027,17.16,20.67,371.4,71.8163
2005-02-13,0.0,10.049,16.14,24.28,50.6,9.7843
2005-02-14,0.0,10.412,17.09,25.38,22.12,4.2773
2005-02-15,0.0,9.045,17.77,24.31,16.25,3.1422
2005-02-16,0.0,9.405,17.31,24.36,13.27,2.566
2005-02-17,0.0,8.348,17.64,23.42,11.4,2.2044
2005-02-18,0.0,10.686,17.05,25.58,12.4,2.3977
2005-02-19,0.0,9.83,17.34,24.83,10.09,1.9511
2005-02-20,0.0,9.791,17.08,24.55,38.57,7.4581
2005-02-21,0.0,10.379,17.23,25.31,20.02,3.8712
2005-02-22,0.0,11.288,17.5,26.52,12.93,2.5002
2005-02-23,0.0,9.851,19.55,26.42,10.74,2.0768
2005-02-24,0.0,11.36,18.33,27.16,9.31,1.8002
2005-02-25,0.0,13.214,17.83,28.89,8.3,1.6049
2005-02-26,0.0,9.72,18.52,25.5,7.6,1.4696
2005-02-27,0.0,9.177,19.11,25.33,7.4,1.4309
2005-02-28,14.31,7.704,17.98,22.89,13.2,2.5524
2005-03-01,0.0,11.188,17.7,26.44,7.5,1.4502
2005-03-02,0.0,8.921,18.44,24.52,7.4,1.4309
2005-03-03,8.026,8.771,18.5,24.38,7.7,1.4889
2005-03-04,36.264,7.091,17.19,21.59,12.75,2.4654
2005-03-05,0.0,9.995,16.86,24.44,9.96,1.9259
2005-03-06,0.0,10.9,16.7,25.33,7.8,1.5083
2005-03-07,28.791,8.118,18.23,23.45,40.92,7.9126
2005-03-08,9.945,8.793,18.41,24.28,18.25,3.5289
2005-03-09,0.0,10.157,17.56,25.09,9.83,1.9008
2005-03-10,0.0,10.385,17.95,25.62,9.57,1.8505
2005-03-11,0.0,10.632,16.97,25.17,8.85,1.7113
2005-03-12,0.0,11.614,16.64,26.03,7.1,1.3729
2005-03-13,0.0,12.104,18.89,28.17,7.3,1.4116
2005-03-14,0.0,11.73,16.25,25.88,6.9,1.3342
2005-03-15,0.0,10.075,18.61,25.77,6.7,1.2956
2005-03-16,0.0,10.542,19.06,26.58,6.5,1.2569
2005-03-17,0.0,10.174,19.91,26.83,6.305,1.2192
2005-03-18,0.5,8.033,18.41,23.45,10.35,2.0013
2005-03-19,17.417,9.467,17.0,23.86,8.42,1.6281
2005-03-20,19.763,8.646,18.0,23.75,8.82,1.7055
2005-03-21,5.116,9.567,17.19,24.11,19.33,3.7378
2005-03-22,0.171,12.567,16.64,27.06,8.46,1.6359
2005-03-23,3.756,10.426,17.31,25.14,7.2,1.3922
2005-03-24,0.688,8.654,18.02,23.77,6.9,1.3342
2005-03-25,0.0,11.411,18.33,26.95,6.6,1.2762
2005-03-26,7.971,9.725,18.89,25.56,6.7,1.2956
2005-03-27,0.0,9.906,17.39,24.62,8.79,1.6997
2005-03-28,0.0,10.423,17.95,25.61,9.05,1.75
2005-03-29,3.947,11.353,16.02,25.25,10.84,2.0961
2005-03-30,0.0,9.976,17.72,24.95,8.43,1.6301
2005-03-31,5.485,9.694,17.77,24.69,8.56,1.6552
2005-04-01,0.0,10.185,17.8,25.25,9.44,1.8254
2005-04-02,2.116,9.599,17.52,24.41,9.44,1.8254
2005-04-03,0.0,9.904,17.05,24.39,8.66,1.6746
2005-04-04,12.627,9.676,17.77,24.69,9.83,1.9008
2005-04-05,9.824,8.926,18.31,24.31,8.79,1.6997
2005-04-06,5.412,8.569,18.62,24.2,8.0,1.5469
2005-04-07,0.0,11.434,17.78,26.64,7.5,1.4502
2005-04-08,1.424,10.433,17.78,25.55,7.6,1.4696
2005-04-09,0.0,9.55,17.38,24.3,6.9,1.3342
2005-04-10,9.375,10.569,17.64,25.61,6.6,1.2762
2005-04-11,2.03,9.497,18.7,25.27,6.4,1.2375
2005-04-12,0.0,7.881,18.2,23.2,11.61,2.245
2005-04-13,0.923,10.617,17.5,25.59,13.14,2.5408
2005-04-14,0.0,9.855,17.81,25.0,9.57,1.8505
2005-04-15,0.501,9.335,18.14,24.69,8.56,1.6552
2005-04-16,0.0,10.299,17.58,25.33,9.44,1.8254
2005-04-17,14.713,7.879,17.97,23.08,8.43,1.6301
2005-04-18,2.283,11.868,16.09,26.08,6.15,1.1892
2005-04-19,0.0,11.257,19.03,27.48,7.825,1.5131
2005-04-20,15.766,8.887,18.67,24.67,13.92,2.6917
2005-04-21,11.967,8.197,17.97,23.41,16.45,3.1809
2005-04-22,16.574,9.58,18.34,25.19,9.7,1.8757
2005-04-23,9.679,8.12,17.91,23.3,11.88,2.2972
2005-04-24,14.9,8.681,16.59,22.89,67.53,13.058
2005-04-25,9.52,8.664,17.31,23.44,27.25,5.2692
2005-04-26,5.207,9.208,16.61,23.52,18.44,3.5657
2005-04-27,13.595,7.708,17.92,22.92,15.48,2.9933
2005-04-28,0.0,9.972,17.41,25.0,12.4,2.3977
2005-04-29,5.98,9.199,17.77,24.42,10.61,2.0516
2005-04-30,0.969,10.28,17.06,25.12,16.25,3.1422
2005-05-01,0.0,10.905,17.72,26.33,11.88,2.2972
2005-05-02,0.411,11.254,15.86,25.44,9.96,1.9259
2005-05-03,26.956,8.656,17.53,23.7,47.4,9.1656
2005-05-04,1.221,8.032,17.77,23.22,30.8,5.9557
2005-05-05,19.493,8.848,18.34,24.56,22.0,4.2541
2005-05-06,0.439,9.78,16.52,24.25,73.99,14.3072
2005-05-07,0.0,10.336,17.27,25.45,23.5,4.5441
2005-05-08,5.674,10.571,17.3,25.77,13.68,2.6453
2005-05-09,17.555,9.239,17.98,24.78,73.08,14.1312
2005-05-10,0.0,8.774,17.89,24.2,20.29,3.9234
2005-05-11,0.0,9.804,18.23,25.62,12.75,2.4654
2005-05-12,0.0,9.43,18.7,25.58,9.83,1.9008
2005-05-13,0.0,10.431,17.2,25.62,9.44,1.8254
2005-05-14,23.734,6.289,17.19,21.03,8.79,1.6997
2005-05-15,0.0,9.327,16.78,24.06,8.0,1.5469
2005-05-16,0.0,7.048,17.23,21.88,13.45,2.6008
2005-05-17,14.846,7.44,17.75,22.73,11.79,2.2798
2005-05-18,2.63,9.399,16.5,23.98,13.1,2.5331
2005-05-19,12.187,6.365,17.42,21.34,26.25,5.0759
2005-05-20,3.531,9.898,17.45,25.3,13.27,2.566
2005-05-21,10.961,8.898,17.27,24.02,11.66,2.2547
2005-05-22,1.346,7.32,17.22,22.22,28.44,5.4993
2005-05-23,31.478,6.666,17.22,21.53,61.08,11.8108
2005-05-24,7.852,8.855,15.91,22.98,20.68,3.9988
2005-05-25,4.859,9.04,16.83,23.91,28.12,5.4375
2005-05-26,0.0,8.151,17.5,23.41,24.7,4.7762
2005-05-27,11.411,9.474,17.56,24.98,14.95,2.8908
2005-05-28,3.893,7.771,18.33,23.66,11.7,2.2624
2005-05-29,0.339,9.437,17.48,24.91,11.18,2.1618
2005-05-30,0.0,9.504,17.47,24.98,10.61,2.0516
2005-05-31,7.114,7.863,18.83,24.19,9.44,1.8254
2005-06-01,0.0,9.407,17.3,24.77,8.53,1.6494
2005-06-02,4.346,9.055,17.09,24.22,10.7,2.069
2005-06-03,0.0,8.243,17.83,23.84,8.79,1.6997
2005-06-04,0.0,8.738,18.27,24.75,9.05,1.75
2005-06-05,3.278,7.978,17.86,23.59,7.09,1.371
2005-06-06,0.0,8.827,16.83,23.78,9.57,1.8505
2005-06-07,2.702,8.486,16.31,23.0,9.2,1.779
2005-06-08,0.389,10.504,16.48,25.56,10.48,2.0265
2005-06-09,8.564,7.483,18.09,23.25,10.22,1.9762
2005-06-10,0.0,9.091,16.83,24.12,9.05,1.75
2005-06-11,1.713,8.857,17.31,24.22,8.68,1.6784
2005-06-12,0.0,8.68,16.23,23.2,14.91,2.8831
2005-06-13,0.0,11.975,15.8,26.95,9.7,1.8757
2005-06-14,4.16,10.301,17.92,26.39,8.0,1.5469
2005-06-15,0.0,9.413,17.52,25.05,7.0,1.3536
2005-06-16,0.0,9.602,17.5,25.27,6.5,1.2569
2005-06-17,0.0,9.56,18.33,25.83,6.115,1.1824
2005-06-18,2.829,10.016,16.83,25.3,5.83,1.1273
2005-06-19,0.0,9.489,17.31,25.0,5.83,1.1273
2005-06-20,0.267,7.854,17.81,23.48,5.735,1.109
2005-06-21,0.589,9.57,16.12,24.23,5.64,1.0906
2005-06-22,0.0,9.117,16.64,24.06,5.735,1.109
2005-06-23,0.0,9.513,16.44,24.39,5.45,1.0538
2005-06-24,0.0,9.952,17.06,25.38,5.355,1.0355
2005-06-25,0.0,9.9,17.34,25.52,5.26,1.0171
2005-06-26,0.0,9.92,16.42,24.88,5.165,0.9987
2005-06-27,0.0,8.853,17.95,24.73,5.07,0.9804
2005-06-28,0.221,8.879,17.67,24.55,5.165,0.9987
2005-06-29,10.85,7.251,17.03,22.17,5.545,1.0722
2005-06-30,0.0,8.117,16.94,23.09,5.26,1.0171
2005-07-01,0.0,10.689,16.3,25.72,5.07,0.9804
2005-07-02,0.0,8.428,17.92,24.2,5.07,0.9804
2005-07-03,0.0,9.026,16.78,24.03,5.07,0.9804
2005-07-04,0.0,10.083,14.95,24.0,5.545,1.0722
2005-07-05,0.0,11.233,15.98,26.14,6.325,1.223
2005-07-06,15.29,8.444,16.94,23.45,6.41,1.2395
2005-07-07,0.0,9.718,16.53,24.66,6.805,1.3159
2005-07-08,0.0,10.307,16.55,25.38,5.64,1.0906
2005-07-09,0.0,10.525,16.42,25.55,5.165,0.9987
2005-07-10,0.0,10.248,16.83,25.48,5.07,0.9804
2005-07-11,0.0,10.625,15.86,25.25,4.88,0.9436
2005-07-12,0.0,9.322,17.11,24.56,4.69,0.9069
2005-07-13,1.077,9.371,17.25,24.75,4.595,0.8885
2005-07-14,0.0,7.223,18.27,23.06,4.5,0.8701
2005-07-15,0.0,9.619,15.77,23.91,4.88,0.9436
2005-07-16,7.8,8.465,16.36,22.95,5.07,0.9804
2005-07-17,16.061,8.946,16.39,23.53,4.88,0.9436
2005-07-18,10.626,9.039,17.92,24.81,5.355,1.0355
2005-07-19,0.0,7.655,17.52,22.95,5.165,0.9987
2005-07-20,0.0,8.642,16.28,23.06,6.21,1.2008
2005-07-21,0.0,9.962,15.36,23.97,6.41,1.2395
2005-07-22,0.0,8.966,17.34,24.22,5.545,1.0722
2005-07-23,0.0,11.109,15.95,25.75,5.165,0.9987
2005-07-24,0.0,10.128,16.25,24.77,4.88,0.9436
2005-07-25,0.0,10.514,16.95,25.72,4.69,0.9069
2005-07-26,0.0,10.814,16.47,25.72,4.5,0.8701
2005-07-27,0.0,9.783,17.05,24.89,4.425,0.8556
2005-07-28,0.0,9.33,15.88,23.5,4.35,0.8411
2005-07-29,0.0,8.766,17.59,24.09,4.35,0.8411
2005-07-30,0.0,8.414,18.0,24.0,4.2,0.8121
2005-07-31,0.0,10.654,16.2,25.25,4.2,0.8121
2005-08-01,0.0,10.776,15.41,24.84,4.2,0.8121
2005-08-02,0.0,12.023,16.06,26.77,4.35,0.8411
2005-08-03,0.0,9.918,17.06,24.95,4.35,0.8411
2005-08-04,0.0,8.578,17.98,24.11,4.595,0.8885
2005-08-05,0.0,10.427,16.67,25.23,4.69,0.9069
2005-08-06,0.0,10.554,16.98,25.59,4.69,0.9069
2005-08-07,0.0,10.907,15.67,25.08,4.5,0.8701
2005-08-08,0.678,9.717,16.91,24.55,4.35,0.8411
2005-08-09,0.0,10.935,17.28,26.2,4.5,0.8701
2005-08-10,0.0,10.615,16.78,25.45,4.275,0.8266
2005-08-11,0.0,9.054,17.36,24.08,4.2,0.8121
2005-08-12,0.0,11.307,16.25,25.86,4.125,0.7976
2005-08-13,0.0,10.524,17.36,25.72,4.2,0.8121
2005-08-14,2.287,9.443,17.5,24.58,4.275,0.8266
2005-08-15,0.0,10.01,16.98,24.83,4.425,0.8556
2005-08-16,0.0,9.805,17.83,25.2,5.4,1.0442
2005-08-17,1.495,9.446,17.61,24.62,4.88,0.9436
2005-08-18,0.0,11.117,14.81,24.55,4.5,0.8701
2005-08-19,10.899,8.145,16.36,22.22,4.425,0.8556
2005-08-20,0.172,10.83,15.92,24.95,4.35,0.8411
2005-08-21,0.0,8.941,18.31,24.58,4.5,0.8701
2005-08-22,0.0,7.559,18.38,23.17,4.425,0.8556
2005-08-23,9.298,10.318,15.45,23.97,4.595,0.8885
2005-08-24,0.0,8.685,16.77,23.06,4.595,0.8885
2005-08-25,1.45,10.558,17.14,25.44,4.96,0.9591
2005-08-26,0.0,9.849,17.16,24.64,6.31,1.2201
2005-08-27,0.344,11.932,15.23,25.69,5.45,1.0538
2005-08-28,0.0,10.081,16.88,24.67,6.21,1.2008
2005-08-29,0.532,10.737,17.42,25.8,6.21,1.2008
2005-08-30,13.039,12.347,14.78,25.83,5.64,1.0906
2005-08-31,1.081,10.251,15.84,24.09,5.545,1.0722
2005-09-01,0.366,10.955,17.39,26.0,6.115,1.1824
2005-09-02,0.0,11.036,17.72,26.31,5.26,1.0171
2005-09-03,13.384,11.833,15.59,25.73,4.595,0.8885
2005-09-04,0.0,11.591,17.56,26.81,4.975,0.962
2005-09-05,5.301,9.681,18.14,25.11,5.07,0.9804
2005-09-06,2.625,11.36,18.19,26.98,5.925,1.1457
2005-09-07,0.0,10.012,17.48,24.97,5.64,1.0906
2005-09-08,0.0,11.537,17.09,26.39,5.165,0.9987
2005-09-09,0.0,10.554,16.52,24.86,4.785,0.9253
2005-09-10,0.0,9.692,18.47,25.34,4.425,0.8556
2005-09-11,0.0,10.743,16.62,25.16,4.125,0.7976
2005-09-12,0.0,10.664,17.66,25.8,4.05,0.7831
2005-09-13,0.0,11.875,15.89,25.92,4.05,0.7831
2005-09-14,4.219,9.588,18.67,25.38,4.05,0.7831
2005-09-15,0.0,10.449,18.34,26.06,4.05,0.7831
2005-09-16,0.0,10.485,18.17,25.97,4.05,0.7831
2005-09-17,0.0,12.662,16.09,26.97,3.9,0.7541
2005-09-18,0.0,11.488,17.19,26.38,3.9,0.7541
2005-09-19,0.0,9.355,17.09,23.95,3.9,0.7541
2005-09-20,0.0,12.839,16.38,27.36,3.9,0.7541
2005-09-21,2.824,10.741,17.5,25.77,3.9,0.7541
2005-09-22,20.581,10.292,15.97,24.16,5.26,1.0171
2005-09-23,6.666,8.269,16.89,22.59,5.165,0.9987
2005-09-24,3.534,9.896,16.28,23.94,5.64,1.0906
2005-09-25,11.299,9.667,17.23,24.39,5.64,1.0906
2005-09-26,15.519,8.821,16.09,22.59,9.57,1.8505
2005-09-27,11.509,8.315,16.42,22.3,16.85,3.2582
2005-09-28,2.464,10.614,16.69,25.06,7.4,1.4309
2005-09-29,4.579,9.259,15.78,22.88,7.5,1.4502
2005-09-30,0.0,10.69,17.23,25.56,10.09,1.9511
2005-10-01,23.912,8.438,16.67,22.64,7.6,1.4696
2005-10-02,3.918,10.758,15.69,24.55,9.83,1.9008
2005-10-03,0.593,9.475,17.12,24.14,15.51,2.9991
2005-10-04,0.0,10.319,16.44,24.59,10.97,2.1212
2005-10-05,3.177,9.685,16.0,23.56,9.11,1.7616
2005-10-06,0.869,8.174,16.97,22.62,14.68,2.8386
2005-10-07,16.575,10.529,15.81,24.42,9.18,1.7751
2005-10-08,0.0,11.443,16.27,25.81,10.09,1.9511
2005-10-09,27.217,8.621,16.0,22.39,8.54,1.6513
2005-10-10,0.0,10.126,15.67,23.89,9.14,1.7674
2005-10-11,9.169,8.963,17.3,23.78,29.6,5.7236
2005-10-12,15.162,9.145,17.14,23.88,106.2,20.5355
2005-10-13,20.141,9.287,16.88,23.84,23.11,4.4687
2005-10-14,7.74,9.125,16.5,23.39,14.25,2.7555
2005-10-15,10.768,8.11,16.38,22.17,143.7,27.7868
2005-10-16,0.0,7.813,17.69,22.89,24.7,4.7762
2005-10-17,13.546,8.46,17.7,23.61,70.61,13.6536
2005-10-18,6.829,10.727,16.05,24.97,18.63,3.6024
2005-10-19,16.505,9.301,17.5,24.41,22.14,4.2811
2005-10-20,0.0,9.383,16.86,24.03,12.57,2.4306
2005-10-21,4.967,8.99,17.5,24.09,11.88,2.2972
2005-10-22,29.695,8.123,17.03,22.78,13.86,2.6801
2005-10-23,4.8,7.61,17.31,22.45,78.3,15.1406
2005-10-24,20.825,6.48,16.66,20.73,28.07,5.4278
2005-10-25,24.912,8.279,16.31,22.44,105.2,20.3422
2005-10-26,0.0,9.545,16.62,24.14,39.83,7.7018
2005-10-27,11.072,8.454,16.88,23.09,27.66,5.3485
2005-10-28,20.68,7.207,17.08,21.89,49.08,9.4904
2005-10-29,21.029,8.854,17.0,23.67,46.2,8.9335
2005-10-30,3.921,8.455,16.59,22.92,53.4,10.3258
2005-10-31,23.027,7.827,17.36,22.83,35.41,6.8471
2005-11-01,18.87,6.712,18.03,22.2,22.24,4.3005
2005-11-02,0.0,8.873,16.78,23.59,18.15,3.5096
2005-11-03,3.708,8.976,16.77,23.72,14.52,2.8077
2005-11-04,11.382,10.039,16.59,24.86,13.1,2.5331
2005-11-05,0.0,8.634,16.8,23.38,60.88,11.7721
2005-11-06,3.717,9.715,16.39,24.36,15.86,3.0668
2005-11-07,6.44,9.189,16.83,24.08,17.67,3.4168
2005-11-08,0.0,8.899,16.48,23.5,13.8,2.6685
2005-11-09,17.003,8.427,17.45,23.7,12.23,2.3649
2005-11-10,32.317,8.905,17.52,24.31,11.57,2.2372
2005-11-11,40.673,7.32,16.55,21.77,15.92,3.0784
2005-11-12,15.22,7.746,16.91,22.55,16.26,3.1441
2005-11-13,30.418,5.938,17.3,20.91,104.3,20.1681
2005-11-14,0.0,9.954,16.16,24.62,33.95,6.5648
2005-11-15,1.852,8.263,17.28,23.47,93.9,18.1571
2005-11-16,10.601,8.817,16.72,23.7,33.86,6.5474
2005-11-17,0.0,8.093,16.89,23.0,25.9,5.0082
2005-11-18,0.0,9.387,16.59,24.33,28.18,5.4491
2005-11-19,0.0,8.633,17.03,23.77,25.9,5.0082
2005-11-20,37.819,9.137,16.88,24.27,141.6,27.3807
2005-11-21,18.069,7.414,17.5,22.75,51.3,9.9197
2005-11-22,45.475,7.544,17.34,22.78,52.56,10.1633
2005-11-23,14.328,8.401,16.12,22.86,75.64,14.6262
2005-11-24,5.388,7.981,17.09,23.11,49.08,9.4904
2005-11-25,2.087,9.143,16.08,23.75,61.08,11.8108
2005-11-26,0.0,7.131,17.0,22.09,62.0,11.9887
2005-11-27,0.0,8.643,16.06,23.16,57.84,11.1843
2005-11-28,0.0,10.14,15.48,24.61,25.9,5.0082
2005-11-29,0.0,9.641,15.91,24.3,19.4,3.7513
2005-11-30,0.0,8.489,16.44,23.28,16.06,3.1055
2005-12-01,0.0,8.64,16.08,23.2,14.32,2.769
2005-12-02,0.0,8.273,16.42,23.03,13.63,2.6356
2005-12-03,7.575,8.63,17.44,24.23,14.25,2.7555
2005-12-04,0.0,7.171,18.19,23.14,13.1,2.5331
2005-12-05,12.046,7.397,16.59,22.14,168.0,32.4856
2005-12-06,5.613,8.919,15.97,23.52,104.4,20.1875
2005-12-07,0.0,7.878,16.89,22.95,28.34,5.48
2005-12-08,14.367,6.501,17.69,22.02,114.0,22.0438
2005-12-09,5.834,8.857,17.14,24.33,46.68,9.0263
2005-12-10,0.0,8.131,17.98,24.11,27.76,5.3679
2005-12-11,0.0,8.555,17.38,24.16,19.6,3.79
2005-12-12,28.006,7.129,17.05,22.22,16.65,3.2196
2005-12-13,0.0,9.302,16.59,24.48,13.98,2.7033
2005-12-14,56.482,7.601,16.95,22.7,63.69,12.3155
2005-12-15,0.0,8.229,17.03,23.52,24.94,4.8226
2005-12-16,17.514,8.779,16.44,23.73,97.3,18.8146
2005-12-17,0.0,8.697,17.34,24.31,40.45,7.8217
2005-12-18,0.0,8.624,16.64,23.7,58.56,11.3235
2005-12-19,0.0,7.43,16.2,21.92,61.13,11.8205
2005-12-20,28.826,8.249,16.48,23.12,33.41,6.4604
2005-12-21,27.706,7.73,16.33,22.38,27.45,5.3079
2005-12-22,12.558,6.65,16.73,21.44,27.87,5.3891
2005-12-23,0.0,6.737,16.88,21.64,49.05,9.4846
2005-12-24,0.0,6.707,17.09,21.78,31.7,6.1297
2005-12-25,0.0,9.022,15.55,23.38,36.23,7.0057
2005-12-26,0.0,7.722,16.52,22.5,27.72,5.3601
2005-12-27,0.0,8.488,16.12,23.12,21.31,4.1206
2005-12-28,0.0,9.153,15.19,23.27,17.03,3.293
2005-12-29,0.0,9.143,15.3,23.33,14.35,2.7748
2005-12-30,0.0,8.407,16.16,23.03,12.4,2.3977
2005-12-31,0.0,9.459,15.98,24.2,10.74,2.0768
2006-01-01,0.0,8.439,17.09,23.77,9.104,1.7604
2006-01-02,0.0,9.115,16.83,24.38,8.583,1.6597
2006-01-03,0.0,7.201,17.03,22.25,11.26,2.1773
2006-01-04,0.873,7.968,16.06,22.39,12.49,2.4151
2006-01-05,0.477,6.475,16.97,21.36,13.95,2.6975
2006-01-06,0.445,7.234,16.86,22.12,36.7,7.0965
2006-01-07,2.5,5.994,16.39,20.34,51.68,9.9932
2006-01-08,0.419,8.193,16.25,22.77,37.95,7.3383
2006-01-09,0.0,8.191,16.06,22.61,43.13,8.3399
2006-01-10,26.127,8.185,17.47,23.67,22.46,4.343
2006-01-11,1.432,8.285,17.69,23.94,21.08,4.0762
2006-01-12,0.0,8.101,17.44,23.53,23.84,4.6099
2006-01-13,0.0,10.399,16.42,25.52,19.07,3.6875
2006-01-14,5.792,12.319,13.33,25.86,16.95,3.2776
2006-01-15,11.286,6.854,17.78,22.36,23.66,4.5751
2006-01-16,45.866,7.505,17.7,23.0,114.7,22.1791
2006-01-17,0.0,8.513,16.83,23.47,25.55,4.9405
2006-01-18,1.556,7.711,17.06,22.7,52.65,10.1807
2006-01-19,0.0,7.955,16.53,22.56,34.33,6.6383
2006-01-20,0.0,8.254,16.81,23.11,24.67,4.7704
2006-01-21,0.0,9.006,16.55,23.78,17.31,3.3472
2006-01-22,0.0,9.478,17.12,24.77,13.42,2.595
2006-01-23,0.0,8.157,16.95,23.06,11.36,2.1966
2006-01-24,0.0,8.534,17.41,23.83,10.23,1.9781
2006-01-25,0.365,9.68,16.8,24.7,9.342,1.8064
2006-01-26,0.0,10.169,16.95,25.38,8.706,1.6834
2006-01-27,30.28,8.641,16.73,23.39,8.233,1.592
2006-01-28,5.802,8.918,17.86,24.55,9.061,1.7521
2006-01-29,1.018,8.85,17.03,23.83,12.08,2.3359
2006-01-30,0.0,9.36,17.31,24.61,9.213,1.7815
2006-01-31,13.966,8.097,17.56,23.34,8.923,1.7254
2006-02-01,0.0,8.883,17.3,24.02,11.99,2.3185
2006-02-02,0.0,8.871,15.77,22.83,17.97,3.4748
2006-02-03,0.0,7.791,17.22,22.69,11.37,2.1986
2006-02-04,24.425,7.644,16.75,22.14,32.23,6.2322
2006-02-05,25.733,7.082,16.66,21.44,21.09,4.0781
2006-02-06,4.832,8.315,16.97,23.03,18.71,3.6179
2006-02-07,2.713,9.845,16.97,24.77,15.34,2.9662
2006-02-08,16.357,8.119,17.33,23.06,24.27,4.693
2006-02-09,0.0,7.942,17.22,22.77,17.73,3.4284
2006-02-10,0.0,9.35,17.27,24.36,16.08,3.1093
2006-02-11,0.0,10.889,17.25,26.11,11.93,2.3069
2006-02-12,0.0,10.276,17.0,25.19,9.862,1.907
2006-02-13,0.0,8.564,17.08,23.28,11.44,2.2121
2006-02-14,0.0,9.126,17.48,24.2,9.277,1.7939
2006-02-15,0.0,10.749,16.73,25.48,9.117,1.7629
2006-02-16,0.0,11.39,16.31,25.92,7.758,1.5001
2006-02-17,0.0,8.562,19.36,25.03,7.158,1.3841
2006-02-18,2.618,8.471,18.94,24.56,6.808,1.3164
2006-02-19,40.138,7.682,18.84,23.66,24.39,4.7162
2006-02-20,1.727,8.193,17.62,23.2,15.6,3.0165
2006-02-21,0.982,8.93,17.44,23.84,8.025,1.5518
2006-02-22,0.0,9.017,17.45,23.94,7.783,1.505
2006-02-23,0.0,12.325,15.11,26.08,16.12,3.1171
2006-02-24,0.0,11.339,16.78,26.05,37.69,7.288
2006-02-25,0.0,11.493,15.41,25.23,13.89,2.6859
2006-02-26,0.0,10.359,19.23,26.69,10.62,2.0536
2006-02-27,5.848,8.455,16.62,22.62,8.902,1.7213
2006-02-28,0.0,10.592,16.45,24.88,7.608,1.4711
2006-03-01,0.0,11.597,17.02,26.41,7.533,1.4566
2006-03-02,0.0,11.485,17.55,26.64,7.233,1.3986
2006-03-03,0.0,10.612,18.83,26.59,6.975,1.3487
2006-03-04,17.657,10.227,18.12,25.64,8.789,1.6995
2006-03-05,0.0,7.513,17.83,22.53,7.658,1.4808
2006-03-06,20.368,7.274,17.62,22.11,7.777,1.5038
2006-03-07,19.645,8.081,17.02,22.45,17.51,3.3858
2006-03-08,6.048,7.429,16.83,21.61,27.09,5.2383
2006-03-09,8.021,7.74,17.56,22.52,33.27,6.4333
2006-03-10,0.0,8.723,17.23,23.28,50.85,9.8327
2006-03-11,0.0,10.419,15.84,24.12,20.13,3.8925
2006-03-12,0.0,10.123,15.81,23.75,32.18,6.2225
2006-03-13,7.57,9.609,16.62,23.77,66.94,12.944
2006-03-14,0.0,8.943,17.94,24.05,148.5,28.7149
2006-03-15,22.277,8.413,17.75,23.33,113.4,21.9278
2006-03-16,23.695,7.859,17.61,22.64,33.51,6.4797
2006-03-17,15.678,7.702,17.56,22.44,25.93,5.014
2006-03-18,10.175,8.893,17.31,23.48,127.7,24.6929
2006-03-19,11.203,9.031,17.66,23.89,54.73,10.5829
2006-03-20,13.514,9.141,17.28,23.72,43.24,8.3612
2006-03-21,7.15,9.738,16.92,24.09,34.41,6.6537
2006-03-22,2.344,9.268,16.61,23.34,26.18,5.0623
2006-03-23,0.55,9.401,16.61,23.48,19.97,3.8615
2006-03-24,31.551,6.531,16.81,20.64,41.86,8.0943
2006-03-25,17.632,6.101,17.39,20.72,37.8,7.3093
2006-03-26,5.205,8.36,17.14,22.78,20.18,3.9021
2006-03-27,0.0,9.335,16.58,23.39,19.76,3.8209
2006-03-28,4.648,8.961,17.41,23.62,21.58,4.1728
2006-03-29,0.0,10.672,18.47,26.27,18.45,3.5676
2006-03-30,0.0,10.658,17.02,25.19,13.9,2.6878
2006-03-31,0.0,9.456,17.83,24.5,12.11,2.3417
2006-04-01,0.0,8.469,19.03,24.41,13.85,2.6781
2006-04-02,20.933,9.856,17.02,24.31,11.96,2.3127
2006-04-03,0.0,7.949,17.3,22.48,10.86,2.1
2006-04-04,7.939,8.194,17.2,22.67,11.18,2.1618
2006-04-05,20.933,5.978,17.27,20.52,37.79,7.3073
2006-04-06,11.3,9.484,16.83,23.78,39.02,7.5452
2006-04-07,12.988,6.851,16.75,20.94,37.05,7.1642
2006-04-08,0.0,9.122,16.83,23.41,22.31,4.314
2006-04-09,14.813,9.754,16.5,23.86,16.73,3.235
2006-04-10,7.661,9.719,17.06,24.25,18.97,3.6682
2006-04-11,15.224,9.607,17.28,24.3,22.06,4.2657
2006-04-12,21.575,7.326,16.56,21.3,52.57,10.1653
2006-04-13,12.214,8.031,17.27,22.61,53.66,10.376
2006-04-14,20.548,7.629,15.86,21.08,239.5,46.3113
2006-04-15,23.43,9.01,16.53,23.11,40.82,7.8932
2006-04-16,1.628,8.252,17.2,22.81,27.52,5.3214
2006-04-17,5.746,9.083,17.34,23.83,21.54,4.1651
2006-04-18,12.354,9.422,17.69,24.47,17.08,3.3027
2006-04-19,6.594,9.739,16.23,23.75,16.43,3.177
2006-04-20,22.371,9.028,18.0,24.31,106.8,20.6515
2006-04-21,0.0,9.458,17.73,24.58,25.3,4.8922
2006-04-22,0.0,9.772,17.67,24.89,19.71,3.8113
2006-04-23,3.589,6.696,18.31,22.19,14.64,2.8309
2006-04-24,0.0,9.11,16.89,23.59,16.62,3.2138
2006-04-25,0.631,10.168,17.02,24.89,12.63,2.4422
2006-04-26,2.952,7.556,17.8,22.66,32.74,6.3308
2006-04-27,18.846,6.636,16.75,20.86,49.28,9.5291
2006-04-28,7.241,7.485,17.77,22.58,95.12,18.393
2006-04-29,16.883,8.005,17.48,22.91,34.07,6.588
2006-04-30,10.738,8.032,17.55,23.0,19.59,3.788
2006-05-01,0.568,9.267,16.53,23.61,27.12,5.2441
2006-05-02,0.0,8.204,17.06,22.83,18.04,3.4883
2006-05-03,4.268,7.8,17.41,22.67,42.51,8.22
2006-05-04,0.658,9.686,17.36,24.73,23.6,4.5634
2006-05-05,28.893,7.399,16.8,21.78,34.56,6.6827
2006-05-06,0.0,9.458,15.89,23.42,20.81,4.024
2006-05-07,15.117,9.083,16.38,23.36,15.07,2.914
2006-05-08,6.481,9.189,17.05,24.0,25.37,4.9057
2006-05-09,7.735,7.298,17.5,22.28,18.85,3.645
2006-05-10,18.548,7.334,17.52,22.34,26.13,5.0527
2006-05-11,0.913,7.738,17.78,23.0,27.51,5.3195
2006-05-12,6.931,10.099,17.22,25.23,26.25,5.0759
2006-05-13,0.753,10.918,15.39,24.92,12.43,2.4035
2006-05-14,0.0,11.229,16.09,25.8,9.906,1.9155
2006-05-15,0.0,10.805,16.3,25.45,8.44,1.632
2006-05-16,0.0,10.397,17.75,26.03,8.944,1.7295
2006-05-17,0.0,9.742,17.02,24.75,8.892,1.7194
2006-05-18,6.514,9.403,16.45,23.95,12.52,2.4209
2006-05-19,7.849,7.425,16.64,21.84,13.63,2.6356
2006-05-20,0.0,8.253,16.47,22.66,16.22,3.1364
2006-05-21,0.346,7.783,18.08,23.41,9.104,1.7604
2006-05-22,0.0,10.998,15.81,25.47,11.9,2.3011
2006-05-23,4.331,11.965,13.98,25.45,7.996,1.5462
2006-05-24,3.849,8.037,17.47,23.23,7.083,1.3696
2006-05-25,0.0,8.79,17.48,24.11,6.388,1.2352
2006-05-26,1.016,8.425,17.22,23.5,6.75,1.3052
2006-05-27,0.0,9.538,16.89,24.56,11.96,2.3127
2006-05-28,0.374,9.051,17.27,24.28,9.707,1.877
2006-05-29,3.151,7.97,17.02,22.86,13.06,2.5254
2006-05-30,0.0,8.508,16.83,23.34,13.1,2.5331
2006-05-31,5.137,9.383,18.25,25.44,8.232,1.5918
2006-06-01,1.863,8.279,17.06,23.28,12.58,2.4326
2006-06-02,21.239,8.906,15.42,22.8,14.12,2.7303
2006-06-03,10.103,9.172,16.12,23.64,16.3,3.1519
2006-06-04,0.0,7.947,17.05,22.91,11.02,2.1309
2006-06-05,12.189,7.919,16.53,22.48,18.42,3.5618
2006-06-06,16.85,6.574,16.61,21.03,23.36,4.517
2006-06-07,7.623,6.231,16.03,20.19,14.47,2.798
2006-06-08,8.701,5.886,16.16,19.92,9.892,1.9128
2006-06-09,0.0,6.13,16.62,20.58,10.06,1.9453
2006-06-10,1.037,8.114,16.33,22.59,12.65,2.4461
2006-06-11,8.312,7.111,14.77,20.2,22.65,4.3798
2006-06-12,2.366,8.766,15.67,22.89,22.54,4.3585
2006-06-13,0.0,9.025,16.89,24.11,13.49,2.6085
2006-06-14,0.0,8.475,16.44,23.12,10.98,2.1232
2006-06-15,11.087,7.8,16.16,22.12,17.93,3.4671
2006-06-16,0.0,8.767,16.66,23.64,18.55,3.5869
2006-06-17,0.0,8.796,16.45,23.53,17.81,3.4439
2006-06-18,0.0,9.005,15.88,23.36,10.5,2.0303
2006-06-19,0.0,10.567,15.06,24.72,13.85,2.6781
2006-06-20,0.0,8.547,16.94,23.61,9.743,1.884
2006-06-21,0.0,8.177,17.06,23.27,9.888,1.912
2006-06-22,4.513,9.442,16.64,24.45,8.974,1.7353
2006-06-23,4.513,8.518,17.89,24.3,8.823,1.7061
2006-06-24,0.0,10.694,15.25,25.02,8.471,1.638
2006-06-25,0.0,9.66,16.08,24.31,7.617,1.4729
2006-06-26,0.0,11.005,15.94,25.88,6.925,1.3391
2006-06-27,0.0,8.536,17.58,24.08,6.46,1.2491
2006-06-28,0.0,8.22,17.45,23.61,6.147,1.1886
2006-06-29,0.0,9.414,15.38,23.52,5.933,1.1472
2006-06-30,0.0,9.296,16.72,24.34,5.751,1.1121
2006-07-01,0.0,9.344,17.36,24.86,5.585,1.08
2006-07-02,0.0,8.956,17.73,24.67,5.45,1.0538
2006-07-03,0.0,7.751,17.08,22.77,5.371,1.0386
2006-07-04,0.0,8.339,16.55,23.05,5.252,1.0156
2006-07-05,0.0,9.442,16.73,24.5,5.197,1.0049
2006-07-06,0.0,9.802,16.81,24.97,5.07,0.9804
2006-07-07,0.0,9.188,17.95,25.08,4.991,0.9651
2006-07-08,0.0,9.845,17.17,25.27,4.912,0.9498
2006-07-09,0.0,10.194,16.09,24.91,4.88,0.9436
2006-07-10,0.0,10.016,15.23,24.08,4.88,0.9436
2006-07-11,0.0,9.471,16.03,23.97,4.825,0.933
2006-07-12,0.0,9.857,16.75,24.94,4.722,0.9131
2006-07-13,0.0,10.569,16.2,25.41,4.935,0.9543
2006-07-14,0.0,9.121,17.98,24.97,4.951,0.9574
2006-07-15,2.719,8.517,16.7,23.3,4.88,0.9436
2006-07-16,0.0,9.87,16.81,24.97,4.983,0.9635
2006-07-17,0.0,9.597,16.62,24.48,5.379,1.0401
2006-07-18,0.166,9.023,18.05,24.86,5.062,0.9788
2006-07-19,0.0,9.324,16.92,24.38,4.817,0.9314
2006-07-20,0.0,9.875,16.39,24.61,4.69,0.9069
2006-07-21,0.0,9.855,17.28,25.22,4.682,0.9053
2006-07-22,4.112,8.118,16.59,22.67,4.69,0.9069
2006-07-23,0.0,8.732,17.28,23.89,5.062,0.9788
2006-07-24,2.881,7.635,17.5,22.81,5.49,1.0616
2006-07-25,0.0,10.064,16.39,24.77,5.553,1.0738
2006-07-26,0.0,11.07,14.91,24.94,5.458,1.0554
2006-07-27,0.0,8.273,16.41,22.66,5.703,1.1028
2006-07-28,49.063,4.889,16.02,18.69,11.47,2.2179
2006-07-29,0.0,7.996,15.97,21.97,18.11,3.5019
2006-07-30,0.0,9.303,17.0,24.25,8.768,1.6954
2006-07-31,0.0,10.26,15.03,23.95,6.812,1.3172
2006-08-01,0.217,7.93,18.27,23.66,5.616,1.0859
2006-08-02,0.0,9.375,16.12,23.67,5.165,0.9987
2006-08-03,0.0,10.465,14.89,24.06,5.078,0.9819
2006-08-04,0.0,9.425,15.97,23.56,5.022,0.9711
2006-08-05,0.0,10.983,16.56,25.81,4.88,0.9436
2006-08-06,0.0,10.619,16.08,25.03,4.809,0.9299
2006-08-07,0.0,9.607,16.44,24.08,4.69,0.9069
2006-08-08,0.0,9.193,17.44,24.33,4.825,0.933
2006-08-09,0.0,11.291,15.84,25.61,9.688,1.8733
2006-08-10,0.0,10.838,17.31,26.09,8.127,1.5715
2006-08-11,0.883,9.157,17.53,24.33,6.695,1.2946
2006-08-12,0.0,10.453,16.89,25.31,5.656,1.0937
2006-08-13,0.0,9.286,17.98,24.78,5.038,0.9742
2006-08-14,0.0,12.422,14.78,26.17,4.817,0.9314
2006-08-15,7.053,10.387,17.22,25.44,4.737,0.916
2006-08-16,5.289,9.568,17.03,24.34,4.959,0.9589
2006-08-17,0.0,10.514,17.67,25.88,4.88,0.9436
2006-08-18,0.0,9.308,17.14,24.11,6.6,1.2762
2006-08-19,0.0,11.121,17.53,26.44,7.1,1.3729
2006-08-20,0.0,9.841,17.61,25.03,6.147,1.1886
2006-08-21,8.101,9.855,17.25,24.78,5.331,1.0308
2006-08-22,0.0,10.208,17.2,25.12,5.07,0.9804
2006-08-23,0.0,11.923,17.12,27.02,5.022,0.9711
2006-08-24,0.0,10.49,18.31,26.23,5.015,0.9697
2006-08-25,0.0,9.16,18.17,24.66,4.959,0.9589
2006-08-26,0.0,10.003,16.97,24.67,5.355,1.0355
2006-08-27,0.0,9.54,16.36,23.69,5.181,1.0018
2006-08-28,9.109,9.222,16.27,23.25,5.165,0.9987
2006-08-29,10.7,10.924,17.25,25.89,5.45,1.0538
2006-08-30,0.0,11.816,16.69,26.5,6.305,1.2192
2006-08-31,0.0,12.242,15.94,26.47,6.878,1.33
2006-09-01,4.519,12.461,15.88,26.67,5.181,1.0018
2006-09-02,0.0,11.273,17.58,26.48,4.88,0.9436
2006-09-03,0.0,10.242,17.42,25.2,4.927,0.9527
2006-09-04,0.0,11.422,16.64,25.97,5.915,1.1438
2006-09-05,5.274,11.667,17.08,26.55,6.714,1.2983
2006-09-06,0.0,10.842,17.98,26.27,6.336,1.2252
2006-09-07,0.0,8.433,18.23,23.84,6.371,1.2319
2006-09-08,0.0,10.174,17.8,25.38,5.102,0.9866
2006-09-09,1.285,11.457,16.78,26.08,4.793,0.9268
2006-09-10,0.0,11.781,16.73,26.41,4.738,0.9162
2006-09-11,4.488,9.79,17.12,24.44,4.745,0.9175
2006-09-12,0.0,10.092,18.17,25.55,4.84,0.9359
2006-09-13,9.323,10.317,18.27,25.86,4.769,0.9222
2006-09-14,0.0,12.581,17.22,27.64,4.69,0.9069
2006-09-15,2.679,10.386,16.61,24.72,5.133,0.9926
2006-09-16,8.579,9.415,16.86,23.81,5.046,0.9757
2006-09-17,0.0,10.239,17.14,24.94,5.046,0.9757
2006-09-18,13.722,8.234,17.05,22.67,5.569,1.0769
2006-09-19,0.0,11.274,16.5,25.66,7.458,1.4421
2006-09-20,0.0,11.659,17.06,26.48,7.55,1.4599
2006-09-21,0.0,11.773,16.41,26.16,7.35,1.4212
2006-09-22,7.528,11.229,17.62,26.41,6.535,1.2636
2006-09-23,0.0,13.059,16.52,27.72,5.323,1.0293
2006-09-24,7.878,10.597,16.44,24.84,5.323,1.0293
2006-09-25,0.0,12.898,16.73,27.69,5.767,1.1151
2006-09-26,3.598,11.687,16.72,26.3,5.03,0.9726
2006-09-27,0.0,13.794,15.95,28.22,4.642,0.8976
2006-09-28,0.0,14.163,15.03,28.06,4.462,0.8628
2006-09-29,0.0,11.408,16.88,26.11,4.35,0.8411
2006-09-30,0.0,12.28,16.2,26.66,4.35,0.8411
2006-10-01,0.0,11.555,16.39,25.95,4.362,0.8435
2006-10-02,0.8,10.4,18.44,26.14,4.632,0.8957
2006-10-03,0.0,11.37,17.86,26.8,5.165,0.9987
2006-10-04,0.0,12.158,17.62,27.53,5.958,1.1521
2006-10-05,0.0,11.381,18.19,27.06,6.692,1.294
2006-10-06,0.0,12.736,17.41,28.06,6.254,1.2093
2006-10-07,0.0,11.399,17.84,26.86,5.125,0.991
2006-10-08,0.0,12.742,16.34,27.38,4.595,0.8885
2006-10-09,0.0,11.722,17.61,27.09,4.362,0.8435
2006-10-10,0.0,11.42,17.52,26.69,4.35,0.8411
2006-10-11,10.48,8.823,18.58,24.62,4.766,0.9216
2006-10-12,8.512,8.827,18.05,24.22,14.44,2.7922
2006-10-13,44.454,7.007,17.39,21.78,56.6,10.9445
2006-10-14,0.0,8.458,17.47,23.39,19.13,3.6991
2006-10-15,44.283,7.236,17.66,22.25,64.45,12.4625
2006-10-16,0.0,8.294,17.12,22.97,21.22,4.1032
2006-10-17,0.0,6.587,17.66,21.61,23.87,4.6157
2006-10-18,6.374,10.339,17.56,25.61,18.62,3.6005
2006-10-19,6.235,8.812,16.92,23.42,32.75,6.3328
2006-10-20,12.482,8.931,17.41,23.94,63.74,12.3252
2006-10-21,22.011,10.231,16.33,24.64,128.4,24.8283
2006-10-22,1.663,7.587,17.75,22.77,42.5,8.2181
2006-10-23,8.245,7.07,17.0,21.62,30.55,5.9073
2006-10-24,0.0,10.813,16.92,25.8,15.31,2.9604
2006-10-25,6.726,10.553,16.3,25.06,11.54,2.2314
2006-10-26,2.874,9.601,16.69,24.25,16.41,3.1731
2006-10-27,0.0,9.011,17.94,24.53,19.86,3.8403
2006-10-28,0.0,8.212,16.91,22.86,14.48,2.7999
2006-10-29,31.355,9.539,17.88,25.11,15.07,2.914
2006-10-30,37.506,8.094,16.52,22.45,24.05,4.6505
2006-10-31,11.063,8.535,17.25,23.53,222.3,42.9854
2006-11-01,38.583,6.913,18.0,22.38,38.4,7.4253
2006-11-02,4.0,7.899,17.86,23.33,26.58,5.1397
2006-11-03,3.707,8.666,17.95,24.27,46.22,8.9374
2006-11-04,0.0,9.583,18.55,25.77,43.22,8.3573
2006-11-05,9.458,8.713,17.92,24.34,23.2,4.4861
2006-11-06,3.15,9.177,17.14,24.28,28.36,5.4839
2006-11-07,18.876,9.612,16.12,24.06,33.61,6.499
2006-11-08,24.475,6.4,17.44,21.45,59.55,11.515
2006-11-09,9.644,7.489,17.28,22.52,48.0,9.2816
2006-11-10,4.946,7.805,17.47,23.03,36.64,7.0849
2006-11-11,1.749,9.51,17.34,24.91,21.38,4.1342
2006-11-12,26.155,6.39,17.34,21.41,21.67,4.1903
2006-11-13,4.075,7.415,16.89,22.17,30.08,5.8165
2006-11-14,24.456,6.624,17.3,21.64,39.19,7.578
2006-11-15,30.033,5.766,17.75,21.14,43.31,8.3747
2006-11-16,0.0,7.614,16.69,22.28,40.91,7.9106
2006-11-17,3.867,7.171,17.16,22.16,39.85,7.7057
2006-11-18,15.615,7.68,16.61,22.33,50.45,9.7553
2006-11-19,0.0,8.477,15.84,22.69,37.22,7.1971
2006-11-20,0.0,8.151,17.23,23.38,33.84,6.5435
2006-11-21,0.0,9.005,17.05,24.25,29.58,5.7198
2006-11-22,0.0,9.41,16.28,24.19,27.69,5.3543
2006-11-23,0.0,8.999,15.97,23.47,20.79,4.0201
2006-11-24,12.299,6.532,18.08,22.28,49.44,9.56
2006-11-25,43.118,8.416,17.2,23.72,45.75,8.8465
2006-11-26,3.843,8.796,15.83,23.16,31.1,6.0137
2006-11-27,0.0,8.742,17.03,24.0,20.12,3.8905
2006-11-28,20.225,9.966,15.75,24.58,23.1,4.4668
2006-11-29,5.055,8.51,16.69,23.48,20.68,3.9988
2006-11-30,0.0,8.738,17.08,24.06,17.21,3.3278
2006-12-01,0.0,10.201,16.19,25.22,14.07,2.7207
2006-12-02,7.638,8.852,17.2,24.31,12.15,2.3494
2006-12-03,6.559,8.557,17.98,24.56,11.48,2.2198
2006-12-04,0.0,8.839,18.42,25.23,11.26,2.1773
2006-12-05,12.467,8.199,18.0,24.17,26.04,5.0353
2006-12-06,0.0,8.616,18.23,24.84,37.37,7.2261
2006-12-07,40.539,7.106,17.58,22.61,28.4,5.4916
2006-12-08,0.0,7.51,18.41,23.72,33.88,6.5513
2006-12-09,32.89,6.444,17.98,22.2,42.94,8.3032
2006-12-10,0.0,7.835,17.08,23.06,20.58,3.9795
2006-12-11,0.543,7.827,17.61,23.47,40.69,7.8681
2006-12-12,43.958,7.178,17.11,22.33,38.66,7.4755
2006-12-13,0.0,7.404,17.94,23.25,29.66,5.7352
2006-12-14,0.0,7.576,17.11,22.8,19.09,3.6914
2006-12-15,0.0,8.967,16.55,24.05,70.35,13.6033
2006-12-16,0.0,6.913,17.19,22.09,22.92,4.432
2006-12-17,0.0,7.979,18.09,24.05,26.48,5.1203
2006-12-18,0.0,7.723,18.97,24.44,19.65,3.7997
2006-12-19,0.0,7.695,18.73,24.22,21.45,4.1477
2006-12-20,40.291,6.085,17.97,21.83,16.27,3.1461
2006-12-21,0.411,8.56,16.19,23.28,24.32,4.7027
2006-12-22,0.0,8.396,17.59,24.14,16.03,3.0997
2006-12-23,0.0,8.187,17.92,24.16,13.46,2.6027
2006-12-24,0.0,10.141,16.22,25.27,11.59,2.2411
2006-12-25,2.994,9.746,16.5,24.97,11.83,2.2875
2006-12-26,5.49,7.822,16.89,22.92,11.5,2.2237
2006-12-27,10.699,9.107,15.91,23.73,11.58,2.2392
2006-12-28,0.0,9.098,15.91,23.72,11.85,2.2914
2006-12-29,0.0,10.101,16.33,25.27,9.505,1.8379
2006-12-30,0.0,11.379,14.86,25.88,8.384,1.6212
2006-12-31,0.0,9.661,17.28,25.39,7.883,1.5243
2007-01-01,0.0,9.046,17.34,24.69,7.525,1.4551
2007-01-02,0.0,10.179,16.08,25.16,7.667,1.4825
2007-01-03,0.0,10.247,16.97,25.86,7.6,1.4696
2007-01-04,0.0,9.868,16.94,25.36,6.917,1.3375
2007-01-05,0.0,10.338,16.52,25.64,6.6,1.2762
2007-01-06,0.0,8.89,18.08,25.02,6.475,1.252
2007-01-07,0.0,8.773,18.56,25.22,6.313,1.2207
2007-01-08,0.0,9.837,17.45,25.66,6.313,1.2207
2007-01-09,1.338,7.725,18.0,23.56,6.107,1.1809
2007-01-10,0.0,8.292,18.12,24.3,6.044,1.1687
2007-01-11,0.0,10.299,16.83,25.72,6.576,1.2716
2007-01-12,0.175,10.906,16.69,26.34,6.508,1.2584
2007-01-13,0.0,10.135,17.61,26.05,6.123,1.184
2007-01-14,0.0,9.814,17.86,25.83,5.941,1.1488
2007-01-15,2.231,10.827,18.33,27.36,6.692,1.294
2007-01-16,1.286,11.102,17.08,26.8,7.433,1.4373
2007-01-17,4.619,9.759,17.98,25.81,6.818,1.3184
2007-01-18,3.908,7.887,19.66,24.95,9.131,1.7656
2007-01-19,1.286,7.261,18.45,23.3,9.148,1.7689
2007-01-20,1.286,10.174,17.59,25.97,11.62,2.2469
2007-01-21,0.0,10.231,17.34,25.83,10.2,1.9723
2007-01-22,1.313,9.849,18.2,25.98,8.701,1.6825
2007-01-23,1.607,10.364,18.06,26.47,9.388,1.8153
2007-01-24,0.0,11.549,16.94,27.06,8.243,1.5939
2007-01-25,0.401,8.015,18.77,24.3,7.183,1.389
2007-01-26,22.346,6.677,17.59,21.89,14.55,2.8135
2007-01-27,6.058,8.857,17.77,24.42,24.29,4.6969
2007-01-28,0.0,11.546,15.69,26.11,10.33,1.9975
2007-01-29,0.206,12.079,16.03,26.97,8.003,1.5475
2007-01-30,0.206,11.821,16.86,27.2,6.792,1.3133
2007-01-31,0.737,11.442,15.22,25.59,6.384,1.2345
2007-02-01,0.0,12.55,17.8,28.66,6.162,1.1915
2007-02-02,0.0,14.93,14.58,29.41,5.743,1.1105
2007-02-03,0.0,13.995,14.91,28.44,5.466,1.0569
2007-02-04,0.0,13.598,13.86,27.27,5.379,1.0401
2007-02-05,0.0,12.271,15.8,26.88,5.228,1.0109
2007-02-06,0.0,11.918,16.17,26.67,5.07,0.9804
2007-02-07,0.0,10.631,16.72,25.5,5.07,0.9804
2007-02-08,0.0,11.992,16.78,27.12,4.92,0.9514
2007-02-09,0.0,9.597,18.45,25.58,4.88,0.9436
2007-02-10,0.291,10.096,18.3,25.97,6.174,1.1938
2007-02-11,0.0,13.497,15.3,27.86,5.814,1.1242
2007-02-12,0.0,9.46,19.45,26.11,5.521,1.0676
2007-02-13,0.0,11.239,19.58,28.16,5.007,0.9682
2007-02-14,6.845,9.994,18.8,26.16,4.991,0.9651
2007-02-15,29.876,9.059,17.23,23.92,6.815,1.3178
2007-02-16,0.0,8.964,17.02,23.64,6.197,1.1983
2007-02-17,0.908,10.215,17.09,25.09,5.41,1.0461
2007-02-18,0.474,10.057,16.64,24.56,5.07,0.9804
2007-02-19,0.474,8.832,16.84,23.31,5.157,0.9972
2007-02-20,0.474,9.584,16.3,23.73,5.315,1.0277
2007-02-21,0.0,10.153,16.28,24.36,4.983,0.9635
2007-02-22,0.0,11.244,16.48,25.75,4.825,0.933
2007-02-23,0.0,13.122,16.62,28.0,4.682,0.9053
2007-02-24,0.0,13.686,14.14,27.03,4.516,0.8732
2007-02-25,1.564,9.118,17.91,24.36,4.5,0.8701
2007-02-26,7.843,10.423,18.11,25.92,4.5,0.8701
2007-02-27,0.0,13.341,15.66,27.53,4.5,0.8701
2007-02-28,0.0,14.856,15.44,29.14,4.45,0.8605
2007-03-01,0.0,13.507,17.86,29.16,4.35,0.8411
2007-03-02,0.0,13.418,16.38,28.05,4.312,0.8338
2007-03-03,0.0,12.409,17.08,27.34,4.2,0.8121
2007-03-04,0.0,9.712,18.59,25.44,4.306,0.8326
2007-03-05,1.252,10.06,16.72,24.41,4.518,0.8736
2007-03-06,0.0,10.731,16.16,24.75,4.714,0.9115
2007-03-07,3.074,10.501,17.89,25.73,5.284,1.0217
2007-03-08,1.107,9.895,17.89,25.06,6.775,1.3101
2007-03-09,4.585,10.849,18.0,26.19,5.962,1.1529
2007-03-10,25.508,8.668,18.06,23.88,6.892,1.3327
2007-03-11,0.0,11.366,16.52,25.67,6.696,1.2948
2007-03-12,1.641,9.02,18.31,24.44,5.537,1.0707
2007-03-13,0.0,10.757,17.61,25.77,5.086,0.9835
2007-03-14,1.495,9.257,18.05,24.45,5.785,1.1186
2007-03-15,0.0,8.939,17.5,23.69,6.553,1.2671
2007-03-16,17.3,9.263,17.52,24.05,9.234,1.7855
2007-03-17,0.0,10.564,16.88,24.98,8.234,1.5922
2007-03-18,5.986,8.65,16.58,22.66,18.16,3.5115
2007-03-19,5.149,8.284,18.02,23.39,9.437,1.8248
2007-03-20,10.748,9.134,18.39,24.56,7.242,1.4004
2007-03-21,2.086,11.466,17.23,26.23,6.162,1.1915
2007-03-22,1.363,7.632,18.31,22.97,11.31,2.187
2007-03-23,5.808,9.422,17.28,24.02,13.76,2.6607
2007-03-24,24.492,7.974,17.34,22.53,30.09,5.8184
2007-03-25,35.642,6.626,18.22,21.92,21.25,4.109
2007-03-26,0.0,10.729,16.25,24.7,14.47,2.798
2007-03-27,0.725,8.351,17.06,22.7,11.42,2.2082
2007-03-28,12.892,6.887,17.05,21.19,13.93,2.6936
2007-03-29,5.981,7.965,17.08,22.31,17.16,3.3182
2007-03-30,16.493,9.488,16.66,23.62,19.8,3.8287
2007-03-31,0.0,9.672,16.84,23.97,16.04,3.1016
2007-04-01,0.0,10.067,17.97,25.25,12.18,2.3552
2007-04-02,9.563,8.206,17.95,23.28,24.72,4.78
2007-04-03,0.0,10.151,17.25,24.81,21.37,4.1322
2007-04-04,40.883,9.155,17.05,23.58,47.32,9.1501
2007-04-05,15.33,8.142,17.94,23.2,71.94,13.9108
2007-04-06,6.605,8.399,16.59,22.42,95.05,18.3795
2007-04-07,7.819,9.37,17.8,24.41,25.79,4.9869
2007-04-08,5.019,8.628,16.66,22.73,31.32,6.0562
2007-04-09,14.98,7.905,16.47,21.81,29.21,5.6482
2007-04-10,0.0,9.462,17.36,24.19,16.33,3.1577
2007-04-11,0.0,9.283,17.42,24.05,13.54,2.6182
2007-04-12,0.0,8.944,18.75,24.72,11.71,2.2643
2007-04-13,5.611,9.455,17.97,24.67,10.19,1.9704
2007-04-14,9.989,8.322,17.86,23.39,9.093,1.7583
2007-04-15,0.0,10.634,17.02,25.28,11.8,2.2817
2007-04-16,3.177,7.636,17.56,22.45,11.67,2.2566
2007-04-17,0.0,10.494,16.64,24.88,11.95,2.3107
2007-04-18,2.572,8.993,17.86,24.14,11.89,2.2991
2007-04-19,23.943,8.88,16.52,23.0,47.38,9.1617
2007-04-20,35.073,6.858,16.72,21.0,42.17,8.1543
2007-04-21,12.259,8.597,16.86,22.97,60.05,11.6117
2007-04-22,6.713,7.964,16.84,22.28,46.15,8.9239
2007-04-23,17.471,8.475,17.41,23.28,51.39,9.9371
2007-04-24,0.0,8.47,17.39,23.28,32.56,6.296
2007-04-25,15.737,7.108,17.09,21.61,33.54,6.4855
2007-04-26,0.0,8.221,17.25,22.92,32.96,6.3734
2007-04-27,12.898,8.281,16.75,22.61,31.74,6.1375
2007-04-28,1.904,8.605,16.52,22.8,31.33,6.0582
2007-04-29,17.509,7.815,17.09,22.41,21.19,4.0974
2007-04-30,0.0,9.129,17.44,24.11,30.46,5.8899
2007-05-01,0.0,8.49,17.56,23.52,30.37,5.8725
2007-05-02,0.0,9.291,16.34,23.5,17.49,3.382
2007-05-03,0.0,7.625,16.95,22.12,14.77,2.856
2007-05-04,0.0,7.352,17.27,22.09,14.06,2.7187
2007-05-05,0.0,10.665,15.7,24.69,14.48,2.7999
2007-05-06,1.919,9.63,16.33,23.94,15.22,2.943
2007-05-07,0.0,9.92,17.41,25.08,19.24,3.7204
2007-05-08,27.322,6.718,17.38,21.56,22.34,4.3198
2007-05-09,3.558,9.102,17.34,24.14,18.17,3.5135
2007-05-10,15.404,8.156,17.64,23.33,37.84,7.317
2007-05-11,0.0,9.639,17.98,25.27,47.29,9.1443
2007-05-12,0.0,7.953,18.05,23.45,16.11,3.1151
2007-05-13,0.0,9.224,17.31,24.31,18.99,3.672
2007-05-14,0.0,9.32,17.38,24.48,20.82,4.0259
2007-05-15,1.04,8.932,17.73,24.33,14.44,2.7922
2007-05-16,1.936,8.294,18.7,24.39,12.37,2.3919
2007-05-17,0.0,9.916,17.66,25.42,10.77,2.0826
2007-05-18,30.588,6.866,16.56,21.16,13.09,2.5312
2007-05-19,0.0,9.109,16.88,23.94,12.87,2.4886
2007-05-20,5.263,6.849,17.33,21.78,13.22,2.5563
2007-05-21,18.957,7.471,16.83,22.06,20.83,4.0278
2007-05-22,10.998,7.255,17.25,22.17,37.73,7.2957
2007-05-23,4.503,8.189,16.11,22.34,17.07,3.3008
2007-05-24,6.436,8.88,16.41,23.39,46.39,8.9703
2007-05-25,1.176,8.666,15.78,22.69,44.19,8.5449
2007-05-26,11.116,8.078,15.66,21.91,27.25,5.2692
2007-05-27,0.0,8.829,15.66,22.81,19.94,3.8557
2007-05-28,13.739,8.067,16.34,22.44,20.32,3.9292
2007-05-29,9.581,6.479,16.27,20.59,17.71,3.4245
2007-05-30,7.765,7.874,16.42,22.3,14.22,2.7497
2007-05-31,9.432,7.468,15.55,21.16,12.72,2.4596
2007-06-01,0.0,7.553,16.53,22.03,15.97,3.0881
2007-06-02,17.448,6.366,16.28,20.52,21.12,4.0839
2007-06-03,18.937,7.437,16.14,21.61,36.76,7.1082
2007-06-04,11.761,9.382,15.02,23.11,18.47,3.5715
2007-06-05,0.0,7.792,16.5,22.31,14.04,2.7149
2007-06-06,0.0,9.899,15.66,24.22,14.94,2.8889
2007-06-07,12.461,8.036,17.19,23.14,13.29,2.5698
2007-06-08,0.0,8.855,15.92,23.16,12.73,2.4616
2007-06-09,0.0,9.714,16.28,24.47,11.3,2.185
2007-06-10,0.0,8.568,16.95,23.61,10.76,2.0806
2007-06-11,6.841,6.556,18.31,22.44,10.03,1.9395
2007-06-12,0.0,9.439,16.73,24.48,9.234,1.7855
2007-06-13,0.0,9.162,15.8,23.47,8.444,1.6328
2007-06-14,0.0,7.837,16.83,22.67,7.85,1.5179
2007-06-15,0.0,8.661,16.27,23.22,7.533,1.4566
2007-06-16,0.0,7.945,16.86,22.83,7.692,1.4874
2007-06-17,0.0,8.346,16.48,23.02,7.917,1.5309
2007-06-18,0.0,9.027,17.5,24.59,7.492,1.4487
2007-06-19,0.0,8.128,17.69,23.69,7.15,1.3826
2007-06-20,0.0,8.44,17.09,23.59,8.648,1.6722
2007-06-21,0.0,9.786,15.56,24.11,8.898,1.7206
2007-06-22,0.0,6.164,17.11,21.06,8.083,1.563
2007-06-23,0.0,6.699,16.55,21.17,7.192,1.3907
2007-06-24,0.0,7.906,16.17,22.27,7.0,1.3536
2007-06-25,0.0,7.401,17.27,22.53,7.983,1.5436
2007-06-26,0.0,7.432,16.77,22.17,8.682,1.6788
2007-06-27,0.0,8.884,16.88,23.95,11.87,2.2953
2007-06-28,0.0,8.86,17.56,24.44,9.093,1.7583
2007-06-29,0.0,7.739,17.09,22.78,7.85,1.5179
2007-06-30,0.0,8.647,15.98,23.0,6.842,1.323
2007-07-01,0.0,8.829,16.38,23.53,6.583,1.2729
2007-07-02,0.0,8.653,16.44,23.34,7.467,1.4439
2007-07-03,0.0,10.238,15.72,24.75,6.333,1.2246
2007-07-04,0.0,10.988,15.41,25.45,5.814,1.1242
2007-07-05,0.0,10.59,15.09,24.73,5.521,1.0676
2007-07-06,0.674,10.497,15.62,24.98,5.363,1.037
2007-07-07,0.0,10.213,15.64,24.62,5.228,1.0109
2007-07-08,0.0,9.883,16.16,24.58,5.102,0.9866
2007-07-09,22.263,7.717,16.33,22.11,6.899,1.334
2007-07-10,0.853,9.079,17.16,24.33,6.004,1.161
2007-07-11,0.0,9.479,16.97,24.66,6.457,1.2486
2007-07-12,0.0,10.392,16.03,25.08,6.762,1.3075
2007-07-13,0.0,10.682,16.7,25.89,5.711,1.1043
2007-07-14,0.0,10.068,16.8,25.2,5.371,1.0386
2007-07-15,0.0,8.728,17.08,23.81,5.822,1.1258
2007-07-16,0.0,9.674,16.25,24.31,6.476,1.2522
2007-07-17,9.881,8.97,16.58,23.7,7.5,1.4502
2007-07-18,0.851,8.981,15.86,23.17,7.2,1.3922
2007-07-19,0.0,8.57,16.55,23.19,6.585,1.2733
2007-07-20,5.033,9.427,15.41,23.36,6.272,1.2128
2007-07-21,5.004,7.97,16.22,22.22,6.247,1.208
2007-07-22,2.223,7.82,15.61,21.56,7.463,1.4431
2007-07-23,18.665,7.24,15.28,20.62,8.078,1.562
2007-07-24,0.0,8.548,16.47,23.05,7.225,1.3971
2007-07-25,0.941,10.347,15.44,24.44,9.758,1.8869
2007-07-26,0.0,10.655,15.59,24.91,7.517,1.4535
2007-07-27,4.941,8.965,17.05,23.94,6.308,1.2198
2007-07-28,0.0,11.164,16.44,26.08,6.952,1.3443
2007-07-29,0.0,10.39,15.95,24.8,7.858,1.5195
2007-07-30,0.0,10.577,15.8,24.89,6.062,1.1722
2007-07-31,0.0,11.452,15.52,25.73,5.228,1.0109
2007-08-01,0.0,10.524,16.42,25.23,4.983,0.9635
2007-08-02,0.0,10.401,17.02,25.5,4.801,0.9284
2007-08-03,0.0,7.905,17.8,23.23,4.69,0.9069
2007-08-04,0.0,9.613,17.81,25.14,4.69,0.9069
2007-08-05,2.415,8.821,16.7,23.39,4.698,0.9084
2007-08-06,0.0,11.353,15.7,25.64,5.434,1.0508
2007-08-07,0.412,10.152,15.91,24.33,5.094,0.985
2007-08-08,7.809,9.264,16.22,23.5,5.205,1.0065
2007-08-09,0.0,9.708,16.34,24.09,5.935,1.1476
2007-08-10,0.0,10.641,15.92,24.88,8.826,1.7067
2007-08-11,0.0,8.819,16.84,23.42,8.0,1.5469
2007-08-12,0.0,10.042,16.64,24.66,7.317,1.4149
2007-08-13,0.0,9.939,17.97,25.5,6.234,1.2054
2007-08-14,0.0,9.057,17.02,23.78,6.683,1.2923
2007-08-15,11.955,7.723,16.77,22.09,6.543,1.2652
2007-08-16,0.0,9.454,16.22,23.62,6.702,1.2959
2007-08-17,3.551,9.599,17.94,25.05,9.48,1.8331
2007-08-18,0.0,10.388,17.11,25.31,8.27,1.5991
2007-08-19,0.0,10.352,16.3,24.67,6.901,1.3344
2007-08-20,0.0,8.101,17.27,22.86,5.703,1.1028
2007-08-21,0.0,8.374,16.59,22.62,5.197,1.0049
2007-08-22,0.0,10.134,16.77,24.72,4.975,0.962
2007-08-23,0.0,9.326,17.12,24.06,4.88,0.9436
2007-08-24,0.0,9.128,18.0,24.5,5.466,1.0569
2007-08-25,36.356,8.999,16.94,23.53,10.81,2.0903
2007-08-26,8.227,8.192,15.47,21.5,22.28,4.3082
2007-08-27,0.0,9.35,16.03,23.23,19.18,3.7088
2007-08-28,0.0,10.664,15.86,24.61,10.08,1.9491
2007-08-29,11.668,7.212,18.34,22.72,8.37,1.6185
2007-08-30,2.649,9.302,16.36,23.39,6.767,1.3085
2007-08-31,0.0,11.506,16.61,26.08,6.162,1.1915
2007-09-01,0.0,8.927,17.5,23.83,5.49,1.0616
2007-09-02,0.0,10.031,17.2,24.81,5.165,0.9987
2007-09-03,0.0,10.503,17.31,25.42,5.688,1.0999
2007-09-04,0.0,10.013,17.2,24.78,5.149,0.9956
2007-09-05,0.0,10.52,16.73,25.0,4.896,0.9467
2007-09-06,0.0,11.253,16.52,25.67,5.015,0.9697
2007-09-07,0.0,10.241,17.73,25.41,5.268,1.0187
2007-09-08,0.0,12.685,16.83,27.52,5.862,1.1335
2007-09-09,0.0,10.142,16.98,24.73,5.141,0.9941
2007-09-10,0.0,11.801,16.41,26.2,4.896,0.9467
2007-09-11,4.841,10.006,17.27,24.78,4.69,0.9069
2007-09-12,0.0,10.854,17.34,25.78,4.706,0.91
2007-09-13,3.925,9.383,17.62,24.36,4.935,0.9543
2007-09-14,0.0,12.151,17.2,27.14,4.714,0.9115
2007-09-15,0.339,8.536,16.83,22.83,5.478,1.0593
2007-09-16,0.0,9.676,17.09,24.28,10.05,1.9433
2007-09-17,0.0,11.936,14.92,25.33,7.925,1.5324
2007-09-18,0.0,12.662,16.7,27.38,6.796,1.3141
2007-09-19,0.0,11.96,16.64,26.53,5.26,1.0171
2007-09-20,1.339,11.622,16.97,26.38,5.625,1.0877
2007-09-21,4.921,10.771,18.66,26.64,6.59,1.2743
2007-09-22,0.0,12.156,16.67,26.78,5.782,1.118
2007-09-23,4.928,9.061,17.06,23.59,5.157,0.9972
2007-09-24,0.474,10.5,16.55,24.81,5.434,1.0508
2007-09-25,12.902,10.297,17.39,25.2,6.329,1.2238
2007-09-26,0.0,10.919,17.55,26.02,6.29,1.2163
2007-09-27,0.0,11.261,17.16,26.12,6.468,1.2507
2007-09-28,0.0,11.352,17.59,26.55,5.569,1.0769
2007-09-29,0.0,9.641,16.42,23.78,5.466,1.0569
2007-09-30,0.0,12.046,16.53,26.61,4.62,0.8934
2007-10-01,0.0,8.476,18.19,23.88,4.362,0.8435
2007-10-02,0.0,12.682,16.88,27.59,4.306,0.8326
2007-10-03,0.0,12.26,16.8,27.06,4.237,0.8193
2007-10-04,0.0,11.494,16.77,26.17,8.087,1.5638
2007-10-05,14.879,8.867,16.55,23.05,8.82,1.7055
2007-10-06,8.224,9.078,17.23,23.81,9.343,1.8066
2007-10-07,24.254,7.957,16.69,22.17,10.7,2.069
2007-10-08,0.0,9.306,15.64,22.89,8.703,1.6829
2007-10-09,37.037,6.031,16.89,20.36,13.76,2.6607
2007-10-10,0.0,9.215,16.61,23.53,12.5,2.4171
2007-10-11,0.0,8.749,16.48,22.92,9.488,1.8347
2007-10-12,5.326,7.811,16.61,22.0,13.11,2.535
2007-10-13,7.326,9.583,16.56,23.95,9.397,1.8171
2007-10-14,36.047,8.554,17.19,23.28,57.42,11.1031
2007-10-15,26.439,8.399,17.38,23.27,62.29,12.0448
2007-10-16,4.233,9.75,16.7,24.28,22.61,4.372
2007-10-17,3.913,8.579,17.45,23.55,14.68,2.8386
2007-10-18,26.375,6.04,17.28,20.77,24.37,4.7123
2007-10-19,7.542,8.609,16.75,23.06,28.75,5.5593
2007-10-20,27.556,7.282,16.47,21.39,75.03,14.5083
2007-10-21,1.686,7.147,17.41,22.03,39.51,7.6399
2007-10-22,47.563,9.036,16.73,23.58,114.3,22.1018
2007-10-23,7.951,11.268,16.44,25.97,31.28,6.0485
2007-10-24,0.0,8.599,16.28,22.77,31.11,6.0156
2007-10-25,16.699,10.43,14.59,23.72,23.96,4.6331
2007-10-26,0.0,8.935,17.02,23.73,53.35,10.3161
2007-10-27,0.0,8.002,17.44,23.03,23.3,4.5054
2007-10-28,67.692,8.108,16.47,22.41,126.4,24.4415
2007-10-29,7.958,8.355,16.64,22.83,81.99,15.8541
2007-10-30,4.367,6.845,15.98,20.64,63.7,12.3174
2007-10-31,0.0,7.489,16.7,21.94,40.7,7.87
2007-11-01,2.267,7.957,16.58,22.38,52.98,10.2446
2007-11-02,0.0,7.429,17.59,22.61,62.38,12.0622
2007-11-03,0.0,9.13,16.17,23.45,84.21,16.2834
2007-11-04,0.0,7.817,16.8,22.44,30.01,5.8029
2007-11-05,0.0,9.827,15.86,24.09,33.14,6.4082
2007-11-06,14.852,9.102,16.73,23.89,60.33,11.6658
2007-11-07,0.0,7.903,17.25,22.92,33.47,6.472
2007-11-08,29.704,8.378,16.48,22.89,20.47,3.9582
2007-11-09,28.416,5.826,16.77,20.31,49.66,9.6026
2007-11-10,10.825,7.113,16.66,21.61,36.82,7.1198
2007-11-11,0.749,8.565,16.41,23.09,46.42,8.9761
2007-11-12,0.749,7.633,16.69,22.25,29.47,5.6985
2007-11-13,0.0,7.831,16.2,22.11,26.99,5.219
2007-11-14,39.959,8.645,17.17,23.81,26.24,5.0739
2007-11-15,0.0,9.428,15.78,23.73,18.33,3.5444
2007-11-16,6.451,8.209,17.55,23.62,17.52,3.3878
2007-11-17,5.309,7.34,17.89,22.94,16.11,3.1151
2007-11-18,0.0,8.143,17.48,23.53,14.33,2.7709
2007-11-19,0.0,9.618,16.69,24.69,12.9,2.4944
2007-11-20,0.0,11.079,15.2,25.47,11.11,2.1483
2007-11-21,0.0,9.586,16.33,24.42,11.35,2.1947
2007-11-22,2.107,9.656,16.73,24.81,26.9,5.2016
2007-11-23,0.0,7.739,17.73,23.33,14.42,2.7883
2007-11-24,37.017,7.612,16.72,22.39,20.18,3.9021
2007-11-25,16.053,8.254,17.66,23.88,19.02,3.6778
2007-11-26,0.0,9.133,16.62,24.16,17.14,3.3143
2007-11-27,0.0,10.224,15.97,25.05,13.22,2.5563
2007-11-28,5.506,8.317,17.98,24.23,11.89,2.2991
2007-11-29,0.0,8.326,16.69,23.27,19.29,3.73
2007-11-30,8.797,7.646,17.25,22.91,19.18,3.7088
2007-12-01,18.239,7.895,16.38,22.53,40.27,7.7869
2007-12-02,0.0,7.79,17.17,23.03,49.59,9.589
2007-12-03,0.0,6.485,16.77,21.22,20.32,3.9292
2007-12-04,0.0,8.957,15.34,23.09,20.16,3.8983
2007-12-05,0.0,8.967,15.36,23.12,13.24,2.5602
2007-12-06,0.0,8.35,15.98,22.83,17.94,3.469
2007-12-07,0.0,8.802,15.5,23.03,22.73,4.3952
2007-12-08,0.0,8.366,16.67,23.38,15.39,2.9759
2007-12-09,0.0,7.426,16.64,22.23,16.36,3.1635
2007-12-10,0.0,7.733,17.23,23.06,20.23,3.9118
2007-12-11,0.0,9.317,15.19,23.48,21.55,4.167
2007-12-12,0.0,7.675,16.89,22.73,21.91,4.2367
2007-12-13,33.575,7.247,16.69,22.08,54.52,10.5423
2007-12-14,19.889,6.406,16.78,21.19,49.34,9.5407
2007-12-15,30.812,6.242,17.0,21.19,43.65,8.4404
2007-12-16,8.494,8.162,16.36,22.92,93.53,18.0856
2007-12-17,7.277,6.993,16.03,21.27,40.21,7.7753
2007-12-18,13.742,8.391,16.05,22.97,71.42,13.8102
2007-12-19,7.032,6.819,16.34,21.31,88.12,17.0395
2007-12-20,0.0,7.094,16.75,21.95,42.99,8.3128
2007-12-21,0.0,8.596,16.5,23.56,29.9,5.7817
2007-12-22,0.0,7.434,16.34,22.05,68.51,13.2475
2007-12-23,0.0,8.299,16.7,23.34,24.08,4.6563
2007-12-24,0.0,8.626,16.41,23.52,21.57,4.1709
2007-12-25,44.399,7.125,17.58,22.64,23.18,4.4822
2007-12-26,27.662,6.966,17.52,22.41,16.63,3.2157
2007-12-27,14.086,8.575,17.44,24.22,20.67,3.9969
2007-12-28,1.462,8.767,17.11,24.2,32.19,6.2245
2007-12-29,0.0,8.885,17.41,24.56,28.56,5.5225
2007-12-30,0.0,8.964,16.89,24.27,16.67,3.2234
2007-12-31,0.0,7.877,17.48,23.42,10.67,2.0632
2008-01-01,0.0,8.71,17.14,24.12,14.38,2.7806
2008-01-02,0.0,7.119,17.5,22.53,12.77,2.4693
2008-01-03,0.0,7.374,17.0,22.42,11.06,2.1386
2008-01-04,0.0,9.98,15.78,24.67,9.602,1.8567
2008-01-05,0.0,7.408,17.95,23.2,9.082,1.7562
2008-01-06,0.0,9.144,17.81,25.11,8.499,1.6434
2008-01-07,0.0,8.612,17.45,24.19,8.117,1.5696
2008-01-08,1.974,7.699,17.92,23.48,11.4,2.2044
2008-01-09,61.343,6.044,17.38,21.2,20.21,3.9079
2008-01-10,0.0,8.023,16.55,22.77,14.46,2.7961
2008-01-11,0.0,7.634,17.69,23.2,13.44,2.5988
2008-01-12,0.0,8.406,16.72,23.33,12.02,2.3243
2008-01-13,0.0,8.963,15.94,23.41,10.58,2.0458
2008-01-14,0.0,8.101,16.14,22.5,9.99,1.9317
2008-01-15,0.0,8.635,16.33,23.27,8.953,1.7312
2008-01-16,32.107,7.5,16.64,22.16,36.09,6.9786
2008-01-17,1.753,8.321,17.47,23.73,20.87,4.0356
2008-01-18,0.0,9.525,15.98,24.05,24.12,4.664
2008-01-19,0.0,9.688,15.94,24.2,13.73,2.6549
2008-01-20,0.0,8.961,17.39,24.38,11.49,2.2218
2008-01-21,0.0,8.395,15.77,22.47,10.04,1.9414
2008-01-22,0.0,9.578,16.31,24.28,8.747,1.6914
2008-01-23,0.0,10.235,16.39,25.11,8.092,1.5647
2008-01-24,0.0,9.51,17.56,25.08,7.65,1.4793
2008-01-25,0.0,8.785,18.22,24.72,7.408,1.4325
2008-01-26,20.127,7.744,18.12,23.47,13.47,2.6046
2008-01-27,0.0,5.67,18.45,21.59,13.95,2.6975
2008-01-28,0.0,8.945,16.22,23.34,11.92,2.3049
2008-01-29,0.0,9.428,14.67,22.78,10.57,2.0439
2008-01-30,0.0,8.277,16.0,22.36,9.462,1.8296
2008-01-31,0.0,7.638,16.06,21.66,8.156,1.5771
2008-02-01,0.0,8.843,16.58,23.42,7.675,1.4841
2008-02-02,0.0,8.978,15.14,22.5,7.167,1.3859
2008-02-03,0.0,9.159,15.34,22.84,6.833,1.3213
2008-02-04,0.0,10.503,15.31,24.42,6.55,1.2666
2008-02-05,0.0,11.615,14.64,25.31,6.358,1.2294
2008-02-06,0.0,9.008,17.14,23.95,6.2,1.1989
2008-02-07,0.0,10.622,16.42,25.28,6.115,1.1824
2008-02-08,0.0,10.296,17.27,25.48,5.959,1.1523
2008-02-09,0.522,10.433,16.31,24.94,5.86,1.1331
2008-02-10,0.0,8.191,17.7,23.42,7.557,1.4613
2008-02-11,0.503,9.232,16.42,23.58,8.754,1.6927
2008-02-12,0.895,11.128,16.33,25.7,8.919,1.7246
2008-02-13,0.485,9.863,18.12,25.53,8.555,1.6543
2008-02-14,0.634,8.738,17.72,23.95,7.333,1.418
2008-02-15,0.0,10.509,17.7,25.91,7.4,1.4309
2008-02-16,17.355,7.654,17.61,22.67,7.615,1.4725
2008-02-17,64.995,8.024,17.47,22.94,14.02,2.711
2008-02-18,21.921,9.099,16.59,23.44,17.71,3.4245
2008-02-19,0.889,7.885,17.09,22.47,46.74,9.0379
2008-02-20,1.421,8.583,17.34,23.41,54.04,10.4495
2008-02-21,14.895,8.541,17.08,23.14,75.24,14.5489
2008-02-22,0.625,8.523,16.73,22.84,69.14,13.3694
2008-02-23,0.0,9.143,17.58,24.16,30.55,5.9073
2008-02-24,0.0,8.651,17.58,23.61,18.76,3.6276
2008-02-25,0.0,7.698,18.0,22.94,17.35,3.3549
2008-02-26,0.0,9.038,17.55,23.98,16.13,3.119
2008-02-27,0.0,8.636,17.08,23.17,33.69,6.5145
2008-02-28,0.0,6.454,17.72,21.42,25.13,4.8593
2008-02-29,0.0,9.435,17.36,24.23,19.09,3.6914
2008-03-01,0.0,10.77,17.03,25.48,15.34,2.9662
2008-03-02,0.0,9.996,18.27,25.52,12.88,2.4906
2008-03-03,3.566,9.54,18.08,24.86,10.7,2.069
2008-03-04,0.0,8.598,17.95,23.75,10.4,2.011
2008-03-05,10.391,9.493,17.08,24.03,32.04,6.1955
2008-03-06,0.0,8.644,17.17,23.17,13.68,2.6453
2008-03-07,13.036,9.27,16.72,23.5,18.1,3.4999
2008-03-08,0.0,8.397,17.61,23.23,44.13,8.5333
2008-03-09,0.0,8.591,16.88,22.88,46.87,9.0631
2008-03-10,0.0,8.5,17.97,23.62,30.58,5.9131
2008-03-11,0.0,8.69,17.72,23.61,179.7,34.748
2008-03-12,0.0,9.195,17.19,23.73,72.5,14.0191
2008-03-13,28.557,6.862,17.38,21.45,72.95,14.1061
2008-03-14,30.259,6.168,16.47,20.02,41.14,7.9551
2008-03-15,0.0,9.081,15.98,22.69,34.1,6.5938
2008-03-16,0.0,10.478,16.66,24.73,20.96,4.053
2008-03-17,13.019,8.502,18.11,23.7,17.08,3.3027
2008-03-18,0.0,11.602,16.12,25.62,15.24,2.9469
2008-03-19,0.0,10.34,17.86,25.45,13.43,2.5969
2008-03-20,0.0,8.774,18.41,24.2,14.47,2.798
2008-03-21,1.436,9.49,18.06,24.69,14.24,2.7535
2008-03-22,14.727,10.033,18.45,25.56,15.39,2.9759
2008-03-23,0.0,9.594,18.66,25.27,15.85,3.0649
2008-03-24,4.874,10.27,17.48,25.09,17.77,3.4361
2008-03-25,9.262,9.378,17.34,24.02,15.43,2.9836
2008-03-26,14.898,10.136,16.62,24.31,17.03,3.293
2008-03-27,1.739,9.456,18.3,24.83,11.67,2.2566
2008-03-28,27.347,8.014,19.06,23.97,11.42,2.2082
2008-03-29,0.0,7.517,18.55,23.05,14.28,2.7613
2008-03-30,0.0,8.64,18.02,23.77,15.6,3.0165
2008-03-31,17.492,8.148,17.41,22.78,16.63,3.2157
2008-04-01,18.3,7.444,16.7,21.48,72.18,13.9572
2008-04-02,0.0,9.05,17.08,23.48,30.52,5.9015
2008-04-03,0.0,9.595,16.11,23.36,20.08,3.8828
2008-04-04,0.0,10.051,15.48,23.42,22.26,4.3043
2008-04-05,10.804,9.494,15.66,22.92,21.92,4.2386
2008-04-06,0.0,8.838,15.88,22.36,13.98,2.7033
2008-04-07,26.238,7.911,17.05,22.28,17.44,3.3723
2008-04-08,0.0,9.428,16.73,23.67,12.9,2.4944
2008-04-09,23.32,8.602,15.64,21.94,12.27,2.3726
2008-04-10,5.176,8.486,16.61,22.56,17.7,3.4226
2008-04-11,28.537,8.11,16.17,21.83,36.45,7.0482
2008-04-12,5.363,8.128,17.06,22.55,19.35,3.7416
2008-04-13,0.0,7.388,16.81,21.58,52.15,10.0841
2008-04-14,4.541,7.526,16.7,21.64,38.31,7.4079
2008-04-15,0.672,8.451,15.95,22.06,23.12,4.4706
2008-04-16,0.0,9.649,16.47,23.8,22.45,4.3411
2008-04-17,0.0,9.405,16.92,23.88,15.68,3.032
2008-04-18,2.833,9.451,16.75,23.81,13.1,2.5331
2008-04-19,5.587,7.516,17.42,22.25,16.48,3.1867
2008-04-20,8.132,10.657,16.59,25.08,19.37,3.7455
2008-04-21,21.283,8.4,18.17,23.8,16.14,3.1209
2008-04-22,0.0,10.828,16.47,25.22,23.45,4.5344
2008-04-23,8.33,8.227,17.03,22.73,17.82,3.4458
2008-04-24,7.98,7.429,17.33,22.14,18.03,3.4864
2008-04-25,6.99,7.317,17.11,21.86,14.28,2.7613
2008-04-26,13.999,7.56,17.36,22.31,18.85,3.645
2008-04-27,21.592,6.924,17.23,21.56,22.54,4.3585
2008-04-28,8.171,9.598,16.61,24.0,23.97,4.635
2008-04-29,0.0,10.386,17.06,25.25,18.85,3.645
2008-04-30,0.0,9.865,16.47,24.23,14.44,2.7922
2008-05-01,6.641,8.663,16.17,22.66,23.2,4.4861
2008-05-02,28.665,8.135,16.56,22.38,35.67,6.8974
2008-05-03,0.0,8.196,17.0,22.8,42.46,8.2103
2008-05-04,15.812,6.666,16.91,21.09,24.99,4.8322
2008-05-05,0.0,9.297,16.91,23.98,28.31,5.4742
2008-05-06,3.2,9.151,17.89,24.58,26.78,5.1784
2008-05-07,0.0,9.999,17.59,25.33,16.72,3.2331
2008-05-08,0.0,8.115,18.03,23.58,13.49,2.6085
2008-05-09,5.82,7.754,17.97,23.16,12.07,2.3339
2008-05-10,0.0,11.337,15.42,25.41,10.97,2.1212
2008-05-11,0.0,11.095,15.16,24.95,10.16,1.9646
2008-05-12,0.0,8.909,17.58,24.16,9.695,1.8747
2008-05-13,0.0,9.911,16.75,24.7,10.27,1.9859
2008-05-14,1.769,10.036,17.7,25.56,9.695,1.8747
2008-05-15,0.0,9.501,17.41,24.75,15.22,2.943
2008-05-16,0.0,7.656,17.88,23.06,14.44,2.7922
2008-05-17,7.362,7.432,17.19,22.28,22.05,4.2637
2008-05-18,1.087,9.727,15.91,23.95,24.43,4.7239
2008-05-19,11.299,9.212,16.97,24.14,17.0,3.2872
2008-05-20,6.38,7.346,16.72,21.84,85.5,16.5328
2008-05-21,33.206,7.901,16.52,22.31,54.75,10.5868
2008-05-22,2.82,6.197,16.61,20.53,30.35,5.8687
2008-05-23,12.997,6.693,15.89,20.48,64.45,12.4625
2008-05-24,21.164,6.759,16.94,21.42,47.83,9.2487
2008-05-25,39.694,7.916,15.91,21.91,126.4,24.4415
2008-05-26,2.877,6.477,17.12,21.28,59.35,11.4763
2008-05-27,26.077,7.676,16.28,21.94,51.47,9.9526
2008-05-28,14.685,5.687,16.91,20.31,44.28,8.5623
2008-05-29,0.0,7.49,15.75,21.33,28.83,5.5748
2008-05-30,6.214,7.774,16.5,22.25,26.63,5.1493
2008-05-31,9.681,9.012,16.47,23.69,23.15,4.4764
2008-06-01,3.636,8.716,17.2,23.91,19.26,3.7242
2008-06-02,0.0,7.409,17.94,23.0,16.01,3.0958
2008-06-03,1.139,7.352,16.75,22.0,20.05,3.877
2008-06-04,0.0,8.675,16.52,23.36,22.09,4.2715
2008-06-05,0.0,8.668,16.89,23.64,18.08,3.4961
2008-06-06,0.0,7.634,16.95,22.5,15.54,3.0049
2008-06-07,4.238,8.575,16.25,23.06,19.88,3.8441
2008-06-08,3.0,7.643,16.56,22.22,17.1,3.3066
2008-06-09,0.0,8.892,16.14,23.38,16.01,3.0958
2008-06-10,10.79,7.703,16.62,22.34,15.38,2.974
2008-06-11,3.194,7.92,17.06,22.94,12.86,2.4867
2008-06-12,0.0,9.746,16.08,24.39,12.23,2.3649
2008-06-13,0.0,9.519,17.48,25.14,12.07,2.3339
2008-06-14,5.624,7.867,17.78,23.45,11.44,2.2121
2008-06-15,3.364,8.974,16.55,23.81,11.44,2.2121
2008-06-16,0.756,8.411,17.12,23.59,12.07,2.3339
2008-06-17,12.74,7.062,17.8,22.58,11.92,2.3049
2008-06-18,0.0,7.283,17.47,22.56,10.71,2.071
2008-06-19,0.0,9.647,16.17,24.36,14.91,2.8831
2008-06-20,14.573,9.339,17.72,25.12,25.06,4.8458
2008-06-21,31.373,9.152,15.86,23.53,14.91,2.8831
2008-06-22,0.0,8.144,16.36,22.7,18.63,3.6024
2008-06-23,0.0,9.069,15.89,23.45,14.28,2.7613
2008-06-24,1.9,8.741,15.97,23.11,17.81,3.4439
2008-06-25,0.0,8.155,15.97,22.41,16.9,3.2679
2008-06-26,0.0,9.022,16.88,24.12,14.44,2.7922
2008-06-27,14.684,10.209,15.67,24.7,22.58,4.3662
2008-06-28,1.341,6.81,17.36,21.95,15.54,3.0049
2008-06-29,0.0,6.795,16.94,21.59,12.23,2.3649
2008-06-30,0.0,8.769,16.31,23.39,12.07,2.3339
2008-07-01,2.961,8.266,16.66,23.05,13.02,2.5176
2008-07-02,1.712,6.883,16.94,21.67,15.95,3.0842
2008-07-03,0.0,8.39,16.81,23.3,13.65,2.6395
2008-07-04,0.0,8.738,16.19,23.23,14.12,2.7303
2008-07-05,0.0,8.53,16.11,22.92,12.39,2.3958
2008-07-06,0.0,8.075,16.91,22.98,11.13,2.1522
2008-07-07,0.0,8.933,16.72,23.84,11.76,2.274
2008-07-08,11.36,8.035,16.72,22.78,11.13,2.1522
2008-07-09,2.474,8.477,16.95,23.47,10.97,2.1212
2008-07-10,8.482,6.577,16.12,20.64,11.29,2.1831
2008-07-11,0.0,9.014,16.12,23.47,13.18,2.5486
2008-07-12,0.0,8.275,16.48,22.86,13.18,2.5486
2008-07-13,0.0,8.168,17.11,23.2,10.82,2.0922
2008-07-14,13.785,7.546,15.89,21.53,10.39,2.0091
2008-07-15,2.999,7.397,16.27,21.64,12.96,2.506
2008-07-16,0.0,8.329,15.98,22.5,11.44,2.2121
2008-07-17,0.0,8.805,15.89,23.0,9.58,1.8525
2008-07-18,0.0,7.843,16.2,22.08,9.005,1.7413
2008-07-19,16.542,8.078,16.81,22.81,8.545,1.6523
2008-07-20,0.0,9.068,16.67,23.84,14.12,2.7303
2008-07-21,0.0,9.454,16.34,24.05,11.76,2.274
2008-07-22,0.0,8.731,15.97,22.91,9.58,1.8525
2008-07-23,0.0,10.63,15.69,24.97,9.235,1.7857
2008-07-24,11.052,10.922,15.77,25.38,8.215,1.5885
2008-07-25,0.0,9.282,17.67,24.78,7.3,1.4116
2008-07-26,6.449,7.917,17.36,22.98,7.1,1.3729
2008-07-27,0.0,10.246,16.64,25.12,7.6,1.4696
2008-07-28,0.0,8.715,17.3,23.81,8.315,1.6078
2008-07-29,0.0,9.103,17.69,24.55,8.215,1.5885
2008-07-30,3.233,8.906,16.11,23.11,7.4,1.4309
2008-07-31,0.0,8.673,17.11,23.59,10.78,2.0845
2008-08-01,0.0,10.938,15.92,25.36,9.35,1.808
2008-08-02,14.247,10.386,16.06,24.78,9.005,1.7413
2008-08-03,0.0,9.745,16.78,24.53,10.31,1.9936
2008-08-04,5.548,10.377,16.8,25.27,8.775,1.6968
2008-08-05,0.0,10.561,17.03,25.64,7.8,1.5083
2008-08-06,0.677,8.316,17.03,23.05,7.5,1.4502
2008-08-07,1.641,12.53,15.06,26.59,7.7,1.4889
2008-08-08,0.0,11.191,15.12,25.0,7.0,1.3536
2008-08-09,0.0,11.198,16.14,25.69,6.5,1.2569
2008-08-10,0.0,9.435,17.31,24.47,6.3,1.2182
2008-08-11,4.618,8.881,16.83,23.47,6.6,1.2762
2008-08-12,0.0,9.802,15.45,23.5,8.55,1.6533
2008-08-13,1.188,9.518,15.84,23.44,11.76,2.274
2008-08-14,10.273,10.525,16.42,25.02,9.465,1.8302
2008-08-15,0.0,10.068,16.78,24.73,9.005,1.7413
2008-08-16,0.0,10.003,16.67,24.56,12.86,2.4867
2008-08-17,4.89,8.029,16.53,22.22,17.45,3.3742
2008-08-18,18.71,7.916,15.98,21.66,15.98,3.09
2008-08-19,13.666,8.73,16.58,23.02,10.54,2.0381
2008-08-20,0.0,9.525,16.31,23.7,11.02,2.1309
2008-08-21,0.0,9.074,16.53,23.34,13.33,2.5776
2008-08-22,0.0,10.146,15.75,23.98,16.11,3.1151
2008-08-23,18.363,9.921,16.12,23.98,30.26,5.8513
2008-08-24,11.205,8.0,17.39,22.8,30.1,5.8203
2008-08-25,7.474,9.927,16.08,23.94,28.83,5.5748
2008-08-26,0.0,9.321,16.8,23.77,13.22,2.5563
2008-08-27,0.0,9.806,16.42,24.03,9.235,1.7857
2008-08-28,0.0,9.759,16.66,24.14,9.35,1.808
2008-08-29,0.0,9.153,17.14,23.81,13.34,2.5795
2008-08-30,23.738,9.515,16.47,23.7,17.9,3.4613
2008-08-31,0.0,8.674,17.25,23.36,10.97,2.1212
2008-09-01,0.0,10.058,17.14,24.8,16.63,3.2157
2008-09-02,0.0,10.055,17.53,25.08,15.78,3.0513
2008-09-03,0.0,8.127,17.34,22.83,11.92,2.3049
2008-09-04,0.0,7.899,17.88,23.02,15.79,3.0533
2008-09-05,24.485,9.989,17.28,24.8,20.27,3.9195
2008-09-06,0.0,10.545,16.77,25.05,10.9,2.1077
2008-09-07,14.175,9.372,17.78,24.48,9.005,1.7413
2008-09-08,0.0,11.1,15.44,24.73,8.66,1.6746
2008-09-09,0.271,8.642,18.31,24.11,8.0,1.5469
2008-09-10,0.0,9.867,16.92,24.38,7.3,1.4116
2008-09-11,0.0,11.771,16.67,26.34,6.7,1.2956
2008-09-12,0.0,12.579,15.58,26.53,6.3,1.2182
2008-09-13,0.0,12.031,17.22,27.02,6.03,1.166
2008-09-14,0.0,10.822,17.0,25.5,6.03,1.166
2008-09-15,10.438,11.015,15.97,24.98,6.03,1.166
2008-09-16,0.0,9.361,17.52,24.25,6.8,1.3149
2008-09-17,0.0,10.413,16.66,24.78,7.6,1.4696
2008-09-18,0.0,11.548,15.7,25.41,7.8,1.5083
2008-09-19,2.372,7.334,16.28,21.11,7.5,1.4502
2008-09-20,2.702,9.971,17.23,24.72,6.7,1.2956
2008-09-21,0.0,10.532,16.27,24.64,7.2,1.3922
2008-09-22,24.947,8.996,17.28,23.69,6.9,1.3342
2008-09-23,0.0,8.717,16.58,22.84,7.3,1.4116
2008-09-24,4.364,9.416,17.72,24.48,11.02,2.1309
2008-09-25,7.435,9.139,17.31,23.88,9.235,1.7857
2008-09-26,0.0,10.471,17.16,25.23,9.235,1.7857
2008-09-27,0.856,9.39,17.58,24.36,8.315,1.6078
2008-09-28,0.0,11.266,15.8,25.19,13.33,2.5776
2008-09-29,0.0,10.888,16.34,25.14,9.58,1.8525
2008-09-30,0.0,10.795,16.5,25.16,8.43,1.6301
2008-10-01,0.0,9.436,16.0,23.25,9.35,1.808
2008-10-02,13.096,11.481,15.52,25.28,9.925,1.9192
2008-10-03,0.0,10.841,15.55,24.56,8.89,1.719
2008-10-04,15.605,8.206,17.62,23.17,13.65,2.6395
2008-10-05,13.056,7.731,17.31,22.42,7.7,1.4889
2008-10-06,0.358,8.648,16.19,22.55,14.25,2.7555
2008-10-07,25.559,7.247,16.45,21.23,16.45,3.1809
2008-10-08,0.0,11.168,16.08,25.38,10.41,2.0129
2008-10-09,0.0,10.097,17.0,24.83,9.35,1.808
2008-10-10,3.507,8.914,16.77,23.33,8.66,1.6746
2008-10-11,6.548,9.716,16.42,23.98,9.695,1.8747
2008-10-12,41.674,7.151,17.11,21.7,51.2,9.9004
2008-10-13,0.0,7.599,17.39,22.41,15.93,3.0803
2008-10-14,41.877,8.336,16.94,22.86,67.07,12.9691
2008-10-15,0.784,9.04,17.7,24.23,20.9,4.0414
2008-10-16,2.313,9.565,16.66,24.05,19.67,3.8035
2008-10-17,4.869,9.744,17.38,24.8,18.05,3.4903
2008-10-18,0.0,8.876,17.42,23.88,38.58,7.4601
2008-10-19,6.939,10.7,16.59,25.36,14.44,2.7922
2008-10-20,9.059,8.499,17.48,23.53,27.72,5.3601
2008-10-21,7.757,9.588,16.92,24.34,13.65,2.6395
2008-10-22,0.0,10.015,15.88,24.09,11.6,2.2431
2008-10-23,0.0,10.315,17.42,25.58,12.07,2.3339
2008-10-24,0.0,11.053,15.42,25.05,11.69,2.2605
2008-10-25,0.0,8.405,16.03,22.39,9.695,1.8747
2008-10-26,0.0,8.262,17.73,23.55,9.695,1.8747
2008-10-27,41.966,8.959,17.89,24.45,16.3,3.1519
2008-10-28,3.116,7.643,17.3,22.55,34.64,6.6982
2008-10-29,0.0,8.676,17.2,23.64,38.26,7.3982
2008-10-30,0.0,10.375,15.86,24.66,15.38,2.974
2008-10-31,14.2,9.138,17.12,24.14,15.22,2.943
2008-11-01,14.299,6.131,18.52,22.03,28.13,5.4394
2008-11-02,17.515,8.527,17.08,23.44,43.72,8.454
2008-11-03,19.42,6.99,16.86,21.56,65.52,12.6694
2008-11-04,31.594,6.813,16.5,21.09,36.95,7.1449
2008-11-05,0.0,8.292,16.59,22.84,29.08,5.6231
2008-11-06,0.0,9.221,16.25,23.69,23.72,4.5867
2008-11-07,0.0,8.828,16.84,23.69,25.41,4.9134
2008-11-08,0.0,7.236,17.75,22.62,20.28,3.9215
2008-11-09,0.0,8.817,16.17,23.2,22.54,4.3585
2008-11-10,0.0,9.315,17.0,24.42,15.07,2.914
2008-11-11,0.0,9.414,17.09,24.62,16.85,3.2582
2008-11-12,26.724,8.358,17.3,23.56,27.63,5.3427
2008-11-13,9.438,6.052,17.25,21.0,18.06,3.4922
2008-11-14,35.338,8.078,17.23,23.22,85.55,16.5425
2008-11-15,,,,,,
2008-11-16,3.863,7.731,17.19,22.81,50.01,9.6703
2008-11-17,0.0,8.036,16.66,22.77,52.97,10.2426
2008-11-18,44.15,6.977,17.28,22.06,131.1,25.3503
2008-11-19,0.0,8.783,17.23,24.11,51.56,9.97
2008-11-20,62.572,7.045,17.08,22.0,112.2,21.6957
2008-11-21,0.0,7.706,16.92,22.64,57.24,11.0683
2008-11-22,0.0,7.996,17.2,23.2,122.1,23.61
2008-11-23,66.97,7.224,17.28,22.39,52.89,10.2272
2008-11-24,20.522,8.903,17.02,24.16,35.14,6.7949
2008-11-25,23.289,7.306,16.55,21.92,66.81,12.9188
2008-11-26,69.367,4.195,17.47,19.48,133.9,25.8918
2008-11-27,0.0,7.128,16.94,22.05,41.75,8.073
2008-11-28,0.0,7.095,17.97,22.84,53.36,10.318
2008-11-29,13.392,7.495,17.02,22.55,46.14,8.9219
2008-11-30,0.0,7.686,17.3,23.0,82.29,15.9121
2008-12-01,45.574,7.646,16.61,22.42,71.3,13.787
2008-12-02,54.444,6.89,16.55,21.5,69.53,13.4448
2008-12-03,0.0,8.798,16.05,23.41,44.29,8.5642
2008-12-04,2.428,8.128,17.92,24.03,44.29,8.5642
2008-12-05,0.0,8.972,15.81,23.47,32.28,6.2419
2008-12-06,0.0,8.492,17.27,23.97,25.15,4.8632
2008-12-07,1.841,7.128,16.89,22.08,23.98,4.6369
2008-12-08,10.908,6.762,17.33,22.02,25.0,4.8342
2008-12-09,0.0,8.839,16.95,24.17,19.67,3.8035
2008-12-10,0.0,7.558,17.61,23.16,47.04,9.096
2008-12-11,16.679,7.998,16.7,22.98,15.07,2.914
2008-12-12,12.793,7.964,16.97,23.14,22.9,4.4281
2008-12-13,0.0,7.6,15.86,21.86,20.28,3.9215
2008-12-14,0.0,6.048,17.69,21.55,18.44,3.5657
2008-12-15,0.0,8.384,17.59,24.12,24.06,4.6524
2008-12-16,2.447,9.156,16.84,24.5,20.9,4.0414
2008-12-17,0.0,8.748,15.36,22.91,15.38,2.974
2008-12-18,0.0,8.176,16.77,23.25,13.49,2.6085
2008-12-19,0.0,7.925,16.08,22.42,14.91,2.8831
2008-12-20,0.0,7.697,16.58,22.53,19.58,3.7861
2008-12-21,0.0,7.037,16.34,21.56,19.06,3.6856
2008-12-22,0.0,7.703,16.67,22.61,15.38,2.974
2008-12-23,0.0,7.853,16.0,22.27,29.08,5.6231
2008-12-24,0.0,9.246,16.58,24.41,20.69,4.0008
2008-12-25,0.0,8.166,17.31,23.64,17.26,3.3375
2008-12-26,0.0,7.387,17.66,23.0,14.75,2.8522
2008-12-27,0.0,9.183,15.78,23.73,13.33,2.5776
2008-12-28,0.0,8.943,16.44,23.91,11.76,2.274
2008-12-29,0.0,8.234,16.45,23.05,10.66,2.0613
2008-12-30,0.0,7.855,17.09,23.08,11.29,2.1831
2008-12-31,0.0,8.771,16.83,23.97,10.04,1.9414
